benchmark_id,operator,finding_key,nap_detected,gte_detected,source_evidence_present,gte_rule_id,gte_severity,gte_occurrence_count,comparison_class,notes
002,Ancebus,NAP_ERROR_COUNT,false,true,true,GTFS_BP_TRIP_WITHOUT_SHAPE;GTFS_SHAPE_GEOMETRY_INVALID,mixed,12,NOT_COMPARABLE,NAP aporta agregado/estado; no aporta rule_id comparable.
002,Ancebus,NAP_WARNING_COUNT,false,true,true,GTFS_BP_TRIP_WITHOUT_SHAPE;GTFS_SHAPE_GEOMETRY_INVALID,mixed,12,NOT_COMPARABLE,NAP aporta agregado/estado; no aporta rule_id comparable.
002,Ancebus,NAP_VALIDATION_STATUS,true,true,true,GTFS_BP_TRIP_WITHOUT_SHAPE;GTFS_SHAPE_GEOMETRY_INVALID,mixed,12,NOT_COMPARABLE,NAP aporta agregado/estado; no aporta rule_id comparable.
002,Ancebus,GTE_RULE:GTFS_BP_TRIP_WITHOUT_SHAPE,null,true,true,GTFS_BP_TRIP_WITHOUT_SHAPE,NOTICE,6,UNKNOWN,"No existe detalle NAP por regla para decidir BOTH_DETECT, GTE_ONLY o NAP_ONLY."
002,Ancebus,GTE_RULE:GTFS_SHAPE_GEOMETRY_INVALID,null,true,true,GTFS_SHAPE_GEOMETRY_INVALID,ERROR,6,UNKNOWN,"No existe detalle NAP por regla para decidir BOTH_DETECT, GTE_ONLY o NAP_ONLY."
005,Viagón,NAP_ERROR_COUNT,false,true,true,GTFS_BP_STOP_WITHOUT_STOP_TIMES;GTFS_BP_TRIP_WITHOUT_SHAPE;GTFS_EXTRA_HEADER;GTFS_SHAPE_GEOMETRY_INVALID,mixed,56,NOT_COMPARABLE,NAP aporta agregado/estado; no aporta rule_id comparable.
005,Viagón,NAP_WARNING_COUNT,true,true,true,GTFS_BP_STOP_WITHOUT_STOP_TIMES;GTFS_BP_TRIP_WITHOUT_SHAPE;GTFS_EXTRA_HEADER;GTFS_SHAPE_GEOMETRY_INVALID,mixed,56,NOT_COMPARABLE,NAP aporta agregado/estado; no aporta rule_id comparable.
005,Viagón,NAP_VALIDATION_STATUS,true,true,true,GTFS_BP_STOP_WITHOUT_STOP_TIMES;GTFS_BP_TRIP_WITHOUT_SHAPE;GTFS_EXTRA_HEADER;GTFS_SHAPE_GEOMETRY_INVALID,mixed,56,NOT_COMPARABLE,NAP aporta agregado/estado; no aporta rule_id comparable.
005,Viagón,GTE_RULE:GTFS_BP_STOP_WITHOUT_STOP_TIMES,null,true,true,GTFS_BP_STOP_WITHOUT_STOP_TIMES,NOTICE,1,UNKNOWN,"No existe detalle NAP por regla para decidir BOTH_DETECT, GTE_ONLY o NAP_ONLY."
005,Viagón,GTE_RULE:GTFS_BP_TRIP_WITHOUT_SHAPE,null,true,true,GTFS_BP_TRIP_WITHOUT_SHAPE,NOTICE,22,UNKNOWN,"No existe detalle NAP por regla para decidir BOTH_DETECT, GTE_ONLY o NAP_ONLY."
005,Viagón,GTE_RULE:GTFS_EXTRA_HEADER,null,true,true,GTFS_EXTRA_HEADER,NOTICE,1,UNKNOWN,"No existe detalle NAP por regla para decidir BOTH_DETECT, GTE_ONLY o NAP_ONLY."
005,Viagón,GTE_RULE:GTFS_EXTRA_HEADER,null,true,true,GTFS_EXTRA_HEADER,NOTICE,1,UNKNOWN,"No existe detalle NAP por regla para decidir BOTH_DETECT, GTE_ONLY o NAP_ONLY."
005,Viagón,GTE_RULE:GTFS_EXTRA_HEADER,null,true,true,GTFS_EXTRA_HEADER,NOTICE,1,UNKNOWN,"No existe detalle NAP por regla para decidir BOTH_DETECT, GTE_ONLY o NAP_ONLY."
005,Viagón,GTE_RULE:GTFS_EXTRA_HEADER,null,true,true,GTFS_EXTRA_HEADER,NOTICE,1,UNKNOWN,"No existe detalle NAP por regla para decidir BOTH_DETECT, GTE_ONLY o NAP_ONLY."
005,Viagón,GTE_RULE:GTFS_EXTRA_HEADER,null,true,true,GTFS_EXTRA_HEADER,NOTICE,1,UNKNOWN,"No existe detalle NAP por regla para decidir BOTH_DETECT, GTE_ONLY o NAP_ONLY."
005,Viagón,GTE_RULE:GTFS_EXTRA_HEADER,null,true,true,GTFS_EXTRA_HEADER,NOTICE,1,UNKNOWN,"No existe detalle NAP por regla para decidir BOTH_DETECT, GTE_ONLY o NAP_ONLY."
005,Viagón,GTE_RULE:GTFS_EXTRA_HEADER,null,true,true,GTFS_EXTRA_HEADER,NOTICE,1,UNKNOWN,"No existe detalle NAP por regla para decidir BOTH_DETECT, GTE_ONLY o NAP_ONLY."
005,Viagón,GTE_RULE:GTFS_EXTRA_HEADER,null,true,true,GTFS_EXTRA_HEADER,NOTICE,1,UNKNOWN,"No existe detalle NAP por regla para decidir BOTH_DETECT, GTE_ONLY o NAP_ONLY."
005,Viagón,GTE_RULE:GTFS_EXTRA_HEADER,null,true,true,GTFS_EXTRA_HEADER,NOTICE,1,UNKNOWN,"No existe detalle NAP por regla para decidir BOTH_DETECT, GTE_ONLY o NAP_ONLY."
005,Viagón,GTE_RULE:GTFS_EXTRA_HEADER,null,true,true,GTFS_EXTRA_HEADER,NOTICE,1,UNKNOWN,"No existe detalle NAP por regla para decidir BOTH_DETECT, GTE_ONLY o NAP_ONLY."
005,Viagón,GTE_RULE:GTFS_EXTRA_HEADER,null,true,true,GTFS_EXTRA_HEADER,NOTICE,1,UNKNOWN,"No existe detalle NAP por regla para decidir BOTH_DETECT, GTE_ONLY o NAP_ONLY."
005,Viagón,GTE_RULE:GTFS_SHAPE_GEOMETRY_INVALID,null,true,true,GTFS_SHAPE_GEOMETRY_INVALID,ERROR,22,UNKNOWN,"No existe detalle NAP por regla para decidir BOTH_DETECT, GTE_ONLY o NAP_ONLY."
014,Gilsanz,NAP_ERROR_COUNT,true,true,true,GTFS_AGENCY_TXT_AGENCY_URL_REQUIRED,mixed,1,NOT_COMPARABLE,NAP aporta agregado/estado; no aporta rule_id comparable.
014,Gilsanz,NAP_WARNING_COUNT,true,true,true,GTFS_AGENCY_TXT_AGENCY_URL_REQUIRED,mixed,1,NOT_COMPARABLE,NAP aporta agregado/estado; no aporta rule_id comparable.
014,Gilsanz,NAP_VALIDATION_STATUS,true,true,true,GTFS_AGENCY_TXT_AGENCY_URL_REQUIRED,mixed,1,NOT_COMPARABLE,NAP aporta agregado/estado; no aporta rule_id comparable.
014,Gilsanz,GTE_RULE:GTFS_AGENCY_TXT_AGENCY_URL_REQUIRED,null,true,true,GTFS_AGENCY_TXT_AGENCY_URL_REQUIRED,ERROR,1,UNKNOWN,"No existe detalle NAP por regla para decidir BOTH_DETECT, GTE_ONLY o NAP_ONLY."
019,Bizkaibus,NAP_ERROR_COUNT,false,true,true,GTFS_ROUTES_TXT_CONTINUOUS_DROP_OFF_CONDITIONALLY_FORBIDDEN;GTFS_ROUTES_TXT_CONTINUOUS_PICKUP_CONDITIONALLY_FORBIDDEN;GTFS_STOPS_TXT_WHEELCHAIR_BOARDING_OPTIONAL;GTFS_STOP_TIMES_TXT_CONTINUOUS_PICKUP_CONDITIONALLY_FORBIDDEN,mixed,1040852,NOT_COMPARABLE,NAP aporta agregado/estado; no aporta rule_id comparable.
019,Bizkaibus,NAP_WARNING_COUNT,false,true,true,GTFS_ROUTES_TXT_CONTINUOUS_DROP_OFF_CONDITIONALLY_FORBIDDEN;GTFS_ROUTES_TXT_CONTINUOUS_PICKUP_CONDITIONALLY_FORBIDDEN;GTFS_STOPS_TXT_WHEELCHAIR_BOARDING_OPTIONAL;GTFS_STOP_TIMES_TXT_CONTINUOUS_PICKUP_CONDITIONALLY_FORBIDDEN,mixed,1040852,NOT_COMPARABLE,NAP aporta agregado/estado; no aporta rule_id comparable.
019,Bizkaibus,NAP_VALIDATION_STATUS,true,true,true,GTFS_ROUTES_TXT_CONTINUOUS_DROP_OFF_CONDITIONALLY_FORBIDDEN;GTFS_ROUTES_TXT_CONTINUOUS_PICKUP_CONDITIONALLY_FORBIDDEN;GTFS_STOPS_TXT_WHEELCHAIR_BOARDING_OPTIONAL;GTFS_STOP_TIMES_TXT_CONTINUOUS_PICKUP_CONDITIONALLY_FORBIDDEN,mixed,1040852,NOT_COMPARABLE,NAP aporta agregado/estado; no aporta rule_id comparable.
019,Bizkaibus,GTE_RULE:GTFS_ROUTES_TXT_CONTINUOUS_DROP_OFF_CONDITIONALLY_FORBIDDEN,null,true,true,GTFS_ROUTES_TXT_CONTINUOUS_DROP_OFF_CONDITIONALLY_FORBIDDEN,ERROR,99,UNKNOWN,"No existe detalle NAP por regla para decidir BOTH_DETECT, GTE_ONLY o NAP_ONLY."
019,Bizkaibus,GTE_RULE:GTFS_ROUTES_TXT_CONTINUOUS_PICKUP_CONDITIONALLY_FORBIDDEN,null,true,true,GTFS_ROUTES_TXT_CONTINUOUS_PICKUP_CONDITIONALLY_FORBIDDEN,ERROR,99,UNKNOWN,"No existe detalle NAP por regla para decidir BOTH_DETECT, GTE_ONLY o NAP_ONLY."
019,Bizkaibus,GTE_RULE:GTFS_STOPS_TXT_WHEELCHAIR_BOARDING_OPTIONAL,null,true,true,GTFS_STOPS_TXT_WHEELCHAIR_BOARDING_OPTIONAL,ERROR,1360,UNKNOWN,"No existe detalle NAP por regla para decidir BOTH_DETECT, GTE_ONLY o NAP_ONLY."
019,Bizkaibus,GTE_RULE:GTFS_STOP_TIMES_TXT_CONTINUOUS_PICKUP_CONDITIONALLY_FORBIDDEN,null,true,true,GTFS_STOP_TIMES_TXT_CONTINUOUS_PICKUP_CONDITIONALLY_FORBIDDEN,ERROR,98442,UNKNOWN,"No existe detalle NAP por regla para decidir BOTH_DETECT, GTE_ONLY o NAP_ONLY."
020,Kbus,NAP_ERROR_COUNT,false,true,true,GTFS_STOPS_TXT_WHEELCHAIR_BOARDING_OPTIONAL;GTFS_TRIPS_TXT_BIKES_ALLOWED_OPTIONAL;GTFS_TRIPS_TXT_WHEELCHAIR_ACCESSIBLE_OPTIONAL,mixed,644,NOT_COMPARABLE,NAP aporta agregado/estado; no aporta rule_id comparable.
020,Kbus,NAP_WARNING_COUNT,true,true,true,GTFS_STOPS_TXT_WHEELCHAIR_BOARDING_OPTIONAL;GTFS_TRIPS_TXT_BIKES_ALLOWED_OPTIONAL;GTFS_TRIPS_TXT_WHEELCHAIR_ACCESSIBLE_OPTIONAL,mixed,644,NOT_COMPARABLE,NAP aporta agregado/estado; no aporta rule_id comparable.
020,Kbus,NAP_VALIDATION_STATUS,true,true,true,GTFS_STOPS_TXT_WHEELCHAIR_BOARDING_OPTIONAL;GTFS_TRIPS_TXT_BIKES_ALLOWED_OPTIONAL;GTFS_TRIPS_TXT_WHEELCHAIR_ACCESSIBLE_OPTIONAL,mixed,644,NOT_COMPARABLE,NAP aporta agregado/estado; no aporta rule_id comparable.
020,Kbus,GTE_RULE:GTFS_STOPS_TXT_WHEELCHAIR_BOARDING_OPTIONAL,null,true,true,GTFS_STOPS_TXT_WHEELCHAIR_BOARDING_OPTIONAL,ERROR,88,UNKNOWN,"No existe detalle NAP por regla para decidir BOTH_DETECT, GTE_ONLY o NAP_ONLY."
020,Kbus,GTE_RULE:GTFS_TRIPS_TXT_BIKES_ALLOWED_OPTIONAL,null,true,true,GTFS_TRIPS_TXT_BIKES_ALLOWED_OPTIONAL,ERROR,278,UNKNOWN,"No existe detalle NAP por regla para decidir BOTH_DETECT, GTE_ONLY o NAP_ONLY."
020,Kbus,GTE_RULE:GTFS_TRIPS_TXT_WHEELCHAIR_ACCESSIBLE_OPTIONAL,null,true,true,GTFS_TRIPS_TXT_WHEELCHAIR_ACCESSIBLE_OPTIONAL,ERROR,278,UNKNOWN,"No existe detalle NAP por regla para decidir BOTH_DETECT, GTE_ONLY o NAP_ONLY."
