"document_id","local_file","resolved_path","file_exists","sha256"
"ES-LAW-9-2025","Spain/01_Primary_Law/Ley_9_2025/Ley_9_2025_CONSOLIDATED_2026-03-21.pdf","C:\Users\yeiso\Desktop\Folder\VSCode\Proyectos\Transit Data Lab\03_Compliance\Spain\01_Primary_Law\Ley_9_2025\Ley_9_2025_CONSOLIDATED_2026-03-21.pdf","True","ba40df196ab7bf2ad74b840784b268cd8e75d213533d6aafdcd8c72c0386048c"
"EU-DIR-2010-40","EU/01_Primary_Law/Directive_2010_40_EU/Directive_2010_40_EU_CONSOLIDATED_2023-12-20_ES.pdf","C:\Users\yeiso\Desktop\Folder\VSCode\Proyectos\Transit Data Lab\03_Compliance\EU\01_Primary_Law\Directive_2010_40_EU\Directive_2010_40_EU_CONSOLIDATED_2023-12-20_ES.pdf","True","832deb51ce828b65c6e1b951bdae57194769838d47a0cd3013cc28f1bd420e58"
"EU-DIR-2023-2661","EU/01_Primary_Law/Directive_2023_2661/Directive_EU_2023_2661_ES.pdf","C:\Users\yeiso\Desktop\Folder\VSCode\Proyectos\Transit Data Lab\03_Compliance\EU\01_Primary_Law\Directive_2023_2661\Directive_EU_2023_2661_ES.pdf","True","d9a1a3fb35ae1db13861f8f9c32085bd2f9375d55eb74f979f0c912f86e133ab"
"EU-REG-2011-454","EU/01_Primary_Law/Historical/Regulation_454_2011/Regulation_454_2011_CONSOLIDATED_2019-06-16_ES.pdf","C:\Users\yeiso\Desktop\Folder\VSCode\Proyectos\Transit Data Lab\03_Compliance\EU\01_Primary_Law\Historical\Regulation_454_2011\Regulation_454_2011_CONSOLIDATED_2019-06-16_ES.pdf","True","8daa0f6f9aa6adc52f3b335d551ee2bf5d3c4572b51a9eb69bbad245f8847f14"
"EU-REG-2014-1305","EU/01_Primary_Law/Historical/Regulation_1305_2014/Regulation_1305_2014_CONSOLIDATED_2021-04-18_ES.pdf","C:\Users\yeiso\Desktop\Folder\VSCode\Proyectos\Transit Data Lab\03_Compliance\EU\01_Primary_Law\Historical\Regulation_1305_2014\Regulation_1305_2014_CONSOLIDATED_2021-04-18_ES.pdf","True","0ab0d946f518cc486a3dc2740865eedd5e616048f5ca674fe1b5de18f6137264"
"EU-REG-2017-1926","EU/01_Primary_Law/Regulation_2017_1926/Regulation_2017_1926_CONSOLIDATED_2024-03-04_ES.pdf","C:\Users\yeiso\Desktop\Folder\VSCode\Proyectos\Transit Data Lab\03_Compliance\EU\01_Primary_Law\Regulation_2017_1926\Regulation_2017_1926_CONSOLIDATED_2024-03-04_ES.pdf","True","0a91ab5ffcf0466d588da8a8db7f7e7ed6d97b4d64576c31e083610fcd5b08d5"
"EU-REG-2024-1679","C:/Users/yeiso/Desktop/Folder/VSCode/Proyectos/Transit Data Lab/03_Compliance/EU/01_Primary_Law/Regulation_2024_1679/Regulation_EU_2024_1679_ES.pdf","C:\Users\yeiso\Desktop\Folder\VSCode\Proyectos\Transit Data Lab\03_Compliance\EU\01_Primary_Law\Regulation_2024_1679\Regulation_EU_2024_1679_ES.pdf","True","73b34f389d4493b62f553d28c740ee499b8feb1d7534dd1356efd9502d669c15"
"EU-REG-2024-490","EU/01_Primary_Law/Regulation_2024_490/Regulation_2024_490_ES.pdf","C:\Users\yeiso\Desktop\Folder\VSCode\Proyectos\Transit Data Lab\03_Compliance\EU\01_Primary_Law\Regulation_2024_490\Regulation_2024_490_ES.pdf","True","853f3cacdb5c5d4751c36b3938cdd20929a33c83cfe195679c3309fdbbd31eaf"
"EU-REG-IMPL-2026-1554","C:/Users/yeiso/Desktop/Folder/VSCode/Proyectos/Transit Data Lab/03_Compliance/EU/01_Primary_Law/Regulation_2026_1554/Implementing_Regulation_EU_2026_1554_ES.pdf","C:\Users\yeiso\Desktop\Folder\VSCode\Proyectos\Transit Data Lab\03_Compliance\EU\01_Primary_Law\Regulation_2026_1554\Implementing_Regulation_EU_2026_1554_ES.pdf","True","873bd419ebc3769f1d93e466767e971fd25c40caff2c768f98093654f70334e0"
"EU-REG-IMPL-2026-253","C:/Users/yeiso/Desktop/Folder/VSCode/Proyectos/Transit Data Lab/03_Compliance/EU/01_Primary_Law/Regulation_2026_253/Implementing_Regulation_EU_2026_253_ES.pdf","C:\Users\yeiso\Desktop\Folder\VSCode\Proyectos\Transit Data Lab\03_Compliance\EU\01_Primary_Law\Regulation_2026_253\Implementing_Regulation_EU_2026_253_ES.pdf","True","eb6bfd69199d226758f6940896e0dd5c68ca15b1bf1f18f069827fa1d73de42f"
