gate2_review_id,origin_candidate_id,proposed_requirement_id,source_reference,source_fact_id,source_fact_text,normalized_description,source_fidelity_status,source_fidelity_reason
G2-001,EU-2017-1926-CAND-A03-P01-001,EU-2017-1926-PROP-A03-P01-001,"Artículo 3, apartado 1",EU-2017-1926-SF-A03-P01-ESTABLISH,Cada Estado miembro deberá crear un punto de acceso nacional.,Cada Estado miembro debe establecer un punto de acceso nacional.,PASS,La proposición se contrasta con el source fact literal disponible.
G2-002,EU-2017-1926-CAND-A03-P01-002,EU-2017-1926-PROP-A03-P01-002,"Artículo 3, apartado 1",EU-2017-1926-SF-A03-P01-SINGLE,"El punto de acceso nacional constituirá un punto de acceso único para los usuarios de datos a los datos estáticos, históricos, observados y dinámicos sobre desplazamientos y tráfico de los diferentes modos de transporte, incluidas las actualizaciones de datos, tal como se indica en el anexo, suministrados por los titulares de datos en el territorio de un Estado miembro determinado.",El punto de acceso nacional debe servir como punto único de acceso a las categorías de datos y actualizaciones enumeradas para el territorio del Estado miembro.,PASS,La proposición se contrasta con el source fact literal disponible.
G2-003,EU-2017-1926-CAND-A03-P03-001,EU-2017-1926-PROP-A03-P03-001,"Artículo 3, apartado 3",EU-2017-1926-SF-A03-P03,Los puntos de acceso nacionales prestarán servicios de localización a los usuarios de datos.,El punto de acceso nacional debe prestar servicios de localización a los usuarios de datos.,PASS,La proposición se contrasta con el source fact literal disponible.
G2-004,EU-2017-1926-CAND-A03-P04-001,A03-P04-001-01,"Artículo 3, apartado 4",EU-2017-1926-SF-A03-P04,"Los Estados miembros, en cooperación con las partes interesadas pertinentes de los STI, alcanzarán un acuerdo sobre los requisitos en materia de metadatos. Los titulares de datos se asegurarán de que facilitan los metadatos sobre la base de dichos requisitos.","El Estado miembro, en cooperación con las partes interesadas pertinentes de los STI, alcanzará un acuerdo sobre los requisitos en materia de metadatos.",PASS,La proposición se contrasta con el source fact literal disponible.
G2-005,EU-2017-1926-CAND-A03-P04-001,A03-P04-001-02,"Artículo 3, apartado 4",EU-2017-1926-SF-A03-P04,"Los Estados miembros, en cooperación con las partes interesadas pertinentes de los STI, alcanzarán un acuerdo sobre los requisitos en materia de metadatos. Los titulares de datos se asegurarán de que facilitan los metadatos sobre la base de dichos requisitos.",El titular de datos facilitará metadatos sobre la base de los requisitos acordados.,PASS,La proposición se contrasta con el source fact literal disponible.
G2-006,EU-2017-1926-CAND-A04-P01-001,EU-2017-1926-PROP-A04-P01-001,"Artículo 4, apartado 1",EU-2017-1926-SF-A04-P01,"Los titulares de datos facilitarán, a través del punto de acceso nacional establecido de conformidad con el artículo 3, acceso a los datos estáticos, históricos y observados sobre desplazamientos y tráfico enumerados en el punto 1 del anexo con respecto a los diferentes modos y medios de transporte.","Los titulares facilitarán por el punto de acceso nacional acceso a los datos estáticos, históricos y observados incluidos en el punto 1 del anexo.",PASS,La proposición se contrasta con el source fact literal disponible.
G2-007,EU-2017-1926-CAND-A04-P01-002,EU-2017-1926-PROP-A04-P01-002,"Artículo 4, apartado 1, letra a)",EU-2017-1926-SF-A04-P01-ROAD,"Por lo que se refiere al transporte por carretera, mediante el formato normalizado a que se refiere el artículo 4 del Reglamento Delegado (UE) 2015/962.",Facilitar los datos de carretera mediante el formato normalizado al que remite el artículo 4.,PASS,La proposición se contrasta con el source fact literal disponible.
G2-008,EU-2017-1926-CAND-A04-P01-003,EU-2017-1926-PROP-A04-P01-003,"Artículo 4, apartado 1, letra b)",EU-2017-1926-SF-A04-P01-OTHER,"Por lo que se refiere a otros modos de transporte, mediante una de las siguientes normas y especificaciones técnicas, o mediante cualquier formato digital legible por máquina que pueda demostrarse que es plenamente compatible e interoperable con dichas normas y especificaciones técnicas, por ejemplo, a través de convertidores y validadores automáticos: i) NeTEx CEN/TS 16614 y versiones posteriores; ii) las especificaciones técnicas establecidas en el Reglamento (UE) n.o 454/2011; iii) los documentos técnicos publicados bajo la autoridad de la Conferencia de servicios de pasajeros de la IATA; iv) Transmodel EN 12896, cuando no exista un protocolo de intercambio de referencia.","Para otros modos, utilizar una norma/especificación enumerada o un formato digital legible por máquina que pueda demostrarse plenamente compatible e interoperable con ellas.",PASS,La proposición se contrasta con el source fact literal disponible.
G2-009,EU-2017-1926-CAND-A04-P01-004,EU-2017-1926-PROP-A04-P01-004,"Artículo 4, apartado 1, letra c)",EU-2017-1926-SF-A04-P01-SPATIAL,"En relación con la red espacial, los requisitos establecidos en el artículo 7 de la Directiva 2007/2/CE.","Para la red espacial, aplicar los requisitos a los que remite el artículo 7 de la Directiva 2007/2/CE.",PASS,La remisión a Directiva 2007/2/CE está expresamente formulada; su detalle externo queda pendiente y no se interpreta aquí.
G2-010,EU-2017-1926-CAND-A04-P02-001,EU-2017-1926-PROP-A04-P02-001,"Artículo 4, apartado 2",EU-2017-1926-SF-A04-P02,"Los datos estáticos, históricos y observados sobre desplazamientos y tráfico enumerados en el punto 1 del anexo, a los que son aplicables NeTEx y DATEX II, se representarán mediante perfiles mínimos de la UE o nacionales.","Los datos estáticos, históricos y observados del anexo a los que sean aplicables NeTEx y DATEX II se representarán mediante perfiles mínimos de la UE o nacionales.",PASS,La proposición se contrasta con el source fact literal disponible.
G2-011,EU-2017-1926-CAND-A04-P03-001,EU-2017-1926-PROP-A04-P03-001,"Artículo 4, apartado 3, letra a)",EU-2017-1926-SF-A04-P03-A,"En relación con los datos de desplazamientos y tráfico establecidos en el punto 1.1 del anexo, con excepción del punto 1.1, letra d), inciso ix), para la red RTE-T global, a más tardar el 1 de diciembre de 2019.","Para la red RTE-T global, facilitar los datos del punto 1.1 del anexo, salvo el punto 1.1, letra d), inciso ix), a más tardar el 1 de diciembre de 2019.",PASS,La proposición se contrasta con el source fact literal disponible.
G2-012,EU-2017-1926-CAND-A04-P03-002,EU-2017-1926-PROP-A04-P03-002,"Artículo 4, apartado 3, letra b)",EU-2017-1926-SF-A04-P03-B,"En relación con los datos de desplazamientos y tráfico establecidos en el punto 1.2 del anexo, con excepción de los puntos 1.2, letra a), incisos i) y iii), y el punto 1.2, letra c), inciso ii), para la red RTE-T global, a más tardar el 1 de diciembre de 2020.","Para la red RTE-T global, facilitar los datos del punto 1.2 del anexo, salvo los incisos expresamente exceptuados en el artículo 4, apartado 3, letra b), a más tardar el 1 de diciembre de 2020.",PASS,La proposición se contrasta con el source fact literal disponible.
G2-013,EU-2017-1926-CAND-A04-P03-003,EU-2017-1926-PROP-A04-P03-003,"Artículo 4, apartado 3, letra c)",EU-2017-1926-SF-A04-P03-C,"En relación con los datos de desplazamientos y tráfico establecidos en el punto 1.3 del anexo, con excepción del punto 1.3, letra c), inciso iii), para la red RTE-T global, a más tardar el 1 de diciembre de 2021.","Para la red RTE-T global, facilitar los datos del punto 1.3 del anexo, salvo el punto 1.3, letra c), inciso iii), a más tardar el 1 de diciembre de 2021.",PASS,La proposición se contrasta con el source fact literal disponible.
G2-014,EU-2017-1926-CAND-A04-P03-004,EU-2017-1926-PROP-A04-P03-004,"Artículo 4, apartado 3, letra d)",EU-2017-1926-SF-A04-P03-D,"En relación con los datos de desplazamientos y tráfico establecidos en los puntos 1.1, 1.2 y 1.3 del anexo, con excepción del punto 1.1, letra d), inciso ix), el punto 1.2, letra a), incisos i), iii) y vii), y el punto 1.2, letra c), inciso ii), el punto 1.3, letra c), inciso iii), así como el punto 1.2, letra c), inciso i), y el punto 1.3, letra a), incisos ii) y iii), con respecto al transporte a la demanda, para las demás partes de la red de transporte de la Unión, a más tardar el 1 de diciembre de 2023.","Para las demás partes de la red de transporte de la Unión, facilitar los datos de los puntos 1.1 a 1.3 del anexo dentro del alcance y excepciones expresos de la letra d), a más tardar el 1 de diciembre de 2023.",PASS,La proposición se contrasta con el source fact literal disponible.
G2-015,EU-2017-1926-CAND-A04-P03-005,EU-2017-1926-PROP-A04-P03-005,"Artículo 4, apartado 3, letra e)",EU-2017-1926-SF-A04-P03-E,"En relación con los datos de desplazamientos y tráfico establecidos en el punto 1.1, letra d), inciso ix), el punto 1.2, letra a), incisos i), iii) y vii), el punto 1.2, letra c), inciso ii), el punto 1.3, letra c), inciso iii), y el punto 1.2, letra c), inciso i), y el punto 1.3, letra a), incisos ii) y iii), con respecto al transporte a la demanda del anexo, para toda la red de transporte de la Unión, a más tardar el 1 de diciembre de 2024.","Para toda la red de transporte de la Unión, facilitar las categorías de los puntos 1.1, 1.2 y 1.3 expresamente enumeradas en la letra e), a más tardar el 1 de diciembre de 2024.",PASS,La proposición se contrasta con el source fact literal disponible.
G2-016,EU-2017-1926-CAND-A04-P03-006,EU-2017-1926-PROP-A04-P03-006,"Artículo 4, apartado 3, letra f)",EU-2017-1926-SF-A04-P03-F,"En relación con los datos de desplazamientos y tráfico establecidos en el punto 1.4 del anexo para toda la red de transporte de la Unión, a más tardar el 1 de diciembre de 2025.",Facilitar el punto 1.4 del anexo en toda la red de la Unión a más tardar el 1 de diciembre de 2025.,PASS,La proposición se contrasta con el source fact literal disponible.
G2-017,EU-2017-1926-CAND-A04-P04-001,EU-2017-1926-PROP-A04-P04-001,"Artículo 4, apartado 4",EU-2017-1926-SF-A04-P04,"Las API que proporcionen acceso a los datos estáticos, históricos y observados de desplazamientos y tráfico enumerados en el anexo a través del punto de acceso nacional establecido de conformidad con el artículo 3 serán públicamente accesibles para los usuarios de datos, cuando proceda, previamente registrados.","Las API que proporcionen acceso a los datos estáticos, históricos y observados del anexo a través del punto de acceso nacional serán públicamente accesibles para los usuarios de datos; cuando proceda, estos estarán previamente registrados.",PASS,La proposición se contrasta con el source fact literal disponible.
G2-018,EU-2017-1926-CAND-A04-P05-001,EU-2017-1926-PROP-A04-P05-001,"Artículo 4, apartado 5",EU-2017-1926-SF-A04-P05,"Los usuarios de datos y los titulares de datos colaborarán para garantizar que cualquier inexactitud relacionada con los datos estáticos, históricos y observados sobre desplazamientos y tráfico se notifique sin demora al titular de datos del que proceden los datos.",Usuarios y titulares colaborarán para notificar sin demora las inexactitudes al titular de origen.,PASS,La proposición se contrasta con el source fact literal disponible.
G2-019,EU-2017-1926-CAND-A04-P06-001,EU-2017-1926-PROP-A04-P06-001,"Artículo 4, apartado 6",EU-2017-1926-SF-A04-P06,"Los datos facilitados por los titulares de datos a través del punto de acceso nacional no incluirán datos personales, tal como se definen en el artículo 4, apartado 1, del Reglamento (UE) 2016/679.",Los datos facilitados por titulares a través del punto de acceso nacional no incluirán datos personales conforme a la definición remitida.,PASS,La exclusión de datos personales y la remisión a la definición del Reglamento 2016/679 están expresamente formuladas; el detalle definicional queda pendiente.
G2-020,EU-2017-1926-CAND-A05-P01-001,EU-2017-1926-PROP-A05-P01-001,"Artículo 5, apartado 1",EU-2017-1926-SF-A05-P01,"Los titulares de datos proporcionarán, a través del punto de acceso nacional establecido de conformidad con el artículo 3, acceso a los datos dinámicos de desplazamientos y tráfico enumerados en los puntos 2.1 y 2.2 del anexo, con respecto a los diferentes modos y medios de transporte.",Los titulares proporcionarán por el punto de acceso nacional acceso a los datos dinámicos de los puntos 2.1 y 2.2 del anexo.,PASS,La proposición se contrasta con el source fact literal disponible.
G2-021,EU-2017-1926-CAND-A05-P01-002,EU-2017-1926-PROP-A05-P01-002,"Artículo 5, apartado 1, letra a)",EU-2017-1926-SF-A05-P01-ROAD,"Por lo que se refiere al transporte por carretera, mediante los formatos indicados en los artículos 5 y 6 del Reglamento Delegado (UE) 2015/962.",Facilitar datos dinámicos de carretera mediante los formatos a los que remiten los artículos 5 y 6.,PASS,La proposición se contrasta con el source fact literal disponible.
G2-022,EU-2017-1926-CAND-A05-P01-003,EU-2017-1926-PROP-A05-P01-003,"Artículo 5, apartado 1, letra b)",EU-2017-1926-SF-A05-P01-OTHER,"Por lo que se refiere a los demás modos de transporte, mediante cualquiera de las siguientes normas y especificaciones técnicas, o mediante cualquier formato digital legible por máquina que pueda demostrarse que es plenamente compatible e interoperable con dichas normas y especificaciones técnicas, por ejemplo, a través de convertidores y validadores automáticos: i) SIRI CEN/TS 15531 y versiones posteriores; ii) las especificaciones técnicas establecidas en el Reglamento (UE) n.o 454/2011.","Para otros modos, utilizar una norma/especificación enumerada o un formato digital legible por máquina que pueda demostrarse plenamente compatible e interoperable.",PASS,La proposición se contrasta con el source fact literal disponible.
G2-023,EU-2017-1926-CAND-A05-P02-001,EU-2017-1926-PROP-A05-P02-001,"Artículo 5, apartado 2",EU-2017-1926-SF-A05-P02,"Los datos dinámicos sobre desplazamientos y tráfico a que se refieren los puntos 2.1 y 2.2 del anexo, a los que son aplicables SIRI y DATEX II, se representarán mediante perfiles mínimos de la UE o nacionales.",Los datos dinámicos de los puntos 2.1 y 2.2 del anexo a los que sean aplicables SIRI y DATEX II se representarán mediante perfiles mínimos de la UE o nacionales.,PASS,La proposición se contrasta con el source fact literal disponible.
G2-024,EU-2017-1926-CAND-A05-P03-001,EU-2017-1926-PROP-A05-P03-001,"Artículo 5, apartado 3, letra a)",EU-2017-1926-SF-A05-P03-A,"En relación con los datos de desplazamientos y tráfico establecidos en el punto 2.1 del anexo para la red RTE-T global, a más tardar el 1 de diciembre de 2025.",Facilitar los datos del punto 2.1 del anexo para la red RTE-T global a más tardar el 1 de diciembre de 2025.,PASS,La proposición se contrasta con el source fact literal disponible.
G2-025,EU-2017-1926-CAND-A05-P03-002,EU-2017-1926-PROP-A05-P03-002,"Artículo 5, apartado 3, letra b)",EU-2017-1926-SF-A05-P03-B,"En relación con los datos de desplazamientos y tráfico establecidos en el punto 2.2 del anexo para la red RTE-T global, a más tardar el 1 de diciembre de 2026.",Facilitar los datos del punto 2.2 del anexo para la red RTE-T global a más tardar el 1 de diciembre de 2026.,PASS,La proposición se contrasta con el source fact literal disponible.
G2-026,EU-2017-1926-CAND-A05-P03-003,EU-2017-1926-PROP-A05-P03-003,"Artículo 5, apartado 3, letra c)",EU-2017-1926-SF-A05-P03-C,"En relación con los datos de desplazamientos y tráfico establecidos en los puntos 2.1 y 2.2 del anexo para las demás partes de la red de transporte de la Unión, a más tardar el 1 de diciembre de 2028.",Facilitar datos de los puntos 2.1 y 2.2 para las demás partes de la red de la Unión a más tardar el 1 de diciembre de 2028.,PASS,La proposición se contrasta con el source fact literal disponible.
G2-027,EU-2017-1926-CAND-A05-P04-001,EU-2017-1926-PROP-A05-P04-001,"Artículo 5, apartado 4",EU-2017-1926-SF-A05-P04,"Cada Estado miembro podrá decidir que los titulares de datos faciliten los datos dinámicos de desplazamientos y tráfico de los diferentes modos de transporte enumerados en el punto 2.3 del anexo, en el territorio de dicho Estado miembro, a través del punto de acceso nacional establecido de conformidad con el artículo 3. En ese caso, los titulares de datos utilizarán SIRI CEN/TS 15531 y versiones posteriores o cualquier formato digital legible por máquina que pueda demostrarse que es plenamente compatible e interoperable con dichas normas y especificaciones técnicas.","Si el Estado miembro decide que los titulares faciliten por el punto de acceso nacional los datos dinámicos del punto 2.3 del anexo, los titulares utilizarán SIRI o un formato digital legible por máquina demostrablemente plenamente compatible e interoperable.",PASS,La proposición se contrasta con el source fact literal disponible.
G2-028,EU-2017-1926-CAND-A06-P02-001,A06-P02-001-01,"Artículo 6, apartado 2",EU-2017-1926-SF-A06-P02,"Cuando se produzcan cambios en los datos a que se refiere el apartado 1 del presente artículo, los titulares de datos actualizarán los datos estáticos, históricos, observados y dinámicos pertinentes de desplazamientos y tráfico enumerados en el anexo y los harán accesibles a través del punto de acceso nacional establecido de conformidad con el artículo 3 en un plazo que permita su utilización fiable y efectiva, de conformidad con el artículo 8. Cuando los cambios se conozcan con antelación, los titulares de datos también facilitarán dichas actualizaciones a los usuarios de datos con antelación. Además, corregirán oportunamente cualquier inexactitud que detecten o que les indiquen los usuarios de datos y los usuarios finales.","Cuando se produzcan cambios en los datos del artículo 6, apartado 1, el titular actualizará los datos pertinentes enumerados en el anexo y los hará accesibles a través del punto de acceso nacional en un plazo que permita su utilización fiable y efectiva, de conformidad con el artículo 8.",PASS,La proposición se contrasta con el source fact literal disponible.
G2-029,EU-2017-1926-CAND-A06-P02-001,A06-P02-001-02,"Artículo 6, apartado 2",EU-2017-1926-SF-A06-P02,"Cuando se produzcan cambios en los datos a que se refiere el apartado 1 del presente artículo, los titulares de datos actualizarán los datos estáticos, históricos, observados y dinámicos pertinentes de desplazamientos y tráfico enumerados en el anexo y los harán accesibles a través del punto de acceso nacional establecido de conformidad con el artículo 3 en un plazo que permita su utilización fiable y efectiva, de conformidad con el artículo 8. Cuando los cambios se conozcan con antelación, los titulares de datos también facilitarán dichas actualizaciones a los usuarios de datos con antelación. Además, corregirán oportunamente cualquier inexactitud que detecten o que les indiquen los usuarios de datos y los usuarios finales.","Cuando los cambios se conozcan con antelación, el titular facilitará dichas actualizaciones a los usuarios de datos con antelación.",PASS,La proposición se contrasta con el source fact literal disponible.
G2-030,EU-2017-1926-CAND-A06-P02-001,A06-P02-001-03,"Artículo 6, apartado 2",EU-2017-1926-SF-A06-P02,"Cuando se produzcan cambios en los datos a que se refiere el apartado 1 del presente artículo, los titulares de datos actualizarán los datos estáticos, históricos, observados y dinámicos pertinentes de desplazamientos y tráfico enumerados en el anexo y los harán accesibles a través del punto de acceso nacional establecido de conformidad con el artículo 3 en un plazo que permita su utilización fiable y efectiva, de conformidad con el artículo 8. Cuando los cambios se conozcan con antelación, los titulares de datos también facilitarán dichas actualizaciones a los usuarios de datos con antelación. Además, corregirán oportunamente cualquier inexactitud que detecten o que les indiquen los usuarios de datos y los usuarios finales.",El titular corregirá oportunamente cualquier inexactitud que detecte o que le indiquen los usuarios de datos y los usuarios finales.,PASS,La proposición se contrasta con el source fact literal disponible.
G2-031,EU-2017-1926-CAND-A07-P01-001,EU-2017-1926-PROP-A07-P01-001,"Artículo 7, apartado 1",EU-2017-1926-SF-A07-P01,"Previa solicitud, los proveedores de servicios de información sobre desplazamientos comunicarán a otro proveedor de servicios de información sobre desplazamientos los resultados de encaminamiento sobre la base de información estática, histórica, observada y dinámica de desplazamientos y tráfico.","A solicitud, los proveedores comunicarán a otro proveedor resultados de encaminamiento basados en los datos enumerados.",PASS,La proposición se contrasta con el source fact literal disponible.
G2-032,EU-2017-1926-CAND-A08-P01-001,A08-P01-001-01,"Artículo 8, apartado 1",EU-2017-1926-SF-A08-P01,"Los datos de desplazamientos y tráfico enumerados en el anexo y los metadatos correspondientes, incluida la información sobre su calidad, serán accesibles para su intercambio y reutilización dentro de la Unión de forma no discriminatoria, a través del punto de acceso nacional establecido de conformidad con el artículo 3 y en un plazo que permita la reutilización fiable y efectiva de los datos. Esos datos serán exactos, actualizados y se basarán en requisitos mínimos de calidad. A tal efecto, los Estados miembros, en cooperación con las partes interesadas pertinentes de los STI, alcanzarán un acuerdo sobre dichos requisitos mínimos de calidad de los datos.","Los datos y metadatos enumerados en el anexo serán accesibles para su intercambio y reutilización dentro de la Unión de forma no discriminatoria, a través del punto de acceso nacional y en un plazo que permita reutilización fiable y efectiva.",PASS,La proposición se contrasta con el source fact literal disponible.
G2-033,EU-2017-1926-CAND-A08-P01-001,A08-P01-001-02,"Artículo 8, apartado 1",EU-2017-1926-SF-A08-P01,"Los datos de desplazamientos y tráfico enumerados en el anexo y los metadatos correspondientes, incluida la información sobre su calidad, serán accesibles para su intercambio y reutilización dentro de la Unión de forma no discriminatoria, a través del punto de acceso nacional establecido de conformidad con el artículo 3 y en un plazo que permita la reutilización fiable y efectiva de los datos. Esos datos serán exactos, actualizados y se basarán en requisitos mínimos de calidad. A tal efecto, los Estados miembros, en cooperación con las partes interesadas pertinentes de los STI, alcanzarán un acuerdo sobre dichos requisitos mínimos de calidad de los datos.",Los datos serán exactos y actualizados.,PASS,La proposición se contrasta con el source fact literal disponible.
G2-034,EU-2017-1926-CAND-A08-P01-001,A08-P01-001-03,"Artículo 8, apartado 1",EU-2017-1926-SF-A08-P01,"Los datos de desplazamientos y tráfico enumerados en el anexo y los metadatos correspondientes, incluida la información sobre su calidad, serán accesibles para su intercambio y reutilización dentro de la Unión de forma no discriminatoria, a través del punto de acceso nacional establecido de conformidad con el artículo 3 y en un plazo que permita la reutilización fiable y efectiva de los datos. Esos datos serán exactos, actualizados y se basarán en requisitos mínimos de calidad. A tal efecto, los Estados miembros, en cooperación con las partes interesadas pertinentes de los STI, alcanzarán un acuerdo sobre dichos requisitos mínimos de calidad de los datos.",Los datos se basarán en requisitos mínimos de calidad.,PASS,La proposición se contrasta con el source fact literal disponible.
G2-035,EU-2017-1926-CAND-A08-P01-001,A08-P01-001-04,"Artículo 8, apartado 1",EU-2017-1926-SF-A08-P01,"Los datos de desplazamientos y tráfico enumerados en el anexo y los metadatos correspondientes, incluida la información sobre su calidad, serán accesibles para su intercambio y reutilización dentro de la Unión de forma no discriminatoria, a través del punto de acceso nacional establecido de conformidad con el artículo 3 y en un plazo que permita la reutilización fiable y efectiva de los datos. Esos datos serán exactos, actualizados y se basarán en requisitos mínimos de calidad. A tal efecto, los Estados miembros, en cooperación con las partes interesadas pertinentes de los STI, alcanzarán un acuerdo sobre dichos requisitos mínimos de calidad de los datos.","El Estado miembro, en cooperación con las partes interesadas pertinentes de los STI, alcanzará un acuerdo sobre los requisitos mínimos de calidad de los datos.",PASS,La proposición se contrasta con el source fact literal disponible.
G2-036,EU-2017-1926-CAND-A08-P02-001,A08-P02-001-01,"Artículo 8, apartado 2",EU-2017-1926-SF-A08-P02,"Los datos a que se hace referencia en el apartado 1 deberán reutilizarse de manera neutral sin discriminación o parcialidad alguna con respecto al titular de los datos. Los criterios utilizados para ordenar las opciones de desplazamiento de los diferentes modos de transporte, o combinaciones de estos, o ambas cosas, deberán ser transparentes y no estar basados en ningún factor directa o indirectamente relacionado con la identidad del usuario de datos o del usuario final o, si la hubiera, la consideración comercial relacionada con la reutilización de los datos, y deberán aplicarse de forma no discriminatoria a todos los usuarios de datos o usuarios finales participantes. La primera presentación de itinerario de viaje no deberá inducir a error al usuario final.","Los datos del artículo 8, apartado 1, se reutilizarán de manera neutral, sin discriminación o parcialidad con respecto al titular de los datos.",PASS,La proposición se contrasta con el source fact literal disponible.
G2-037,EU-2017-1926-CAND-A08-P02-001,A08-P02-001-02,"Artículo 8, apartado 2",EU-2017-1926-SF-A08-P02,"Los datos a que se hace referencia en el apartado 1 deberán reutilizarse de manera neutral sin discriminación o parcialidad alguna con respecto al titular de los datos. Los criterios utilizados para ordenar las opciones de desplazamiento de los diferentes modos de transporte, o combinaciones de estos, o ambas cosas, deberán ser transparentes y no estar basados en ningún factor directa o indirectamente relacionado con la identidad del usuario de datos o del usuario final o, si la hubiera, la consideración comercial relacionada con la reutilización de los datos, y deberán aplicarse de forma no discriminatoria a todos los usuarios de datos o usuarios finales participantes. La primera presentación de itinerario de viaje no deberá inducir a error al usuario final.","Los criterios utilizados para ordenar las opciones de desplazamiento serán transparentes y no se basarán en factores directa o indirectamente relacionados con la identidad del usuario de datos o usuario final o, si la hubiera, con la consideración comercial relacionada con la reutilización; se aplicarán de forma no discriminatoria a todos los usuarios participantes.",PASS,La proposición se contrasta con el source fact literal disponible.
G2-038,EU-2017-1926-CAND-A08-P02-001,A08-P02-001-03,"Artículo 8, apartado 2",EU-2017-1926-SF-A08-P02,"Los datos a que se hace referencia en el apartado 1 deberán reutilizarse de manera neutral sin discriminación o parcialidad alguna con respecto al titular de los datos. Los criterios utilizados para ordenar las opciones de desplazamiento de los diferentes modos de transporte, o combinaciones de estos, o ambas cosas, deberán ser transparentes y no estar basados en ningún factor directa o indirectamente relacionado con la identidad del usuario de datos o del usuario final o, si la hubiera, la consideración comercial relacionada con la reutilización de los datos, y deberán aplicarse de forma no discriminatoria a todos los usuarios de datos o usuarios finales participantes. La primera presentación de itinerario de viaje no deberá inducir a error al usuario final.",La primera presentación de itinerario de viaje no inducirá a error al usuario final.,PASS,La proposición se contrasta con el source fact literal disponible.
G2-039,EU-2017-1926-CAND-A08-P03-001,A08-P03-001-01,"Artículo 8, apartado 3",EU-2017-1926-SF-A08-P03,"Cuando se reutilicen los datos estáticos, históricos, observados y dinámicos de desplazamientos y tráfico, se indicará la fuente de dichos datos, si el titular de datos así lo solicita. Se indicará asimismo el intervalo de actualización de los datos estáticos, históricos, observados y, cuando sea posible, dinámicos.","Cuando se reutilicen los datos de desplazamientos y tráfico, se indicará su fuente si el titular de datos así lo solicita.",PASS,La proposición se contrasta con el source fact literal disponible.
G2-040,EU-2017-1926-CAND-A08-P03-001,A08-P03-001-02,"Artículo 8, apartado 3",EU-2017-1926-SF-A08-P03,"Cuando se reutilicen los datos estáticos, históricos, observados y dinámicos de desplazamientos y tráfico, se indicará la fuente de dichos datos, si el titular de datos así lo solicita. Se indicará asimismo el intervalo de actualización de los datos estáticos, históricos, observados y, cuando sea posible, dinámicos.","Cuando se reutilicen los datos, se indicará su intervalo de actualización; para los datos dinámicos, solo cuando sea posible.",PASS,La proposición se contrasta con el source fact literal disponible.
G2-041,EU-2017-1926-CAND-A09-P01-001,EU-2017-1926-PROP-A09-P01-001,"Artículo 9, apartado 1",EU-2017-1926-SF-A09-P01,Los Estados miembros evaluarán si los titulares de datos y los proveedores de servicios de información sobre desplazamientos cumplen los requisitos establecidos en los artículos 3 a 8.,Los Estados miembros evaluarán el cumplimiento por titulares y proveedores de los requisitos de los artículos 3 a 8.,PASS,La proposición se contrasta con el source fact literal disponible.
G2-042,EU-2017-1926-CAND-A10-P01-001,EU-2017-1926-PROP-A10-P01-001,"Artículo 10, apartado 1",EU-2017-1926-SF-A10-P01,"A más tardar el 1 de diciembre de 2019, los Estados miembros remitirán a la Comisión un informe sobre las posibles medidas emprendidas para establecer un punto de acceso nacional y sobre las modalidades de su funcionamiento.","Los Estados miembros deben remitir a la Comisión un informe sobre medidas para establecer el punto de acceso nacional y sus modalidades de funcionamiento, a más tardar el 1 de diciembre de 2019.",PASS,La proposición se contrasta con el source fact literal disponible.
G2-043,EU-2017-1926-CAND-A10-P02-001,EU-2017-1926-PROP-A10-P02-001,"Artículo 10, apartado 2",EU-2017-1926-SF-A10-P02,"Los Estados miembros proporcionarán a la Comisión la siguiente información dentro de los informes sobre los progresos realizados a que se refiere el artículo 17, apartado 3, de la Directiva 2010/40/UE: a) los avances realizados en términos de accesibilidad e intercambio de los tipos de datos de desplazamientos y tráfico establecidos en el anexo; b) la cobertura geográfica de los datos que figuran en el anexo accesibles a través del punto de acceso nacional establecido de conformidad con el artículo 3, y su calidad, incluidos los criterios utilizados para definir esa calidad y los medios utilizados para supervisarla; c) la conexión de servicios de información sobre desplazamientos; d) los resultados de la evaluación del cumplimiento a que se refiere el artículo 9, apartado 1; y e) cuando proceda, una descripción de los cambios en el punto de acceso nacional establecido de conformidad con el artículo 3.","Los Estados miembros proporcionarán en los informes de progreso información sobre avances, cobertura/calidad, conexiones, resultados de evaluación y cambios del NAP cuando proceda.",PASS,La proposición se contrasta con el source fact literal disponible.
G2-044,EU-2017-1926-PROP-A09-P02-DOCUMENT_REQUEST,EU-2017-1926-PROP-A09-P02-DOCUMENT_REQUEST,"Artículo 9, apartado 2",EU-2017-1926-SF-A09-P02,"A fin de llevar a cabo la evaluación a que se refiere el apartado 1, las autoridades competentes de los Estados miembros podrán solicitar a los titulares de datos y a los proveedores de servicios de información sobre desplazamientos los siguientes documentos: a) una descripción de los datos de desplazamientos y tráfico accesibles a través del punto de acceso nacional, la información sobre su calidad y las condiciones de reutilización de esos datos; b) una descripción de los servicios de información sobre desplazamientos disponibles, incluidas, en su caso, las conexiones con otros servicios; c) una declaración acompañada de los justificantes correspondientes del cumplimiento de los requisitos establecidos en los artículos 3 a 8; d) la licencia o los acuerdos contractuales con proveedores de servicios de información sobre desplazamientos.","A fin de llevar a cabo la evaluación del artículo 9(1), las autoridades competentes de los Estados miembros podrán solicitar a titulares de datos y proveedores de servicios de información sobre desplazamientos: a) descripción de los datos accesibles a través del NAP, información sobre su calidad y condiciones de reutilización; b) descripción de los servicios de información sobre desplazamientos disponibles y, cuando proceda, sus conexiones con otros servicios; c) declaración y justificantes correspondientes del cumplimiento de los artículos 3 a 8; d) licencia o acuerdos contractuales con proveedores de servicios de información sobre desplazamientos.",PASS,La proposición se contrasta con el source fact literal disponible.
G2-045,EU-2017-1926-PROP-A09-P03-RANDOM_CHECKS,EU-2017-1926-PROP-A09-P03-RANDOM_CHECKS,"Artículo 9, apartado 3",,"Los Estados miembros efectuarán comprobaciones aleatorias de la exactitud de las declaraciones mencionadas en el apartado 2, letra c).","Los Estados miembros efectuarán comprobaciones aleatorias de la exactitud de las declaraciones mencionadas en el artículo 9, apartado 2, letra c).",PASS,La proposición se contrasta con el source fact literal disponible.
