gate2_review_id,origin_candidate_id,proposed_requirement_id,source_reference,source_fact_id,source_fact_text,normalized_description,source_fidelity_status,source_fidelity_reason,atomicity_status,atomicity_reason,actor_status,actor_reason,conditionality_status,conditionality_reason,dependency_blocking_level,dependency_reason,source_anomaly_dependency,current_db_state,current_db_state_reason,gate2_proposed_decision,gate2_decision_reason,review_warnings
G2-007,EU-2017-1926-CAND-A04-P01-002,EU-2017-1926-PROP-A04-P01-002,"Artículo 4, apartado 1, letra a)",EU-2017-1926-SF-A04-P01-ROAD,"Por lo que se refiere al transporte por carretera, mediante el formato normalizado a que se refiere el artículo 4 del Reglamento Delegado (UE) 2015/962.",Facilitar los datos de carretera mediante el formato normalizado al que remite el artículo 4.,PASS,La proposición se contrasta con el source fact literal disponible.,PASS,Una proposición evaluable.,PASS,Actor conservado según sujeto expreso de la fuente.,NOT_APPLICABLE,No se configura deber condicional.,PARTIAL,Núcleo legal identificable; detalle externo pendiente y no interpretado.,FALSE,NOT_MATERIALIZED,Sin fila equivalente por proposed_requirement_id.,READY_WITH_EXTERNAL_DEPENDENCY,Núcleo del Reglamento identificable; detalle externo pendiente.,dependencia externa parcial
G2-008,EU-2017-1926-CAND-A04-P01-003,EU-2017-1926-PROP-A04-P01-003,"Artículo 4, apartado 1, letra b)",EU-2017-1926-SF-A04-P01-OTHER,"Por lo que se refiere a otros modos de transporte, mediante una de las siguientes normas y especificaciones técnicas, o mediante cualquier formato digital legible por máquina que pueda demostrarse que es plenamente compatible e interoperable con dichas normas y especificaciones técnicas, por ejemplo, a través de convertidores y validadores automáticos: i) NeTEx CEN/TS 16614 y versiones posteriores; ii) las especificaciones técnicas establecidas en el Reglamento (UE) n.o 454/2011; iii) los documentos técnicos publicados bajo la autoridad de la Conferencia de servicios de pasajeros de la IATA; iv) Transmodel EN 12896, cuando no exista un protocolo de intercambio de referencia.","Para otros modos, utilizar una norma/especificación enumerada o un formato digital legible por máquina que pueda demostrarse plenamente compatible e interoperable con ellas.",PASS,La proposición se contrasta con el source fact literal disponible.,PASS,Una proposición evaluable.,PASS,Actor conservado según sujeto expreso de la fuente.,NOT_APPLICABLE,No se configura deber condicional.,PARTIAL,Núcleo legal identificable; detalle externo pendiente y no interpretado.,FALSE,NOT_MATERIALIZED,Sin fila equivalente por proposed_requirement_id.,READY_WITH_EXTERNAL_DEPENDENCY,Núcleo del Reglamento identificable; detalle externo pendiente.,dependencia externa parcial
G2-009,EU-2017-1926-CAND-A04-P01-004,EU-2017-1926-PROP-A04-P01-004,"Artículo 4, apartado 1, letra c)",EU-2017-1926-SF-A04-P01-SPATIAL,"En relación con la red espacial, los requisitos establecidos en el artículo 7 de la Directiva 2007/2/CE.","Para la red espacial, aplicar los requisitos a los que remite el artículo 7 de la Directiva 2007/2/CE.",PASS,La remisión a Directiva 2007/2/CE está expresamente formulada; su detalle externo queda pendiente y no se interpreta aquí.,PASS,Una proposición evaluable.,PASS,Actor conservado según sujeto expreso de la fuente.,NOT_APPLICABLE,No se configura deber condicional.,PARTIAL,Núcleo legal identificable; detalle externo pendiente y no interpretado.,FALSE,NOT_MATERIALIZED,Sin fila equivalente por proposed_requirement_id.,READY_WITH_EXTERNAL_DEPENDENCY,Núcleo del Reglamento identificable; detalle externo pendiente.,dependencia externa parcial
G2-017,EU-2017-1926-CAND-A04-P04-001,EU-2017-1926-PROP-A04-P04-001,"Artículo 4, apartado 4",EU-2017-1926-SF-A04-P04,"Las API que proporcionen acceso a los datos estáticos, históricos y observados de desplazamientos y tráfico enumerados en el anexo a través del punto de acceso nacional establecido de conformidad con el artículo 3 serán públicamente accesibles para los usuarios de datos, cuando proceda, previamente registrados.","Las API que proporcionen acceso a los datos estáticos, históricos y observados del anexo a través del punto de acceso nacional serán públicamente accesibles para los usuarios de datos; cuando proceda, estos estarán previamente registrados.",PASS,La proposición se contrasta con el source fact literal disponible.,PASS,Una proposición evaluable.,NEEDS_CHANGE,"La norma predica accesibilidad de las API, sin identificar operador responsable.",PASS,Condición expresada.,NONE,,FALSE,NOT_MATERIALIZED,Sin fila equivalente por proposed_requirement_id.,NEEDS_HUMAN_CHANGE,"Requiere decisión humana sobre fidelidad, actor, condición o fila existente.",actor
G2-019,EU-2017-1926-CAND-A04-P06-001,EU-2017-1926-PROP-A04-P06-001,"Artículo 4, apartado 6",EU-2017-1926-SF-A04-P06,"Los datos facilitados por los titulares de datos a través del punto de acceso nacional no incluirán datos personales, tal como se definen en el artículo 4, apartado 1, del Reglamento (UE) 2016/679.",Los datos facilitados por titulares a través del punto de acceso nacional no incluirán datos personales conforme a la definición remitida.,PASS,La exclusión de datos personales y la remisión a la definición del Reglamento 2016/679 están expresamente formuladas; el detalle definicional queda pendiente.,PASS,Una proposición evaluable.,PASS,Actor conservado según sujeto expreso de la fuente.,NOT_APPLICABLE,No se configura deber condicional.,PARTIAL,Núcleo legal identificable; detalle externo pendiente y no interpretado.,FALSE,NOT_MATERIALIZED,Sin fila equivalente por proposed_requirement_id.,READY_WITH_EXTERNAL_DEPENDENCY,Núcleo del Reglamento identificable; detalle externo pendiente.,dependencia externa parcial
G2-021,EU-2017-1926-CAND-A05-P01-002,EU-2017-1926-PROP-A05-P01-002,"Artículo 5, apartado 1, letra a)",EU-2017-1926-SF-A05-P01-ROAD,"Por lo que se refiere al transporte por carretera, mediante los formatos indicados en los artículos 5 y 6 del Reglamento Delegado (UE) 2015/962.",Facilitar datos dinámicos de carretera mediante los formatos a los que remiten los artículos 5 y 6.,PASS,La proposición se contrasta con el source fact literal disponible.,PASS,Una proposición evaluable.,PASS,Actor conservado según sujeto expreso de la fuente.,NOT_APPLICABLE,No se configura deber condicional.,PARTIAL,Núcleo legal identificable; detalle externo pendiente y no interpretado.,FALSE,NOT_MATERIALIZED,Sin fila equivalente por proposed_requirement_id.,READY_WITH_EXTERNAL_DEPENDENCY,Núcleo del Reglamento identificable; detalle externo pendiente.,dependencia externa parcial
G2-022,EU-2017-1926-CAND-A05-P01-003,EU-2017-1926-PROP-A05-P01-003,"Artículo 5, apartado 1, letra b)",EU-2017-1926-SF-A05-P01-OTHER,"Por lo que se refiere a los demás modos de transporte, mediante cualquiera de las siguientes normas y especificaciones técnicas, o mediante cualquier formato digital legible por máquina que pueda demostrarse que es plenamente compatible e interoperable con dichas normas y especificaciones técnicas, por ejemplo, a través de convertidores y validadores automáticos: i) SIRI CEN/TS 15531 y versiones posteriores; ii) las especificaciones técnicas establecidas en el Reglamento (UE) n.o 454/2011.","Para otros modos, utilizar una norma/especificación enumerada o un formato digital legible por máquina que pueda demostrarse plenamente compatible e interoperable.",PASS,La proposición se contrasta con el source fact literal disponible.,PASS,Una proposición evaluable.,PASS,Actor conservado según sujeto expreso de la fuente.,NOT_APPLICABLE,No se configura deber condicional.,PARTIAL,Núcleo legal identificable; detalle externo pendiente y no interpretado.,FALSE,NOT_MATERIALIZED,Sin fila equivalente por proposed_requirement_id.,READY_WITH_EXTERNAL_DEPENDENCY,Núcleo del Reglamento identificable; detalle externo pendiente.,dependencia externa parcial
G2-032,EU-2017-1926-CAND-A08-P01-001,A08-P01-001-01,"Artículo 8, apartado 1",EU-2017-1926-SF-A08-P01,"Los datos de desplazamientos y tráfico enumerados en el anexo y los metadatos correspondientes, incluida la información sobre su calidad, serán accesibles para su intercambio y reutilización dentro de la Unión de forma no discriminatoria, a través del punto de acceso nacional establecido de conformidad con el artículo 3 y en un plazo que permita la reutilización fiable y efectiva de los datos. Esos datos serán exactos, actualizados y se basarán en requisitos mínimos de calidad. A tal efecto, los Estados miembros, en cooperación con las partes interesadas pertinentes de los STI, alcanzarán un acuerdo sobre dichos requisitos mínimos de calidad de los datos.","Los datos y metadatos enumerados en el anexo serán accesibles para su intercambio y reutilización dentro de la Unión de forma no discriminatoria, a través del punto de acceso nacional y en un plazo que permita reutilización fiable y efectiva.",PASS,La proposición se contrasta con el source fact literal disponible.,NEEDS_SPLIT,Agrupa accesibilidad y requisito temporal de reutilización fiable; evaluar ambos criterios por separado.,NEEDS_CHANGE,El acceso corresponde al titular; el acuerdo de requisitos de calidad es deber distinto del Estado miembro.,NOT_APPLICABLE,No se configura deber condicional.,NONE,,FALSE,NOT_MATERIALIZED,Sin fila equivalente por proposed_requirement_id.,NEEDS_SPLIT,Separar criterios evaluables antes de materializar.,atomicidad; actor
G2-036,EU-2017-1926-CAND-A08-P02-001,A08-P02-001-01,"Artículo 8, apartado 2",EU-2017-1926-SF-A08-P02,"Los datos a que se hace referencia en el apartado 1 deberán reutilizarse de manera neutral sin discriminación o parcialidad alguna con respecto al titular de los datos. Los criterios utilizados para ordenar las opciones de desplazamiento de los diferentes modos de transporte, o combinaciones de estos, o ambas cosas, deberán ser transparentes y no estar basados en ningún factor directa o indirectamente relacionado con la identidad del usuario de datos o del usuario final o, si la hubiera, la consideración comercial relacionada con la reutilización de los datos, y deberán aplicarse de forma no discriminatoria a todos los usuarios de datos o usuarios finales participantes. La primera presentación de itinerario de viaje no deberá inducir a error al usuario final.","Los datos del artículo 8, apartado 1, se reutilizarán de manera neutral, sin discriminación o parcialidad con respecto al titular de los datos.",PASS,La proposición se contrasta con el source fact literal disponible.,PASS,Una proposición evaluable.,NEEDS_CHANGE,No atribuir el deber a todo proveedor de servicio; el apartado regula reutilizadores.,NOT_APPLICABLE,No se configura deber condicional.,NONE,,FALSE,NOT_MATERIALIZED,Sin fila equivalente por proposed_requirement_id.,NEEDS_HUMAN_CHANGE,"Requiere decisión humana sobre fidelidad, actor, condición o fila existente.",actor
G2-037,EU-2017-1926-CAND-A08-P02-001,A08-P02-001-02,"Artículo 8, apartado 2",EU-2017-1926-SF-A08-P02,"Los datos a que se hace referencia en el apartado 1 deberán reutilizarse de manera neutral sin discriminación o parcialidad alguna con respecto al titular de los datos. Los criterios utilizados para ordenar las opciones de desplazamiento de los diferentes modos de transporte, o combinaciones de estos, o ambas cosas, deberán ser transparentes y no estar basados en ningún factor directa o indirectamente relacionado con la identidad del usuario de datos o del usuario final o, si la hubiera, la consideración comercial relacionada con la reutilización de los datos, y deberán aplicarse de forma no discriminatoria a todos los usuarios de datos o usuarios finales participantes. La primera presentación de itinerario de viaje no deberá inducir a error al usuario final.","Los criterios utilizados para ordenar las opciones de desplazamiento serán transparentes y no se basarán en factores directa o indirectamente relacionados con la identidad del usuario de datos o usuario final o, si la hubiera, con la consideración comercial relacionada con la reutilización; se aplicarán de forma no discriminatoria a todos los usuarios participantes.",PASS,La proposición se contrasta con el source fact literal disponible.,NEEDS_SPLIT,Agrupa transparencia/factores de ordenación y aplicación no discriminatoria; evaluar criterios separadamente.,NEEDS_CHANGE,No atribuir el deber a todo proveedor de servicio; el apartado regula reutilizadores.,NOT_APPLICABLE,No se configura deber condicional.,NONE,,FALSE,NOT_MATERIALIZED,Sin fila equivalente por proposed_requirement_id.,NEEDS_SPLIT,Separar criterios evaluables antes de materializar.,atomicidad; actor
G2-038,EU-2017-1926-CAND-A08-P02-001,A08-P02-001-03,"Artículo 8, apartado 2",EU-2017-1926-SF-A08-P02,"Los datos a que se hace referencia en el apartado 1 deberán reutilizarse de manera neutral sin discriminación o parcialidad alguna con respecto al titular de los datos. Los criterios utilizados para ordenar las opciones de desplazamiento de los diferentes modos de transporte, o combinaciones de estos, o ambas cosas, deberán ser transparentes y no estar basados en ningún factor directa o indirectamente relacionado con la identidad del usuario de datos o del usuario final o, si la hubiera, la consideración comercial relacionada con la reutilización de los datos, y deberán aplicarse de forma no discriminatoria a todos los usuarios de datos o usuarios finales participantes. La primera presentación de itinerario de viaje no deberá inducir a error al usuario final.",La primera presentación de itinerario de viaje no inducirá a error al usuario final.,PASS,La proposición se contrasta con el source fact literal disponible.,PASS,Una proposición evaluable.,NEEDS_CHANGE,No atribuir el deber a todo proveedor de servicio; el apartado regula reutilizadores.,NOT_APPLICABLE,No se configura deber condicional.,NONE,,FALSE,NOT_MATERIALIZED,Sin fila equivalente por proposed_requirement_id.,NEEDS_HUMAN_CHANGE,"Requiere decisión humana sobre fidelidad, actor, condición o fila existente.",actor
G2-043,EU-2017-1926-CAND-A10-P02-001,EU-2017-1926-PROP-A10-P02-001,"Artículo 10, apartado 2",EU-2017-1926-SF-A10-P02,"Los Estados miembros proporcionarán a la Comisión la siguiente información dentro de los informes sobre los progresos realizados a que se refiere el artículo 17, apartado 3, de la Directiva 2010/40/UE: a) los avances realizados en términos de accesibilidad e intercambio de los tipos de datos de desplazamientos y tráfico establecidos en el anexo; b) la cobertura geográfica de los datos que figuran en el anexo accesibles a través del punto de acceso nacional establecido de conformidad con el artículo 3, y su calidad, incluidos los criterios utilizados para definir esa calidad y los medios utilizados para supervisarla; c) la conexión de servicios de información sobre desplazamientos; d) los resultados de la evaluación del cumplimiento a que se refiere el artículo 9, apartado 1; y e) cuando proceda, una descripción de los cambios en el punto de acceso nacional establecido de conformidad con el artículo 3.","Los Estados miembros proporcionarán en los informes de progreso información sobre avances, cobertura/calidad, conexiones, resultados de evaluación y cambios del NAP cuando proceda.",PASS,La proposición se contrasta con el source fact literal disponible.,PASS,Una proposición evaluable.,PASS,Actor conservado según sujeto expreso de la fuente.,PASS,Condición expresada.,PARTIAL,Núcleo legal identificable; detalle externo pendiente y no interpretado.,FALSE,NOT_MATERIALIZED,Sin fila equivalente por proposed_requirement_id.,READY_WITH_EXTERNAL_DEPENDENCY,Núcleo del Reglamento identificable; detalle externo pendiente.,dependencia externa parcial
