candidate_id,requirement_id,source_document_id,source_provision_id,source_fact_id,supporting_source_provision_id,legal_classification,requirement_class,requirement_type,data_category,data_element,description,responsible_party,beneficiary_party,is_mandatory,is_conditional,condition_text,availability_requirement,accessibility_requirement,update_requirement,quality_requirement,interoperability_requirement,deadline_date,legal_status,review_status,review_notes,created_at,legal_reference,source_fact_text,source_version_date,source_uri,supporting_source_provision_ids
EU-2017-1926-CAND-A03-P01-001,EU-2017-1926-REQ-A03-P01-001,EU-REG-2017-1926,EU-2017-1926-ART03,EU-2017-1926-SF-A03-P01-ESTABLISH,,OBLIGATION,ACCESS,ESTABLISH_NAP,,,Cada Estado miembro debe establecer un punto de acceso nacional.,Estado miembro,Usuarios de datos,true,false,,,Establecer el punto de acceso nacional previsto en el artículo 3.,,,,,,APPROVED,Aprobación propuesta por soporte textual directo; sujeto a revisión humana del diseño.,2026-09-27 01:09:24.514856,"Artículo 3, apartado 1",Cada Estado miembro deberá crear un punto de acceso nacional.,2024-03-04,https://eur-lex.europa.eu/legal-content/ES/TXT/HTML/?uri=CELEX:02017R1926-20240304,
EU-2017-1926-CAND-A03-P01-002,EU-2017-1926-REQ-A03-P01-002,EU-REG-2017-1926,EU-2017-1926-ART03,EU-2017-1926-SF-A03-P01-SINGLE,,OBLIGATION,ACCESS,SINGLE_ACCESS_POINT,,,El punto de acceso nacional debe servir como punto único de acceso a las categorías de datos y actualizaciones enumeradas para el territorio del Estado miembro.,Estado miembro,Usuarios de datos,true,false,,,"Punto único para las categorías y titulares cubiertos por el artículo 3, apartado 1.",,,,,,APPROVED,La descripción conserva el alcance territorial y material indicado en la fuente.,2026-09-27 01:09:24.514856,"Artículo 3, apartado 1","El punto de acceso nacional constituirá un punto de acceso único para los usuarios de datos a los datos estáticos, históricos, observados y dinámicos sobre desplazamientos y tráfico de los diferentes modos de transporte, incluidas las actualizaciones de datos, tal como se indica en el anexo, suministrados por los titulares de datos en el territorio de un Estado miembro determinado.",2024-03-04,https://eur-lex.europa.eu/legal-content/ES/TXT/HTML/?uri=CELEX:02017R1926-20240304,
EU-2017-1926-CAND-A03-P03-001,,EU-REG-2017-1926,EU-2017-1926-ART03,EU-2017-1926-SF-A03-P03,,OBLIGATION,DISCOVERY,NAP_LOCATION_SERVICE,,,El punto de acceso nacional debe prestar servicios de localización a los usuarios de datos.,Punto de acceso nacional,Usuarios de datos,true,false,,,,,,,,,NEEDS_REVIEW,"Revisar qué significa operativamente ""servicios de localización""; no inferir tecnología.",2026-09-27 01:09:24.514856,"Artículo 3, apartado 3",Los puntos de acceso nacionales prestarán servicios de localización a los usuarios de datos.,2024-03-04,https://eur-lex.europa.eu/legal-content/ES/TXT/HTML/?uri=CELEX:02017R1926-20240304,
EU-2017-1926-CAND-A03-P04-001,,EU-REG-2017-1926,EU-2017-1926-ART03,EU-2017-1926-SF-A03-P04,,OBLIGATION,METADATA,METADATA_REQUIREMENTS,,,Los Estados miembros deben acordar requisitos de metadatos con las partes interesadas pertinentes y los titulares deben facilitarlos sobre esa base.,Estado miembro; titular de datos,Usuarios de datos,true,false,,,,,,,,,NEEDS_REVIEW,Dos actores y dos acciones diferenciables; revisar si dividir en dos requisitos.,2026-09-27 01:09:24.514856,"Artículo 3, apartado 4","Los Estados miembros, en cooperación con las partes interesadas pertinentes de los STI, alcanzarán un acuerdo sobre los requisitos en materia de metadatos. Los titulares de datos se asegurarán de que facilitan los metadatos sobre la base de dichos requisitos.",2024-03-04,https://eur-lex.europa.eu/legal-content/ES/TXT/HTML/?uri=CELEX:02017R1926-20240304,
EU-2017-1926-CAND-A04-P01-001,,EU-REG-2017-1926,EU-2017-1926-ART04,EU-2017-1926-SF-A04-P01,,OBLIGATION,DATA_AVAILABILITY,STATIC_HISTORIC_OBSERVED_DATA,,,"Los titulares facilitarán por el punto de acceso nacional acceso a los datos estáticos, históricos y observados incluidos en el punto 1 del anexo.",Titular de datos,Usuarios de datos,true,false,,,A través del punto de acceso nacional; modos y medios enumerados.,,,,,,NEEDS_REVIEW,Revisar la atomización por categoría del anexo y las condiciones de formato de los apartados siguientes.,2026-09-27 01:09:24.514856,"Artículo 4, apartado 1","Los titulares de datos facilitarán, a través del punto de acceso nacional establecido de conformidad con el artículo 3, acceso a los datos estáticos, históricos y observados sobre desplazamientos y tráfico enumerados en el punto 1 del anexo con respecto a los diferentes modos y medios de transporte.",2024-03-04,https://eur-lex.europa.eu/legal-content/ES/TXT/HTML/?uri=CELEX:02017R1926-20240304,EU-2017-1926-ANNEX-1
EU-2017-1926-CAND-A04-P01-002,,EU-REG-2017-1926,EU-2017-1926-ART04,EU-2017-1926-SF-A04-P01-ROAD,,OBLIGATION,FORMAT,ROAD_DATA_FORMAT,,,Facilitar los datos de carretera mediante el formato normalizado al que remite el artículo 4.,Titular de datos,Usuarios de datos,true,false,,,,,,,,,NEEDS_REVIEW,"Interpretación del formato depende del Reglamento (UE) 2015/962, fuera del corpus de esta iteración.",2026-09-27 01:22:03.677454,"Artículo 4, apartado 1, letra a)","Por lo que se refiere al transporte por carretera, mediante el formato normalizado a que se refiere el artículo 4 del Reglamento Delegado (UE) 2015/962.",2024-03-04,https://eur-lex.europa.eu/legal-content/ES/TXT/HTML/?uri=CELEX:02017R1926-20240304,
EU-2017-1926-CAND-A04-P01-003,,EU-REG-2017-1926,EU-2017-1926-ART04,EU-2017-1926-SF-A04-P01-OTHER,,OBLIGATION,INTEROPERABILITY,OTHER_MODE_FORMATS,,,"Para otros modos, utilizar una norma/especificación enumerada o un formato digital legible por máquina que pueda demostrarse plenamente compatible e interoperable con ellas.",Titular de datos,Usuarios de datos,true,false,,,,,,,,,NEEDS_REVIEW,Verificar condiciones y aplicabilidad; no convertir la lista de alternativas en una obligación universal de un único formato.,2026-09-27 01:22:03.677454,"Artículo 4, apartado 1, letra b)","Por lo que se refiere a otros modos de transporte, mediante una de las siguientes normas y especificaciones técnicas, o mediante cualquier formato digital legible por máquina que pueda demostrarse que es plenamente compatible e interoperable con dichas normas y especificaciones técnicas, por ejemplo, a través de convertidores y validadores automáticos: i) NeTEx CEN/TS 16614 y versiones posteriores; ii) las especificaciones técnicas establecidas en el Reglamento (UE) n.o 454/2011; iii) los documentos técnicos publicados bajo la autoridad de la Conferencia de servicios de pasajeros de la IATA; iv) Transmodel EN 12896, cuando no exista un protocolo de intercambio de referencia.",2024-03-04,https://eur-lex.europa.eu/legal-content/ES/TXT/HTML/?uri=CELEX:02017R1926-20240304,
EU-2017-1926-CAND-A04-P01-004,,EU-REG-2017-1926,EU-2017-1926-ART04,EU-2017-1926-SF-A04-P01-SPATIAL,,OBLIGATION,INTEROPERABILITY,SPATIAL_NETWORK_REQUIREMENT,,,"Para la red espacial, aplicar los requisitos a los que remite el artículo 7 de la Directiva 2007/2/CE.",Titular de datos,,true,false,,,,,,,,,NEEDS_REVIEW,"La obligación material requiere consultar la norma externa, que queda fuera de alcance.",2026-09-27 01:22:03.677454,"Artículo 4, apartado 1, letra c)","En relación con la red espacial, los requisitos establecidos en el artículo 7 de la Directiva 2007/2/CE.",2024-03-04,https://eur-lex.europa.eu/legal-content/ES/TXT/HTML/?uri=CELEX:02017R1926-20240304,
EU-2017-1926-CAND-A04-P02-001,,EU-REG-2017-1926,EU-2017-1926-ART04,EU-2017-1926-SF-A04-P02,,OBLIGATION,FORMAT,STATIC_MINIMUM_PROFILES,,,Los datos del punto 1 a los que resulten aplicables NeTEx y DATEX II se representarán mediante perfiles mínimos de la UE o nacionales.,Titular de datos,,true,true,,,,,,,,,NEEDS_REVIEW,La condición es la aplicabilidad de NeTEx/DATEX II; revisar perfiles vigentes sin ampliarlos en esta fase.,2026-09-27 01:22:03.677454,"Artículo 4, apartado 2","Los datos estáticos, históricos y observados sobre desplazamientos y tráfico enumerados en el punto 1 del anexo, a los que son aplicables NeTEx y DATEX II, se representarán mediante perfiles mínimos de la UE o nacionales.",2024-03-04,https://eur-lex.europa.eu/legal-content/ES/TXT/HTML/?uri=CELEX:02017R1926-20240304,EU-2017-1926-ANNEX-1
EU-2017-1926-CAND-A04-P03-001,,EU-REG-2017-1926,EU-2017-1926-ART04,EU-2017-1926-SF-A04-P03-A,,OBLIGATION,DEADLINE,STATIC_DATA_ROAD_TEN_T,,,"Facilitar los datos del punto 1.1 del anexo, salvo la excepción indicada, para la red RTE-T global a más tardar el 1 de diciembre de 2019.",Titular de datos,Usuarios de datos,true,true,,,,,,,2019-12-01,,NEEDS_REVIEW,Verificar alcance de la excepción 1.1(d)(ix) y relación entre fecha límite y formulación inclusiva.,2026-09-27 01:09:24.514856,"Artículo 4, apartado 3, letra a)","En relación con los datos de desplazamientos y tráfico establecidos en el punto 1.1 del anexo, con excepción del punto 1.1, letra d), inciso ix), para la red RTE-T global, a más tardar el 1 de diciembre de 2019.",2024-03-04,https://eur-lex.europa.eu/legal-content/ES/TXT/HTML/?uri=CELEX:02017R1926-20240304,EU-2017-1926-ANNEX-1.1
EU-2017-1926-CAND-A04-P03-002,,EU-REG-2017-1926,EU-2017-1926-ART04,EU-2017-1926-SF-A04-P03-B,,OBLIGATION,DEADLINE,STATIC_DATA_LEVEL_2_TEN_T,,,Facilitar las categorías del punto 1.2 sujetas a las excepciones expresas para la red RTE-T global a más tardar el 1 de diciembre de 2020.,Titular de datos,Usuarios de datos,true,true,,,,,,,2020-12-01,,NEEDS_REVIEW,Verificar todas las excepciones enumeradas en la letra b).,2026-09-27 01:09:24.514856,"Artículo 4, apartado 3, letra b)","En relación con los datos de desplazamientos y tráfico establecidos en el punto 1.2 del anexo, con excepción de los puntos 1.2, letra a), incisos i) y iii), y el punto 1.2, letra c), inciso ii), para la red RTE-T global, a más tardar el 1 de diciembre de 2020.",2024-03-04,https://eur-lex.europa.eu/legal-content/ES/TXT/HTML/?uri=CELEX:02017R1926-20240304,EU-2017-1926-ANNEX-1.2
EU-2017-1926-CAND-A04-P03-003,,EU-REG-2017-1926,EU-2017-1926-ART04,EU-2017-1926-SF-A04-P03-C,,OBLIGATION,DEADLINE,STATIC_DATA_LEVEL_3_TEN_T,,,Facilitar las categorías del punto 1.3 sujetas a la excepción expresa para la red RTE-T global a más tardar el 1 de diciembre de 2021.,Titular de datos,Usuarios de datos,true,true,,,,,,,2021-12-01,,NEEDS_REVIEW,Verificar alcance de la excepción 1.3(c)(iii).,2026-09-27 01:09:24.514856,"Artículo 4, apartado 3, letra c)","En relación con los datos de desplazamientos y tráfico establecidos en el punto 1.3 del anexo, con excepción del punto 1.3, letra c), inciso iii), para la red RTE-T global, a más tardar el 1 de diciembre de 2021.",2024-03-04,https://eur-lex.europa.eu/legal-content/ES/TXT/HTML/?uri=CELEX:02017R1926-20240304,EU-2017-1926-ANNEX-1.3
EU-2017-1926-CAND-A04-P03-004,,EU-REG-2017-1926,EU-2017-1926-ART04,EU-2017-1926-SF-A04-P03-D,,OBLIGATION,DEADLINE,STATIC_DATA_REST_NETWORK,,,Facilitar las categorías y modos cubiertos en los puntos 1.1 a 1.3 para las demás partes de la red de la Unión a más tardar el 1 de diciembre de 2023.,Titular de datos,Usuarios de datos,true,true,,,,,,,2023-12-01,,NEEDS_REVIEW,La letra contiene excepciones y condiciones específicas para transporte a la demanda.,2026-09-27 01:09:24.514856,"Artículo 4, apartado 3, letra d)","En relación con los datos de desplazamientos y tráfico establecidos en los puntos 1.1, 1.2 y 1.3 del anexo, con excepción del punto 1.1, letra d), inciso ix), el punto 1.2, letra a), incisos i), iii) y vii), y el punto 1.2, letra c), inciso ii), el punto 1.3, letra c), inciso iii), así como el punto 1.2, letra c), inciso i), y el punto 1.3, letra a), incisos ii) y iii), con respecto al transporte a la demanda, para las demás partes de la red de transporte de la Unión, a más tardar el 1 de diciembre de 2023.",2024-03-04,https://eur-lex.europa.eu/legal-content/ES/TXT/HTML/?uri=CELEX:02017R1926-20240304,EU-2017-1926-ANNEX-1.1; EU-2017-1926-ANNEX-1.2; EU-2017-1926-ANNEX-1.3
EU-2017-1926-CAND-A04-P03-005,,EU-REG-2017-1926,EU-2017-1926-ART04,EU-2017-1926-SF-A04-P03-E,,OBLIGATION,DEADLINE,STATIC_DATA_EXTENSIONS,,,Facilitar las categorías diferidas y sujetas a excepciones en toda la red de la Unión a más tardar el 1 de diciembre de 2024.,Titular de datos,Usuarios de datos,true,true,,,,,,,2024-12-01,,NEEDS_REVIEW,Verificar la lista completa de categorías exceptuadas y transporte a la demanda.,2026-09-27 01:09:24.514856,"Artículo 4, apartado 3, letra e)","En relación con los datos de desplazamientos y tráfico establecidos en el punto 1.1, letra d), inciso ix), el punto 1.2, letra a), incisos i), iii) y vii), el punto 1.2, letra c), inciso ii), el punto 1.3, letra c), inciso iii), y el punto 1.2, letra c), inciso i), y el punto 1.3, letra a), incisos ii) y iii), con respecto al transporte a la demanda del anexo, para toda la red de transporte de la Unión, a más tardar el 1 de diciembre de 2024.",2024-03-04,https://eur-lex.europa.eu/legal-content/ES/TXT/HTML/?uri=CELEX:02017R1926-20240304,EU-2017-1926-ANNEX-1.1; EU-2017-1926-ANNEX-1.2; EU-2017-1926-ANNEX-1.3
EU-2017-1926-CAND-A04-P03-006,,EU-REG-2017-1926,EU-2017-1926-ART04,EU-2017-1926-SF-A04-P03-F,,OBLIGATION,DEADLINE,STATIC_DATA_LEVEL_4,,,Facilitar el punto 1.4 del anexo en toda la red de la Unión a más tardar el 1 de diciembre de 2025.,Titular de datos,Usuarios de datos,true,false,,,,,,,2025-12-01,,NEEDS_REVIEW,La fecha y referencia al punto 1.4 son explícitas; revisar el modelado separado de alcance y plazo.,2026-09-27 01:09:24.514856,"Artículo 4, apartado 3, letra f)","En relación con los datos de desplazamientos y tráfico establecidos en el punto 1.4 del anexo para toda la red de transporte de la Unión, a más tardar el 1 de diciembre de 2025.",2024-03-04,https://eur-lex.europa.eu/legal-content/ES/TXT/HTML/?uri=CELEX:02017R1926-20240304,EU-2017-1926-ANNEX-1.4
EU-2017-1926-CAND-A04-P04-001,,EU-REG-2017-1926,EU-2017-1926-ART04,EU-2017-1926-SF-A04-P04,,OBLIGATION,ACCESS,PUBLIC_API_ACCESS,,,"Las API que faciliten los datos del anexo por el punto de acceso nacional serán públicamente accesibles, con registro previo cuando proceda.",Proveedor de API / punto de acceso nacional,Usuarios de datos,true,true,,,Acceso público; posible registro previo cuando proceda.,,,,,,NEEDS_REVIEW,El texto asigna el deber a las API sin identificar aquí a su operador.,2026-09-27 01:09:24.514856,"Artículo 4, apartado 4","Las API que proporcionen acceso a los datos estáticos, históricos y observados de desplazamientos y tráfico enumerados en el anexo a través del punto de acceso nacional establecido de conformidad con el artículo 3 serán públicamente accesibles para los usuarios de datos, cuando proceda, previamente registrados.",2024-03-04,https://eur-lex.europa.eu/legal-content/ES/TXT/HTML/?uri=CELEX:02017R1926-20240304,
EU-2017-1926-CAND-A04-P05-001,,EU-REG-2017-1926,EU-2017-1926-ART04,EU-2017-1926-SF-A04-P05,,OBLIGATION,QUALITY,REPORT_INACCURACY,,,Usuarios y titulares colaborarán para notificar sin demora las inexactitudes al titular de origen.,Usuarios de datos y titulares de datos,Titular de datos de origen,true,false,,,,,,,,,NEEDS_REVIEW,"Revisar deber compartido y el alcance de ""sin demora"" sin fijar un plazo inventado.",2026-09-27 01:09:24.514856,"Artículo 4, apartado 5","Los usuarios de datos y los titulares de datos colaborarán para garantizar que cualquier inexactitud relacionada con los datos estáticos, históricos y observados sobre desplazamientos y tráfico se notifique sin demora al titular de datos del que proceden los datos.",2024-03-04,https://eur-lex.europa.eu/legal-content/ES/TXT/HTML/?uri=CELEX:02017R1926-20240304,
EU-2017-1926-CAND-A04-P06-001,,EU-REG-2017-1926,EU-2017-1926-ART04,EU-2017-1926-SF-A04-P06,,OBLIGATION,OTHER,EXCLUDE_PERSONAL_DATA,,,Los datos facilitados por titulares a través del punto de acceso nacional no incluirán datos personales conforme a la definición remitida.,Titular de datos,,true,false,,,,,,,,,NEEDS_REVIEW,"La definición y el alcance dependen del Reglamento (UE) 2016/679; se registra la remisión, sin interpretarla.",2026-09-27 01:25:26.256889,"Artículo 4, apartado 6","Los datos facilitados por los titulares de datos a través del punto de acceso nacional no incluirán datos personales, tal como se definen en el artículo 4, apartado 1, del Reglamento (UE) 2016/679.",2024-03-04,https://eur-lex.europa.eu/legal-content/ES/TXT/HTML/?uri=CELEX:02017R1926-20240304,
EU-2017-1926-CAND-A05-P01-001,,EU-REG-2017-1926,EU-2017-1926-ART05,EU-2017-1926-SF-A05-P01,,OBLIGATION,DATA_AVAILABILITY,DYNAMIC_DATA,,,Los titulares proporcionarán por el punto de acceso nacional acceso a los datos dinámicos de los puntos 2.1 y 2.2 del anexo.,Titular de datos,Usuarios de datos,true,false,,,Por el punto de acceso nacional; datos enumerados en 2.1 y 2.2.,,,,,,NEEDS_REVIEW,Los requisitos de formato y calendario se encuentran en apartados separados.,2026-09-27 01:09:24.514856,"Artículo 5, apartado 1","Los titulares de datos proporcionarán, a través del punto de acceso nacional establecido de conformidad con el artículo 3, acceso a los datos dinámicos de desplazamientos y tráfico enumerados en los puntos 2.1 y 2.2 del anexo, con respecto a los diferentes modos y medios de transporte.",2024-03-04,https://eur-lex.europa.eu/legal-content/ES/TXT/HTML/?uri=CELEX:02017R1926-20240304,EU-2017-1926-ANNEX-2.1; EU-2017-1926-ANNEX-2.2
EU-2017-1926-CAND-A05-P01-002,,EU-REG-2017-1926,EU-2017-1926-ART05,EU-2017-1926-SF-A05-P01-ROAD,,OBLIGATION,FORMAT,ROAD_DYNAMIC_FORMAT,,,Facilitar datos dinámicos de carretera mediante los formatos a los que remiten los artículos 5 y 6.,Titular de datos,Usuarios de datos,true,false,,,,,,,,,NEEDS_REVIEW,"Interpretación depende del Reglamento (UE) 2015/962, fuera del corpus de esta iteración.",2026-09-27 01:22:03.677454,"Artículo 5, apartado 1, letra a)","Por lo que se refiere al transporte por carretera, mediante los formatos indicados en los artículos 5 y 6 del Reglamento Delegado (UE) 2015/962.",2024-03-04,https://eur-lex.europa.eu/legal-content/ES/TXT/HTML/?uri=CELEX:02017R1926-20240304,
EU-2017-1926-CAND-A05-P01-003,,EU-REG-2017-1926,EU-2017-1926-ART05,EU-2017-1926-SF-A05-P01-OTHER,,OBLIGATION,INTEROPERABILITY,OTHER_MODE_DYNAMIC_FORMAT,,,"Para otros modos, utilizar una norma/especificación enumerada o un formato digital legible por máquina que pueda demostrarse plenamente compatible e interoperable.",Titular de datos,Usuarios de datos,true,false,,,,,,,,,NEEDS_REVIEW,"SIRI es una alternativa de la lista, no una obligación universal.",2026-09-27 01:22:03.677454,"Artículo 5, apartado 1, letra b)","Por lo que se refiere a los demás modos de transporte, mediante cualquiera de las siguientes normas y especificaciones técnicas, o mediante cualquier formato digital legible por máquina que pueda demostrarse que es plenamente compatible e interoperable con dichas normas y especificaciones técnicas, por ejemplo, a través de convertidores y validadores automáticos: i) SIRI CEN/TS 15531 y versiones posteriores; ii) las especificaciones técnicas establecidas en el Reglamento (UE) n.o 454/2011.",2024-03-04,https://eur-lex.europa.eu/legal-content/ES/TXT/HTML/?uri=CELEX:02017R1926-20240304,
EU-2017-1926-CAND-A05-P02-001,,EU-REG-2017-1926,EU-2017-1926-ART05,EU-2017-1926-SF-A05-P02,,OBLIGATION,FORMAT,DYNAMIC_MINIMUM_PROFILES,,,Los datos de los puntos 2.1 y 2.2 a los que resulten aplicables SIRI y DATEX II se representarán mediante perfiles mínimos de la UE o nacionales.,Titular de datos,,true,true,,,,,,,,,NEEDS_REVIEW,La condición es la aplicabilidad de SIRI/DATEX II; revisar perfiles sin extender el alcance.,2026-09-27 01:22:03.677454,"Artículo 5, apartado 2","Los datos dinámicos sobre desplazamientos y tráfico a que se refieren los puntos 2.1 y 2.2 del anexo, a los que son aplicables SIRI y DATEX II, se representarán mediante perfiles mínimos de la UE o nacionales.",2024-03-04,https://eur-lex.europa.eu/legal-content/ES/TXT/HTML/?uri=CELEX:02017R1926-20240304,EU-2017-1926-ANNEX-2.1; EU-2017-1926-ANNEX-2.2
EU-2017-1926-CAND-A05-P03-001,,EU-REG-2017-1926,EU-2017-1926-ART05,EU-2017-1926-SF-A05-P03-A,,OBLIGATION,DEADLINE,DYNAMIC_DATA_LEVEL_1_TEN_T,,,Facilitar los datos del punto 2.1 del anexo para la red RTE-T global a más tardar el 1 de diciembre de 2025.,Titular de datos,Usuarios de datos,true,false,,,,,,,2025-12-01,,NEEDS_REVIEW,Fecha explícita; revisar la relación con la disponibilidad efectiva y el alcance de transporte.,2026-09-27 01:09:24.514856,"Artículo 5, apartado 3, letra a)","En relación con los datos de desplazamientos y tráfico establecidos en el punto 2.1 del anexo para la red RTE-T global, a más tardar el 1 de diciembre de 2025.",2024-03-04,https://eur-lex.europa.eu/legal-content/ES/TXT/HTML/?uri=CELEX:02017R1926-20240304,EU-2017-1926-ANNEX-2.1
EU-2017-1926-CAND-A05-P03-002,,EU-REG-2017-1926,EU-2017-1926-ART05,EU-2017-1926-SF-A05-P03-B,,OBLIGATION,DEADLINE,DYNAMIC_DATA_LEVEL_2_TEN_T,,,Facilitar los datos del punto 2.2 del anexo para la red RTE-T global a más tardar el 1 de diciembre de 2026.,Titular de datos,Usuarios de datos,true,false,,,,,,,2026-12-01,,NEEDS_REVIEW,Fecha explícita; revisar el alcance de transporte.,2026-09-27 01:09:24.514856,"Artículo 5, apartado 3, letra b)","En relación con los datos de desplazamientos y tráfico establecidos en el punto 2.2 del anexo para la red RTE-T global, a más tardar el 1 de diciembre de 2026.",2024-03-04,https://eur-lex.europa.eu/legal-content/ES/TXT/HTML/?uri=CELEX:02017R1926-20240304,EU-2017-1926-ANNEX-2.2
EU-2017-1926-CAND-A05-P03-003,,EU-REG-2017-1926,EU-2017-1926-ART05,EU-2017-1926-SF-A05-P03-C,,OBLIGATION,DEADLINE,DYNAMIC_DATA_REST_NETWORK,,,Facilitar datos de los puntos 2.1 y 2.2 para las demás partes de la red de la Unión a más tardar el 1 de diciembre de 2028.,Titular de datos,Usuarios de datos,true,false,,,,,,,2028-12-01,,NEEDS_REVIEW,Fecha explícita; revisar el alcance de transporte y categorías.,2026-09-27 01:09:24.514856,"Artículo 5, apartado 3, letra c)","En relación con los datos de desplazamientos y tráfico establecidos en los puntos 2.1 y 2.2 del anexo para las demás partes de la red de transporte de la Unión, a más tardar el 1 de diciembre de 2028.",2024-03-04,https://eur-lex.europa.eu/legal-content/ES/TXT/HTML/?uri=CELEX:02017R1926-20240304,EU-2017-1926-ANNEX-2.1; EU-2017-1926-ANNEX-2.2
EU-2017-1926-CAND-A05-P04-001,,EU-REG-2017-1926,EU-2017-1926-ART05,EU-2017-1926-SF-A05-P04,,OBLIGATION,FORMAT,DYNAMIC_OCCUPANCY_FORMAT,,,"Si el Estado miembro decide canalizar los datos del punto 2.3 por el NAP, los titulares utilizarán SIRI o un formato digital demostrablemente plenamente compatible e interoperable.",Titular de datos,Usuarios de datos,true,true,,,,,,,,,NEEDS_REVIEW,La obligación es condicional a una decisión estatal; no generalizar SIRI fuera de este supuesto.,2026-09-27 01:09:24.514856,"Artículo 5, apartado 4","Cada Estado miembro podrá decidir que los titulares de datos faciliten los datos dinámicos de desplazamientos y tráfico de los diferentes modos de transporte enumerados en el punto 2.3 del anexo, en el territorio de dicho Estado miembro, a través del punto de acceso nacional establecido de conformidad con el artículo 3. En ese caso, los titulares de datos utilizarán SIRI CEN/TS 15531 y versiones posteriores o cualquier formato digital legible por máquina que pueda demostrarse que es plenamente compatible e interoperable con dichas normas y especificaciones técnicas.",2024-03-04,https://eur-lex.europa.eu/legal-content/ES/TXT/HTML/?uri=CELEX:02017R1926-20240304,EU-2017-1926-ANNEX-2.3
EU-2017-1926-CAND-A06-P02-001,,EU-REG-2017-1926,EU-2017-1926-ART06,EU-2017-1926-SF-A06-P02,,OBLIGATION,UPDATE,UPDATE_AND_CORRECT,,,"Ante cambios, los titulares actualizarán los datos pertinentes y los harán accesibles en plazo fiable y efectivo; anticiparán actualizaciones conocidas y corregirán inexactitudes oportunamente.",Titular de datos,Usuarios de datos y usuarios finales,true,true,,,A través del punto de acceso nacional.,,,,,,NEEDS_REVIEW,"Señalar que ""plazo fiable y efectivo"" y ""oportunamente"" son criterios jurídicos, no fechas fijas.",2026-09-27 01:09:24.514856,"Artículo 6, apartado 2","Cuando se produzcan cambios en los datos a que se refiere el apartado 1 del presente artículo, los titulares de datos actualizarán los datos estáticos, históricos, observados y dinámicos pertinentes de desplazamientos y tráfico enumerados en el anexo y los harán accesibles a través del punto de acceso nacional establecido de conformidad con el artículo 3 en un plazo que permita su utilización fiable y efectiva, de conformidad con el artículo 8. Cuando los cambios se conozcan con antelación, los titulares de datos también facilitarán dichas actualizaciones a los usuarios de datos con antelación. Además, corregirán oportunamente cualquier inexactitud que detecten o que les indiquen los usuarios de datos y los usuarios finales.",2024-03-04,https://eur-lex.europa.eu/legal-content/ES/TXT/HTML/?uri=CELEX:02017R1926-20240304,
EU-2017-1926-CAND-A07-P01-001,,EU-REG-2017-1926,EU-2017-1926-ART07,EU-2017-1926-SF-A07-P01,,OBLIGATION,ROUTING,ROUTING_RESULTS_ON_REQUEST,,,"A solicitud, los proveedores comunicarán a otro proveedor resultados de encaminamiento basados en los datos enumerados.",Proveedor de servicios de información sobre desplazamientos,Otro proveedor solicitante,true,true,,,,,,,,,NEEDS_REVIEW,La activación requiere solicitud; revisar alcance de servicio y resultado.,2026-09-27 01:09:24.514856,"Artículo 7, apartado 1","Previa solicitud, los proveedores de servicios de información sobre desplazamientos comunicarán a otro proveedor de servicios de información sobre desplazamientos los resultados de encaminamiento sobre la base de información estática, histórica, observada y dinámica de desplazamientos y tráfico.",2024-03-04,https://eur-lex.europa.eu/legal-content/ES/TXT/HTML/?uri=CELEX:02017R1926-20240304,
EU-2017-1926-CAND-A08-P01-001,,EU-REG-2017-1926,EU-2017-1926-ART08,EU-2017-1926-SF-A08-P01,,OBLIGATION,QUALITY,DATA_QUALITY_AND_ACCESS,,,"Los datos del anexo y sus metadatos serán accesibles para intercambio y reutilización no discriminatorios y en plazo fiable y efectivo; serán exactos, actualizados y basados en requisitos mínimos de calidad.",Titular de datos; Estado miembro,Usuarios de datos,true,false,,,,,,,,,NEEDS_REVIEW,La misma disposición asigna acuerdo de requisitos mínimos de calidad a Estados miembros; considerar dividir por actor y deber.,2026-09-27 01:09:24.514856,"Artículo 8, apartado 1","Los datos de desplazamientos y tráfico enumerados en el anexo y los metadatos correspondientes, incluida la información sobre su calidad, serán accesibles para su intercambio y reutilización dentro de la Unión de forma no discriminatoria, a través del punto de acceso nacional establecido de conformidad con el artículo 3 y en un plazo que permita la reutilización fiable y efectiva de los datos. Esos datos serán exactos, actualizados y se basarán en requisitos mínimos de calidad. A tal efecto, los Estados miembros, en cooperación con las partes interesadas pertinentes de los STI, alcanzarán un acuerdo sobre dichos requisitos mínimos de calidad de los datos.",2024-03-04,https://eur-lex.europa.eu/legal-content/ES/TXT/HTML/?uri=CELEX:02017R1926-20240304,
EU-2017-1926-CAND-A08-P02-001,,EU-REG-2017-1926,EU-2017-1926-ART08,EU-2017-1926-SF-A08-P02,,OBLIGATION,REUSE,NEUTRAL_RANKING_AND_PRESENTATION,,,"La reutilización y ordenación de opciones debe ser neutral, transparente y no discriminatoria, y la primera presentación no debe inducir a error.",Usuario de datos / proveedor de servicio,Usuarios finales,true,false,,,,,,,,,NEEDS_REVIEW,Revisar sujeto obligado y atomización de reglas.,2026-09-27 01:09:24.514856,"Artículo 8, apartado 2","Los datos a que se hace referencia en el apartado 1 deberán reutilizarse de manera neutral sin discriminación o parcialidad alguna con respecto al titular de los datos. Los criterios utilizados para ordenar las opciones de desplazamiento de los diferentes modos de transporte, o combinaciones de estos, o ambas cosas, deberán ser transparentes y no estar basados en ningún factor directa o indirectamente relacionado con la identidad del usuario de datos o del usuario final o, si la hubiera, la consideración comercial relacionada con la reutilización de los datos, y deberán aplicarse de forma no discriminatoria a todos los usuarios de datos o usuarios finales participantes. La primera presentación de itinerario de viaje no deberá inducir a error al usuario final.",2024-03-04,https://eur-lex.europa.eu/legal-content/ES/TXT/HTML/?uri=CELEX:02017R1926-20240304,
EU-2017-1926-CAND-A08-P03-001,,EU-REG-2017-1926,EU-2017-1926-ART08,EU-2017-1926-SF-A08-P03,,OBLIGATION,METADATA,SOURCE_AND_UPDATE_INTERVAL,,,Al reutilizar los datos se indicará su fuente si lo solicita el titular y también el intervalo de actualización en los términos indicados.,Usuario de datos,Usuarios de datos y finales,true,true,,,,,,,,,NEEDS_REVIEW,La indicación de fuente es condicional a solicitud; la norma limita cuándo puede indicarse el intervalo dinámico.,2026-09-27 01:09:24.514856,"Artículo 8, apartado 3","Cuando se reutilicen los datos estáticos, históricos, observados y dinámicos de desplazamientos y tráfico, se indicará la fuente de dichos datos, si el titular de datos así lo solicita. Se indicará asimismo el intervalo de actualización de los datos estáticos, históricos, observados y, cuando sea posible, dinámicos.",2024-03-04,https://eur-lex.europa.eu/legal-content/ES/TXT/HTML/?uri=CELEX:02017R1926-20240304,
EU-2017-1926-CAND-A09-P01-001,,EU-REG-2017-1926,EU-2017-1926-ART09,EU-2017-1926-SF-A09-P01,,PROCEDURAL,ASSESSMENT,MEMBER_STATE_ASSESSMENT,,,Los Estados miembros evaluarán el cumplimiento por titulares y proveedores de los requisitos de los artículos 3 a 8.,Estado miembro,—,true,false,,,,,,,,,NEEDS_REVIEW,No convertir esta evaluación en una regla automática ni en una conclusión por fallo GTFS.,2026-09-27 01:09:24.514856,"Artículo 9, apartado 1",Los Estados miembros evaluarán si los titulares de datos y los proveedores de servicios de información sobre desplazamientos cumplen los requisitos establecidos en los artículos 3 a 8.,2024-03-04,https://eur-lex.europa.eu/legal-content/ES/TXT/HTML/?uri=CELEX:02017R1926-20240304,
EU-2017-1926-CAND-A10-P01-001,EU-2017-1926-REQ-A10-P01-001,EU-REG-2017-1926,EU-2017-1926-ART10,EU-2017-1926-SF-A10-P01,,OBLIGATION,REPORTING,NAP_ESTABLISHMENT_REPORT,,,"Los Estados miembros deben remitir a la Comisión un informe sobre medidas para establecer el punto de acceso nacional y sus modalidades de funcionamiento, a más tardar el 1 de diciembre de 2019.",Estado miembro,Comisión Europea,true,false,,,,,,,2019-12-01,,APPROVED,"Fecha, actor, destinatario y objeto están expresos; obligación histórica vencida.",2026-09-27 01:09:24.514856,"Artículo 10, apartado 1","A más tardar el 1 de diciembre de 2019, los Estados miembros remitirán a la Comisión un informe sobre las posibles medidas emprendidas para establecer un punto de acceso nacional y sobre las modalidades de su funcionamiento.",2024-03-04,https://eur-lex.europa.eu/legal-content/ES/TXT/HTML/?uri=CELEX:02017R1926-20240304,
EU-2017-1926-CAND-A10-P02-001,,EU-REG-2017-1926,EU-2017-1926-ART10,EU-2017-1926-SF-A10-P02,,OBLIGATION,REPORTING,PROGRESS_REPORT_DATA,,,"Los Estados miembros proporcionarán en los informes de progreso información sobre avances, cobertura/calidad, conexiones, resultados de evaluación y cambios del NAP cuando proceda.",Estado miembro,Comisión Europea,true,true,,,,,,,,,NEEDS_REVIEW,"Periodicidad y marco del informe remiten a la Directiva 2010/40/UE, fuera de este alcance.",2026-09-27 01:09:24.514856,"Artículo 10, apartado 2","Los Estados miembros proporcionarán a la Comisión la siguiente información dentro de los informes sobre los progresos realizados a que se refiere el artículo 17, apartado 3, de la Directiva 2010/40/UE: a) los avances realizados en términos de accesibilidad e intercambio de los tipos de datos de desplazamientos y tráfico establecidos en el anexo; b) la cobertura geográfica de los datos que figuran en el anexo accesibles a través del punto de acceso nacional establecido de conformidad con el artículo 3, y su calidad, incluidos los criterios utilizados para definir esa calidad y los medios utilizados para supervisarla; c) la conexión de servicios de información sobre desplazamientos; d) los resultados de la evaluación del cumplimiento a que se refiere el artículo 9, apartado 1; y e) cuando proceda, una descripción de los cambios en el punto de acceso nacional establecido de conformidad con el artículo 3.",2024-03-04,https://eur-lex.europa.eu/legal-content/ES/TXT/HTML/?uri=CELEX:02017R1926-20240304,
