artifact_path,sha256
03_Compliance/reports/phase_2/freeze/APPROVED_MATERIALIZED_RECONCILIATION.csv,59bc73e1e64de6995e2881bba5a62929ac3bd5a3e3749688b32551b94815d910
03_Compliance/reports/phase_2/freeze/DATABASE_READ_ONLY_SNAPSHOT.json,91725878e4db04e08961afb4d2012005f3a220613340d94fab160a831e905348
03_Compliance/reports/phase_2/freeze/FINAL_RESULT.json,a49f824bc19f64f499f32bcf597be7d53e8b8b4f155274a34c3b6b5983c7a3ae
03_Compliance/reports/phase_2/freeze/FREEZE_ISSUES.csv,6664dfe4797f9aba0817111e1f880e6244db8fddc2b12713d7d8881202497a8b
03_Compliance/reports/phase_2/freeze/GIT_STATUS_AFTER.txt,692753effeb8fdcae10e2e074ca0d547509874a95512c06ad37d317036a29db6
03_Compliance/reports/phase_2/freeze/GIT_STATUS_BEFORE.txt,692753effeb8fdcae10e2e074ca0d547509874a95512c06ad37d317036a29db6
03_Compliance/reports/phase_2/freeze/LEGAL_SOURCE_HASH_CHECKS.csv,324b1801107dd5313f8b66ce83305f368f2048d3d3ab0c0fb0ee7c2732273908
03_Compliance/reports/phase_2/freeze/PHASE_2_ARTIFACT_INVENTORY.csv,8ef43940ea2d2f23d0fc40e61f81ff4b945f68524b5f240665c8b673a9713703
03_Compliance/reports/phase_2/freeze/PHASE_2_FINAL_DEADLINES.csv,fd90dd1fbcdc6b80b086c58e4a4b630176ac9c308f936ea0c8a9da26284fc11b
03_Compliance/reports/phase_2/freeze/PHASE_2_FINAL_FREEZE_REVIEW.csv,dd791fbcbed5b0081558ab8115b7d639e3a4f4a2a83eef13a01abcf068fede40
03_Compliance/reports/phase_2/freeze/PHASE_2_FINAL_FREEZE_REVIEW.md,993a712a080f457dba1bdc6f70bab51ba2343da0266442bdc0eafbb374fc9ce1
03_Compliance/reports/phase_2/freeze/PHASE_2_FINAL_REQUIREMENTS.csv,f46f98339ebe4c6194be23b5a9800346df659c6a9df68c0a101a0b07e46fee72
03_Compliance/reports/phase_2/freeze/PHASE_2_FINAL_SOURCE_FACTS.csv,5f82d4153adf5b1139d4e9abc182904cfd3e7775027d2b837878d6dc6a204907
03_Compliance/reports/phase_2/freeze/PHASE_2_REPRODUCIBILITY_MATRIX.csv,5d0f1caeaa877e010babe1b048e874f859b24086450aa6a79d5c84afe2e9c35e
03_Compliance/reports/phase_2/freeze/PROTECTED_FILE_HASHES_BEFORE.json,84a9430d9b1414debd4e69b1eda8883a6437b85e35703f2d33239f333f4730f8
03_Compliance/reports/phase_2/freeze/review_phase_2_freeze.py,2072e71c6eaec838816a72a4b7d98f41b0b25f8e202e8fb7e1c66d0fa444cfb8
03_Compliance/reports/phase_2/freeze/SHA256_BEFORE_AFTER.json,8ea99f9ac775c68c88402e03ab8b6788b71c45f29f504a8820ed45e156a335d6
03_Compliance/reports/phase_2/freeze/VERIFIED_TEST_RESULTS.csv,110a749c8deb879e715905d65920b5d9343eaec6149e003bb633513366ea5f6d
