step,classification,artifact_paths,execution_performed,notes
Phase 2 extraction,REPRODUCIBLE,03_Compliance/sql/00_setup/run_phase_2_2017_1926.ps1 | 03_Compliance/sql/00_setup/003_phase_2_engine_schema.sql | 03_Compliance/sql/00_setup/004_phase_2_2017_1926_seed.sql,NO,From frozen Phase 1 inputs in an isolated copy; write pipeline not run in freeze review.
Candidate generation,REPRODUCIBLE,03_Compliance/sql/00_setup/004_phase_2_2017_1926_seed.sql,NO,"Deterministic seed; human source selection retained in SQL, not an automatic legal extractor."
Gate 1 decisions and atomic proposals,MANUAL_HUMAN_DECISION,03_Compliance/reports/phase_2/review/gate_1/HUMAN_DECISION_MATRIX_V1.csv | 03_Compliance/reports/phase_2/review/gate_1/PROPOSED_ATOMIC_REQUIREMENTS_V1.csv,NO,Documented review inputs/decisions. No standalone report generator present; replay requires human review.
Gate 1 reconciliation,MANUAL_HUMAN_DECISION,03_Compliance/reports/phase_2/review/gate_1/GATE_1_RECONCILIATION.md | 03_Compliance/reports/phase_2/review/gate_1/GATE_1_RECONCILIATION.csv,NO,Human temporal/conflict reconciliation; historical V1 evidence retained.
Gate 2 review pack,REVIEW_ONLY,03_Compliance/reports/phase_2/review/gate_2/GATE_2_REVIEW_PACK.csv | 03_Compliance/reports/phase_2/review/gate_2/GATE_2_REVIEW_PACK.md,NO,"Persisted review pack, no standalone generator found; regeneration is documented manual review."
Gate 2 exception resolution,MANUAL_HUMAN_DECISION,03_Compliance/reports/phase_2/review/gate_2/resolution/GATE_2_EXCEPTION_RESOLUTION.csv | 03_Compliance/reports/phase_2/review/gate_2/resolution/GATE_2_FINAL_ATOMIC_UNIVERSE.csv,NO,"Human changes, splits, modality and actor decisions; not automatically reproducible."
Article 9(3) source fact persistence,REPRODUCIBLE,03_Compliance/reports/phase_2/review/gate_2/materialization/persist_article_9_3.py | 03_Compliance/reports/phase_2/review/gate_2/resolution/ARTICLE_9_3_SOURCE_FACT_PROPOSAL.csv,NO,Controlled persistence requires its original entry SHA and authorized proposal on isolated copy.
Test baseline reconciliation,REPRODUCIBLE,03_Compliance/reports/phase_2/review/gate_2/materialization/reconcile_test_baseline.py | 03_Compliance/TEST_BASELINE_POLICY.md,NO,Read-only script; phase-sensitive entry assertions require historical state.
Requirements materialization,REPRODUCIBLE,03_Compliance/reports/phase_2/materialization/materialize_requirements.py | 03_Compliance/reports/phase_2/materialization/REQUIREMENTS_MATERIALIZATION_INPUT.csv | 03_Compliance/reports/phase_2/materialization/CONTROLLED_TRANSACTION.sql,NO,prepare/apply/finalize on isolated historical state; exact pre-write SHA guard; never replay on current live DB.
Post-materialization tests,REPRODUCIBLE,03_Compliance/sql/07_tests/phase_2/test_phase_2_post_materialization_gate.sql,NO,duckdb -no-init -batch -bail -readonly -json; saved complete 387 checks validated here.
Historical Phase 1 master,MISSING,03_Compliance/sql/07_tests/source/test_phase_1_master.sql,NO,Frozen assertions preserved. Mutable requirements=0 mismatch is expected on current DB. Missing: ['03_Compliance/sql/07_tests/source/test_phase_1_master.sql']
Final freeze verification,REPRODUCIBLE,03_Compliance\reports\phase_2\freeze\review_phase_2_freeze.py,NO,Run only in a fresh output location; current evidence is never overwritten.
