check,status,classification,expected,actual,evidence
DATABASE_ENTRY_SHA,PASS,INFORMATIONAL,823999a9c63e4ebe68746d52b7ba1a0048efec74a7347a4bee05f66fe03453e3,823999a9c63e4ebe68746d52b7ba1a0048efec74a7347a4bee05f66fe03453e3,03_Compliance\databases\transit_compliance.duckdb
ALL_TABLES_MATCH_MATERIALIZATION,PASS,INFORMATIONAL,PASS,,materialization/DATABASE_AFTER.json
ENTRY_COUNTS,PASS,INFORMATIONAL,"{""source.provisions"": 92, ""compliance.source_facts"": 36, ""compliance.requirements"": 48, ""compliance.deadlines"": 10, ""mapping.format_coverage"": 0, ""audit.rules"": 0}","{""source.provisions"": 92, ""compliance.source_facts"": 36, ""compliance.requirements"": 48, ""compliance.deadlines"": 10, ""mapping.format_coverage"": 0, ""audit.rules"": 0}",DATABASE_READ_ONLY_SNAPSHOT.json
PHASE_1_PROTECTED_DOCUMENTS,PASS,INFORMATIONAL,PASS,,03_Compliance\reports\phase_2\baseline\PHASE_1_SOURCE_DOCUMENTS.csv
PHASE_1_PROTECTED_PROVISIONS,PASS,INFORMATIONAL,PASS,,03_Compliance\reports\phase_2\baseline\PHASE_1_SOURCE_PROVISIONS.csv
PHASE_1_PROTECTED_RELATIONSHIPS,PASS,INFORMATIONAL,PASS,,03_Compliance\reports\phase_2\baseline\PHASE_1_SOURCE_RELATIONSHIPS.csv
LEGAL_HASHES,PASS,INFORMATIONAL,10,10,LEGAL_SOURCE_HASH_CHECKS.csv
EU_PROVISIONS,PASS,INFORMATIONAL,92,92,DATABASE_READ_ONLY_SNAPSHOT.json
SOURCE_FACT_INTEGRITY,PASS,INFORMATIONAL,[],[],DATABASE_READ_ONLY_SNAPSHOT.json
ARTICLE_9_3_SOURCE_FACT,PASS,INFORMATIONAL,PASS,,PHASE_2_FINAL_SOURCE_FACTS.csv
UNIVERSE_1_TO_1,PASS,INFORMATIONAL,PASS,"{""missing"": 0, ""orphans"": 0, ""duplicates"": 0, ""conflicts"": 0}",APPROVED_MATERIALIZED_RECONCILIATION.csv
SPLIT_CHILDREN_NO_PARENTS,PASS,INFORMATIONAL,PASS,,APPROVED_MATERIALIZED_RECONCILIATION.csv
ARTICLE_9_MODALITIES,PASS,INFORMATIONAL,PASS,,APPROVED_MATERIALIZED_RECONCILIATION.csv
HUMAN_STATUS_DISTRIBUTION,PASS,INFORMATIONAL,PASS,"{""APPROVED_PENDING_MATERIALIZATION"": 31, ""APPROVED_WITH_EXTERNAL_DEPENDENCY"": 7, ""APPROVED_WITH_CHANGES_PENDING_MATERIALIZATION"": 9, ""READY_PENDING_SOURCE_FACT_PERSISTENCE"": 1}",resolution/GATE_2_FINAL_ATOMIC_UNIVERSE.csv
GATE_2_CLOSED,PASS,INFORMATIONAL,PASS,,materialization/HUMAN_REVIEW_GATE_2_CLOSURE.md
GATE_1_CLOSED,PASS,INFORMATIONAL,PASS,,review/gate_1/HUMAN_REVIEW_GATE_1_SUMMARY.md
TEMPORAL_MODEL,PASS,INFORMATIONAL,PASS,"{""NONE"": 32, ""EXPLICIT_DATE"": 10, ""FUNCTIONAL_TIME_REQUIREMENT"": 5, ""EXTERNAL_SCHEDULE_REFERENCE"": 1}",resolution/GATE_2_FINAL_ATOMIC_UNIVERSE.csv
G2_030_FUNCTIONAL,PASS,INFORMATIONAL,PASS,,PHASE_2_FINAL_REQUIREMENTS.csv
DEADLINES_RECONCILIATION,PASS,INFORMATIONAL,[],[],materialization/DEADLINE_MATERIALIZATION_PLAN.csv
ARTICLE_10_1_REUSED,PASS,INFORMATIONAL,PASS,,materialization/DEADLINES_BEFORE.csv
NO_INVENTED_DATES,PASS,INFORMATIONAL,PASS,,PHASE_2_FINAL_DEADLINES.csv
EXTERNAL_DEPENDENCIES_UNCHANGED,PASS,INFORMATIONAL,7,7,resolution/GATE_2_FINAL_ATOMIC_UNIVERSE.csv
NO_UNSUPPORTED_FORMAT_OBLIGATIONS,PASS,INFORMATIONAL,PASS,,"Approved fields compared exactly; NeTEx/SIRI/DATEX source alternatives preserved, not reinterpreted"
AUDITABILITY_BOUNDARY,PASS,INFORMATIONAL,PASS,,DATABASE_READ_ONLY_SNAPSHOT.json
FORMAT_MAPPING_BOUNDARY,PASS,INFORMATIONAL,PASS,,DATABASE_READ_ONLY_SNAPSHOT.json
KNOWN_ANOMALIES_PRESERVED,PASS,INFORMATIONAL,PASS,,PHASE_2_SOURCE_ANOMALIES.csv and protected corpus comparison
TEST_ARCHITECTURE,PASS,INFORMATIONAL,PASS,,03_Compliance/TEST_BASELINE_POLICY.md
PERSISTED_TEST_test_phase_1_invariants,PASS,INFORMATIONAL,PASS,PASS,materialization/test_phase_1_invariants.json + exit_code.txt
PERSISTED_TEST_test_phase_1_master,PASS,INFORMATIONAL,EXPECTED_HISTORICAL_STATE_MISMATCH,EXPECTED_HISTORICAL_STATE_MISMATCH,materialization/test_phase_1_master.json + exit_code.txt
PERSISTED_TEST_test_eu_2017_1926_master_structure,PASS,INFORMATIONAL,PASS,PASS,materialization/test_eu_2017_1926_master_structure.json + exit_code.txt
PERSISTED_TEST_test_eu_2017_1926_annex_1_1,PASS,INFORMATIONAL,PASS,PASS,materialization/test_eu_2017_1926_annex_1_1.json + exit_code.txt
PERSISTED_TEST_test_eu_2017_1926_annex_1_2,PASS,INFORMATIONAL,PASS,PASS,materialization/test_eu_2017_1926_annex_1_2.json + exit_code.txt
PERSISTED_TEST_test_eu_2017_1926_annex_1_3,PASS,INFORMATIONAL,PASS,PASS,materialization/test_eu_2017_1926_annex_1_3.json + exit_code.txt
PERSISTED_TEST_test_eu_2017_1926_annex_1_4,PASS,INFORMATIONAL,PASS,PASS,materialization/test_eu_2017_1926_annex_1_4.json + exit_code.txt
PERSISTED_TEST_test_eu_2017_1926_annex_2_1,PASS,INFORMATIONAL,PASS,PASS,materialization/test_eu_2017_1926_annex_2_1.json + exit_code.txt
PERSISTED_TEST_test_eu_2017_1926_annex_2_2,PASS,INFORMATIONAL,PASS,PASS,materialization/test_eu_2017_1926_annex_2_2.json + exit_code.txt
PERSISTED_TEST_test_eu_2017_1926_annex_2_3,PASS,INFORMATIONAL,PASS,PASS,materialization/test_eu_2017_1926_annex_2_3.json + exit_code.txt
PERSISTED_TEST_test_phase_2_master,PASS,INFORMATIONAL,EXPECTED_HISTORICAL_STATE_MISMATCH,EXPECTED_HISTORICAL_STATE_MISMATCH,materialization/test_phase_2_master.json + exit_code.txt
PERSISTED_TEST_test_phase_2_pre_materialization_gate,PASS,INFORMATIONAL,EXPECTED_HISTORICAL_STATE_MISMATCH,EXPECTED_HISTORICAL_STATE_MISMATCH,materialization/test_phase_2_pre_materialization_gate.json + exit_code.txt
PERSISTED_TEST_test_phase_2_post_materialization_gate,PASS,INFORMATIONAL,PASS,PASS,materialization/test_phase_2_post_materialization_gate.json + exit_code.txt
MATERIALIZATION_PROTECTED_FILES,PASS,INFORMATIONAL,[],[],materialization/PROTECTED_FILE_HASHES.json
REPRODUCTION_COVERAGE,FAIL,BLOCKING,PASS,CONTROLLED_REPLAY_WITH_MANUAL_HUMAN_DECISIONS,PHASE_2_REPRODUCIBILITY_MATRIX.csv
MATERIALIZATION_DELTA,PASS,INFORMATIONAL,PASS,,materialization/FINAL_RESULT.json
DATABASE_EXIT_SHA,PASS,INFORMATIONAL,823999a9c63e4ebe68746d52b7ba1a0048efec74a7347a4bee05f66fe03453e3,823999a9c63e4ebe68746d52b7ba1a0048efec74a7347a4bee05f66fe03453e3,SHA256_BEFORE_AFTER.json
NO_PROTECTED_FILE_CHANGES,PASS,INFORMATIONAL,[],[],PROTECTED_FILE_HASHES_BEFORE.json
