artifact_path,artifact_type,phase,gate,purpose,authoritative,historical,sha256,notes
03_Compliance/PHASE_2_REQUIREMENTS_ENGINE.md,md,Phase 2,Extraction/baseline,"Review, provenance or execution evidence",YES,NO,79f6c49991bd216786464d48bb8cbd6662d118cdb14b826c736f62c3b3658a73,Input evidence for final freeze review; not a baseline promotion.
03_Compliance/reports/phase_2/baseline/PHASE_1_SOURCE_DOCUMENTS.csv,csv,Phase 1,Extraction/baseline,"Review, provenance or execution evidence",YES,YES,820dc0dafae8a6770e4c7eb0668dfb49bceebdfcaffc9e797aa1d0230ab1109e,Historical evidence remains authoritative for its own stage; superseded status is not current freeze truth.
03_Compliance/reports/phase_2/baseline/PHASE_1_SOURCE_PROVISIONS.csv,csv,Phase 1,Extraction/baseline,"Review, provenance or execution evidence",YES,YES,0b12a7f59e901c50827c707ed888949c304de5254d92885dbb67eb9db4121c36,Historical evidence remains authoritative for its own stage; superseded status is not current freeze truth.
03_Compliance/reports/phase_2/baseline/PHASE_1_SOURCE_RELATIONSHIPS.csv,csv,Phase 1,Extraction/baseline,"Review, provenance or execution evidence",YES,YES,0104fa13b1a99a0c2f7e5c98aca22190c4ec01a1aefa789442c7ae1bd4457af7,Historical evidence remains authoritative for its own stage; superseded status is not current freeze truth.
03_Compliance/reports/phase_2/baseline/PHASE_2_PHASE_1_BASELINE.csv,csv,Phase 1,Extraction/baseline,"Review, provenance or execution evidence",YES,YES,c0d2402681be98e2ca5528ddc2305e0fe2836d86ae4101cf487a5b89c98bf1ab,Historical evidence remains authoritative for its own stage; superseded status is not current freeze truth.
03_Compliance/reports/phase_2/materialization/ARTIFACT_MANIFEST.csv,csv,Phase 2,Materialization,"Review, provenance or execution evidence",YES,NO,93f3356e45ba71b4760d9901a272b77f173654b73ed8037f9e8000ccb264c21c,Input evidence for final freeze review; not a baseline promotion.
03_Compliance/reports/phase_2/materialization/CONTROLLED_TRANSACTION.sql,sql,Phase 2,Materialization,"Review, provenance or execution evidence",YES,NO,353d1480351d4772ba736e2c671e77699f39982e977bb6dd3ce7f7ae61e0b6be,Input evidence for final freeze review; not a baseline promotion.
03_Compliance/reports/phase_2/materialization/DATABASE_AFTER.json,json,Phase 2,Materialization,"Review, provenance or execution evidence",YES,NO,dd1371569a13ce7b32a382b7e68662e74e5b44dbb7158f95b75bbec960ed974f,Input evidence for final freeze review; not a baseline promotion.
03_Compliance/reports/phase_2/materialization/DATABASE_BEFORE.json,json,Phase 2,Materialization,"Review, provenance or execution evidence",YES,YES,5591fa4eda0013f84301f4def73b20515c00d967ce20eb304db710f98b2fef8d,Historical evidence remains authoritative for its own stage; superseded status is not current freeze truth.
03_Compliance/reports/phase_2/materialization/DEADLINE_MATERIALIZATION_PLAN.csv,csv,Phase 2,Materialization,"Review, provenance or execution evidence",YES,NO,6e836d8641548433d0d8eab53e81eae61ba53966f0a9a33d0564cf7f73948faf,Input evidence for final freeze review; not a baseline promotion.
03_Compliance/reports/phase_2/materialization/DEADLINES_AFTER.csv,csv,Phase 2,Materialization,"Review, provenance or execution evidence",YES,NO,53f9ff28329a3b3492e34b192f2a675ecbb4c53cc2947a4e0705770a79f36a3a,Input evidence for final freeze review; not a baseline promotion.
03_Compliance/reports/phase_2/materialization/DEADLINES_BEFORE.csv,csv,Phase 2,Materialization,"Review, provenance or execution evidence",YES,YES,a809c5233faee599f7632eda4fd6d920f2c54de8a35a84ac84cda8a627257ac3,Historical evidence remains authoritative for its own stage; superseded status is not current freeze truth.
03_Compliance/reports/phase_2/materialization/DISCOVERED_SCHEMA.json,json,Phase 2,Materialization,"Review, provenance or execution evidence",YES,NO,10e627695efb769481587f67fff6aebf50f12c8cec0b70b0b187541cc06c0821,Input evidence for final freeze review; not a baseline promotion.
03_Compliance/reports/phase_2/materialization/EXECUTION_NOTES.md,md,Phase 2,Materialization,"Review, provenance or execution evidence",YES,NO,1e9b71b67ca16fd09b49426a1e261d46695987995444e1397553d35764570d16,Input evidence for final freeze review; not a baseline promotion.
03_Compliance/reports/phase_2/materialization/EXISTING_REQUIREMENTS_RECONCILIATION.json,json,Phase 2,Materialization,"Review, provenance or execution evidence",YES,NO,7fa7a57ce8251ad3aa092a47759bc29120090badde53e8fe3da476f32eb2e14d,Input evidence for final freeze review; not a baseline promotion.
03_Compliance/reports/phase_2/materialization/FINAL_RESULT.json,json,Phase 2,Materialization,"Review, provenance or execution evidence",YES,NO,5f03c34af01c794c79278110c09c3d305b614716b8fc4210cb8b4b752ebf91cd,Input evidence for final freeze review; not a baseline promotion.
03_Compliance/reports/phase_2/materialization/GIT_STATUS_AFTER.txt,txt,Phase 2,Materialization,"Review, provenance or execution evidence",YES,NO,692753effeb8fdcae10e2e074ca0d547509874a95512c06ad37d317036a29db6,Input evidence for final freeze review; not a baseline promotion.
03_Compliance/reports/phase_2/materialization/GIT_STATUS_BEFORE.txt,txt,Phase 2,Materialization,"Review, provenance or execution evidence",YES,YES,692753effeb8fdcae10e2e074ca0d547509874a95512c06ad37d317036a29db6,Historical evidence remains authoritative for its own stage; superseded status is not current freeze truth.
03_Compliance/reports/phase_2/materialization/MATERIALIZATION_POST_WRITE_STATE.json,json,Phase 2,Materialization,"Review, provenance or execution evidence",YES,NO,01c4732bba05217880f258c31378d84b6af090294f8f79ea49e4b440e9c94e09,Input evidence for final freeze review; not a baseline promotion.
03_Compliance/reports/phase_2/materialization/MATERIALIZATION_PRE_WRITE_STATE.json,json,Phase 2,Materialization,"Review, provenance or execution evidence",YES,YES,5edc5f88a22cf6669dac56df1edfe6aad4263ccf985c88478b08bd6375227f13,Historical evidence remains authoritative for its own stage; superseded status is not current freeze truth.
03_Compliance/reports/phase_2/materialization/materialize_requirements.py,py,Phase 2,Materialization,"Review, provenance or execution evidence",YES,NO,418b49b3123a071138687416f87ae7b149d45abc59c0d6294e7c1694e929ff06,Input evidence for final freeze review; not a baseline promotion.
03_Compliance/reports/phase_2/materialization/MATERIALIZED_REQUIREMENT_UNIVERSE.csv,csv,Phase 2,Materialization,"Review, provenance or execution evidence",YES,NO,d8a440155c1f68a68c39c0079db602951d647f903cd2ccd5107d9446e06e20cc,Input evidence for final freeze review; not a baseline promotion.
03_Compliance/reports/phase_2/materialization/PHASE_2_REQUIREMENTS_DATABASE_DELTA.md,md,Phase 2,Materialization,"Review, provenance or execution evidence",YES,NO,387fe2a483cebdd3c92e4338837467008ad1ec78024e6f3d170a3f7bfd329e0b,Input evidence for final freeze review; not a baseline promotion.
03_Compliance/reports/phase_2/materialization/PHASE_2_REQUIREMENTS_MATERIALIZATION.md,md,Phase 2,Materialization,"Review, provenance or execution evidence",YES,NO,54c5a374ba735490b8adabbb71e3aef7812e0ff21b40ad987a3fe2909605f016,Input evidence for final freeze review; not a baseline promotion.
03_Compliance/reports/phase_2/materialization/PRE_WRITE_DATABASE_BACKUP.duckdb,duckdb,Phase 2,Materialization,"Review, provenance or execution evidence",YES,YES,0c119b4a75e6a0e7954480675cc625659fe65a1878f46dae1e496e0790d8ffec,Historical evidence remains authoritative for its own stage; superseded status is not current freeze truth.
03_Compliance/reports/phase_2/materialization/PREPARED_INSERTS.json,json,Phase 2,Materialization,"Review, provenance or execution evidence",YES,NO,5127a6aa5110d9ad6cb24ade402b29cda1dbbb6d1558ed8392d83bedd600752c,Input evidence for final freeze review; not a baseline promotion.
03_Compliance/reports/phase_2/materialization/PROTECTED_FILE_HASHES.json,json,Phase 2,Materialization,"Review, provenance or execution evidence",YES,NO,050f5b2064a67c52abd9d330410bc39b1975e6944175307b34e9d37cf86bc577,Input evidence for final freeze review; not a baseline promotion.
03_Compliance/reports/phase_2/materialization/REQUIREMENT_ID_MAP.csv,csv,Phase 2,Materialization,"Review, provenance or execution evidence",YES,NO,cc030237c1b1111144c2f83ae1a027fd18aba59502b7bd71c2de0a31d5bd9df2,Input evidence for final freeze review; not a baseline promotion.
03_Compliance/reports/phase_2/materialization/REQUIREMENTS_AFTER.csv,csv,Phase 2,Materialization,"Review, provenance or execution evidence",YES,NO,e71c2c422bed593400b29f9de6d24e5e592cb24c56a3ca3371bbe2bb644578b0,Input evidence for final freeze review; not a baseline promotion.
03_Compliance/reports/phase_2/materialization/REQUIREMENTS_BEFORE.csv,csv,Phase 2,Materialization,"Review, provenance or execution evidence",YES,YES,54407ac3bc78db324cb7e29435f0e9e4020834c85458f5c616ce53654b450255,Historical evidence remains authoritative for its own stage; superseded status is not current freeze truth.
03_Compliance/reports/phase_2/materialization/REQUIREMENTS_MATERIALIZATION_DRY_RUN.md,md,Phase 2,Materialization,"Review, provenance or execution evidence",YES,NO,05714313754a9833980e44643e839b8d4aecbdff6b380d773770420e3b74c4a1,Input evidence for final freeze review; not a baseline promotion.
03_Compliance/reports/phase_2/materialization/REQUIREMENTS_MATERIALIZATION_INPUT.csv,csv,Phase 2,Materialization,"Review, provenance or execution evidence",YES,NO,547ab74aefd34fa359b25ce4648e7188e9a68a78450bcb8736776efc5e0f2057,Input evidence for final freeze review; not a baseline promotion.
03_Compliance/reports/phase_2/materialization/SOURCE_FACTS_AFTER.csv,csv,Phase 2,Materialization,"Review, provenance or execution evidence",YES,NO,576c96b8e8956f25bcfe7792b172b6ff43119ffd20b3c994bca66ba1ac6bf4a9,Input evidence for final freeze review; not a baseline promotion.
03_Compliance/reports/phase_2/materialization/SOURCE_FACTS_BEFORE.csv,csv,Phase 2,Materialization,"Review, provenance or execution evidence",YES,YES,576c96b8e8956f25bcfe7792b172b6ff43119ffd20b3c994bca66ba1ac6bf4a9,Historical evidence remains authoritative for its own stage; superseded status is not current freeze truth.
03_Compliance/reports/phase_2/materialization/test_eu_2017_1926_annex_1_1.exit_code.txt,txt,Phase 2,Materialization,"Review, provenance or execution evidence",YES,NO,5feceb66ffc86f38d952786c6d696c79c2dbc239dd4e91b46729d73a27fb57e9,Input evidence for final freeze review; not a baseline promotion.
03_Compliance/reports/phase_2/materialization/test_eu_2017_1926_annex_1_1.json,json,Phase 2,Materialization,"Review, provenance or execution evidence",YES,NO,5de32ec590e58cde04b38f62772b9dbf3af2287f44013a7bc0c374ef2de7b699,Input evidence for final freeze review; not a baseline promotion.
03_Compliance/reports/phase_2/materialization/test_eu_2017_1926_annex_1_1.stderr.txt,txt,Phase 2,Materialization,"Review, provenance or execution evidence",YES,NO,e3b0c44298fc1c149afbf4c8996fb92427ae41e4649b934ca495991b7852b855,Input evidence for final freeze review; not a baseline promotion.
03_Compliance/reports/phase_2/materialization/test_eu_2017_1926_annex_1_2.exit_code.txt,txt,Phase 2,Materialization,"Review, provenance or execution evidence",YES,NO,5feceb66ffc86f38d952786c6d696c79c2dbc239dd4e91b46729d73a27fb57e9,Input evidence for final freeze review; not a baseline promotion.
03_Compliance/reports/phase_2/materialization/test_eu_2017_1926_annex_1_2.json,json,Phase 2,Materialization,"Review, provenance or execution evidence",YES,NO,977de70ddf107445cee837836cf66becc8bb095588109a732569b554d2dfdaff,Input evidence for final freeze review; not a baseline promotion.
03_Compliance/reports/phase_2/materialization/test_eu_2017_1926_annex_1_2.stderr.txt,txt,Phase 2,Materialization,"Review, provenance or execution evidence",YES,NO,e3b0c44298fc1c149afbf4c8996fb92427ae41e4649b934ca495991b7852b855,Input evidence for final freeze review; not a baseline promotion.
03_Compliance/reports/phase_2/materialization/test_eu_2017_1926_annex_1_3.exit_code.txt,txt,Phase 2,Materialization,"Review, provenance or execution evidence",YES,NO,5feceb66ffc86f38d952786c6d696c79c2dbc239dd4e91b46729d73a27fb57e9,Input evidence for final freeze review; not a baseline promotion.
03_Compliance/reports/phase_2/materialization/test_eu_2017_1926_annex_1_3.json,json,Phase 2,Materialization,"Review, provenance or execution evidence",YES,NO,93f2cd1c65c4b8dde8fd0df5a6a92c5d9928609b5a7039c5b5cf000da7355b12,Input evidence for final freeze review; not a baseline promotion.
03_Compliance/reports/phase_2/materialization/test_eu_2017_1926_annex_1_3.stderr.txt,txt,Phase 2,Materialization,"Review, provenance or execution evidence",YES,NO,e3b0c44298fc1c149afbf4c8996fb92427ae41e4649b934ca495991b7852b855,Input evidence for final freeze review; not a baseline promotion.
03_Compliance/reports/phase_2/materialization/test_eu_2017_1926_annex_1_4.exit_code.txt,txt,Phase 2,Materialization,"Review, provenance or execution evidence",YES,NO,5feceb66ffc86f38d952786c6d696c79c2dbc239dd4e91b46729d73a27fb57e9,Input evidence for final freeze review; not a baseline promotion.
03_Compliance/reports/phase_2/materialization/test_eu_2017_1926_annex_1_4.json,json,Phase 2,Materialization,"Review, provenance or execution evidence",YES,NO,cfab0f4f70e028e553eb471d1431f3db7c52c9f32d7fa20e745b5e1a967f4bb7,Input evidence for final freeze review; not a baseline promotion.
03_Compliance/reports/phase_2/materialization/test_eu_2017_1926_annex_1_4.stderr.txt,txt,Phase 2,Materialization,"Review, provenance or execution evidence",YES,NO,e3b0c44298fc1c149afbf4c8996fb92427ae41e4649b934ca495991b7852b855,Input evidence for final freeze review; not a baseline promotion.
03_Compliance/reports/phase_2/materialization/test_eu_2017_1926_annex_2_1.exit_code.txt,txt,Phase 2,Materialization,"Review, provenance or execution evidence",YES,NO,5feceb66ffc86f38d952786c6d696c79c2dbc239dd4e91b46729d73a27fb57e9,Input evidence for final freeze review; not a baseline promotion.
03_Compliance/reports/phase_2/materialization/test_eu_2017_1926_annex_2_1.json,json,Phase 2,Materialization,"Review, provenance or execution evidence",YES,NO,9cf14606ff83ab815131ad5e0a7a44f0309a51ee17971063b452f3f6a26b6ccd,Input evidence for final freeze review; not a baseline promotion.
03_Compliance/reports/phase_2/materialization/test_eu_2017_1926_annex_2_1.stderr.txt,txt,Phase 2,Materialization,"Review, provenance or execution evidence",YES,NO,e3b0c44298fc1c149afbf4c8996fb92427ae41e4649b934ca495991b7852b855,Input evidence for final freeze review; not a baseline promotion.
03_Compliance/reports/phase_2/materialization/test_eu_2017_1926_annex_2_2.exit_code.txt,txt,Phase 2,Materialization,"Review, provenance or execution evidence",YES,NO,5feceb66ffc86f38d952786c6d696c79c2dbc239dd4e91b46729d73a27fb57e9,Input evidence for final freeze review; not a baseline promotion.
03_Compliance/reports/phase_2/materialization/test_eu_2017_1926_annex_2_2.json,json,Phase 2,Materialization,"Review, provenance or execution evidence",YES,NO,2df8fe31461660afa64c712ac9d74b3ba63a0283e83b749b22b6f63c54680623,Input evidence for final freeze review; not a baseline promotion.
03_Compliance/reports/phase_2/materialization/test_eu_2017_1926_annex_2_2.stderr.txt,txt,Phase 2,Materialization,"Review, provenance or execution evidence",YES,NO,e3b0c44298fc1c149afbf4c8996fb92427ae41e4649b934ca495991b7852b855,Input evidence for final freeze review; not a baseline promotion.
03_Compliance/reports/phase_2/materialization/test_eu_2017_1926_annex_2_3.exit_code.txt,txt,Phase 2,Materialization,"Review, provenance or execution evidence",YES,NO,5feceb66ffc86f38d952786c6d696c79c2dbc239dd4e91b46729d73a27fb57e9,Input evidence for final freeze review; not a baseline promotion.
03_Compliance/reports/phase_2/materialization/test_eu_2017_1926_annex_2_3.json,json,Phase 2,Materialization,"Review, provenance or execution evidence",YES,NO,6bf3c19f171944782c9712518d3613cdb1ce8da3cf6f42cd35aa9530bd660453,Input evidence for final freeze review; not a baseline promotion.
03_Compliance/reports/phase_2/materialization/test_eu_2017_1926_annex_2_3.stderr.txt,txt,Phase 2,Materialization,"Review, provenance or execution evidence",YES,NO,e3b0c44298fc1c149afbf4c8996fb92427ae41e4649b934ca495991b7852b855,Input evidence for final freeze review; not a baseline promotion.
03_Compliance/reports/phase_2/materialization/test_eu_2017_1926_master_structure.exit_code.txt,txt,Phase 2,Materialization,"Review, provenance or execution evidence",YES,NO,5feceb66ffc86f38d952786c6d696c79c2dbc239dd4e91b46729d73a27fb57e9,Input evidence for final freeze review; not a baseline promotion.
03_Compliance/reports/phase_2/materialization/test_eu_2017_1926_master_structure.json,json,Phase 2,Materialization,"Review, provenance or execution evidence",YES,NO,02ac43dd6325a309490f32fea0dfa80b7f46707a369b60b582ef407487294337,Input evidence for final freeze review; not a baseline promotion.
03_Compliance/reports/phase_2/materialization/test_eu_2017_1926_master_structure.stderr.txt,txt,Phase 2,Materialization,"Review, provenance or execution evidence",YES,NO,e3b0c44298fc1c149afbf4c8996fb92427ae41e4649b934ca495991b7852b855,Input evidence for final freeze review; not a baseline promotion.
03_Compliance/reports/phase_2/materialization/test_phase_1_invariants.exit_code.txt,txt,Phase 1,Materialization,"Review, provenance or execution evidence",YES,NO,5feceb66ffc86f38d952786c6d696c79c2dbc239dd4e91b46729d73a27fb57e9,Input evidence for final freeze review; not a baseline promotion.
03_Compliance/reports/phase_2/materialization/test_phase_1_invariants.json,json,Phase 1,Materialization,"Review, provenance or execution evidence",YES,NO,b35e16499b4bbd571c495eb44061ba52b707e73c529e3b5db74f48636a3ea0ac,Input evidence for final freeze review; not a baseline promotion.
03_Compliance/reports/phase_2/materialization/test_phase_1_invariants.stderr.txt,txt,Phase 1,Materialization,"Review, provenance or execution evidence",YES,NO,e3b0c44298fc1c149afbf4c8996fb92427ae41e4649b934ca495991b7852b855,Input evidence for final freeze review; not a baseline promotion.
03_Compliance/reports/phase_2/materialization/test_phase_1_master.exit_code.txt,txt,Phase 1,Materialization,"Review, provenance or execution evidence",YES,NO,5feceb66ffc86f38d952786c6d696c79c2dbc239dd4e91b46729d73a27fb57e9,Input evidence for final freeze review; not a baseline promotion.
03_Compliance/reports/phase_2/materialization/test_phase_1_master.json,json,Phase 1,Materialization,"Review, provenance or execution evidence",YES,YES,2031a6ed113f3f00f358716763a4e865abf1ef2426df2365593eaac821110275,Historical evidence remains authoritative for its own stage; superseded status is not current freeze truth.
03_Compliance/reports/phase_2/materialization/test_phase_1_master.stderr.txt,txt,Phase 1,Materialization,"Review, provenance or execution evidence",YES,NO,e3b0c44298fc1c149afbf4c8996fb92427ae41e4649b934ca495991b7852b855,Input evidence for final freeze review; not a baseline promotion.
03_Compliance/reports/phase_2/materialization/test_phase_2_master.exit_code.txt,txt,Phase 2,Materialization,"Review, provenance or execution evidence",YES,NO,5feceb66ffc86f38d952786c6d696c79c2dbc239dd4e91b46729d73a27fb57e9,Input evidence for final freeze review; not a baseline promotion.
03_Compliance/reports/phase_2/materialization/test_phase_2_master.json,json,Phase 2,Materialization,"Review, provenance or execution evidence",YES,YES,ca9335e00e8af2ea219cfb3c0aef3c2f9c51392a241ee32df16b469efb1547e2,Historical evidence remains authoritative for its own stage; superseded status is not current freeze truth.
03_Compliance/reports/phase_2/materialization/test_phase_2_master.stderr.txt,txt,Phase 2,Materialization,"Review, provenance or execution evidence",YES,NO,e3b0c44298fc1c149afbf4c8996fb92427ae41e4649b934ca495991b7852b855,Input evidence for final freeze review; not a baseline promotion.
03_Compliance/reports/phase_2/materialization/test_phase_2_post_materialization_gate.exit_code.txt,txt,Phase 2,Materialization,"Review, provenance or execution evidence",YES,NO,5feceb66ffc86f38d952786c6d696c79c2dbc239dd4e91b46729d73a27fb57e9,Input evidence for final freeze review; not a baseline promotion.
03_Compliance/reports/phase_2/materialization/test_phase_2_post_materialization_gate.json,json,Phase 2,Materialization,"Review, provenance or execution evidence",YES,NO,783745d3ed8a7a1013b3fd6ad301d52d3590fcca18e23ea86ce54c7bcf57981e,Input evidence for final freeze review; not a baseline promotion.
03_Compliance/reports/phase_2/materialization/test_phase_2_post_materialization_gate.stderr.txt,txt,Phase 2,Materialization,"Review, provenance or execution evidence",YES,NO,e3b0c44298fc1c149afbf4c8996fb92427ae41e4649b934ca495991b7852b855,Input evidence for final freeze review; not a baseline promotion.
03_Compliance/reports/phase_2/materialization/test_phase_2_pre_materialization_gate.exit_code.txt,txt,Phase 2,Materialization,"Review, provenance or execution evidence",YES,NO,5feceb66ffc86f38d952786c6d696c79c2dbc239dd4e91b46729d73a27fb57e9,Input evidence for final freeze review; not a baseline promotion.
03_Compliance/reports/phase_2/materialization/test_phase_2_pre_materialization_gate.json,json,Phase 2,Materialization,"Review, provenance or execution evidence",YES,YES,65ada2c866fd91fa97b094334eba7e0e3d6ff29f89065250d2f4b0e4be526346,Historical evidence remains authoritative for its own stage; superseded status is not current freeze truth.
03_Compliance/reports/phase_2/materialization/test_phase_2_pre_materialization_gate.stderr.txt,txt,Phase 2,Materialization,"Review, provenance or execution evidence",YES,NO,e3b0c44298fc1c149afbf4c8996fb92427ae41e4649b934ca495991b7852b855,Input evidence for final freeze review; not a baseline promotion.
03_Compliance/reports/phase_2/materialization/TEST_RESULTS.csv,csv,Phase 2,Materialization,"Review, provenance or execution evidence",YES,NO,ed1a4282c0e7b7a8c15b9ac5164e4636492be1e61f3188ca7d2b14f738b2c24a,Input evidence for final freeze review; not a baseline promotion.
03_Compliance/reports/phase_2/materialization/TRANSACTION.exit_code.txt,txt,Phase 2,Materialization,"Review, provenance or execution evidence",YES,NO,5feceb66ffc86f38d952786c6d696c79c2dbc239dd4e91b46729d73a27fb57e9,Input evidence for final freeze review; not a baseline promotion.
03_Compliance/reports/phase_2/materialization/TRANSACTION.json,json,Phase 2,Materialization,"Review, provenance or execution evidence",YES,NO,413a26e3e06bc1a95cc459a7391ddf44e7ed5d15dc9c1f5d10660641b1e3b85e,Input evidence for final freeze review; not a baseline promotion.
03_Compliance/reports/phase_2/materialization/TRANSACTION.stderr.txt,txt,Phase 2,Materialization,"Review, provenance or execution evidence",YES,NO,e3b0c44298fc1c149afbf4c8996fb92427ae41e4649b934ca495991b7852b855,Input evidence for final freeze review; not a baseline promotion.
03_Compliance/reports/phase_2/materialization/TRANSACTION_STATUS.json,json,Phase 2,Materialization,"Review, provenance or execution evidence",YES,NO,84ca5add6df9f33f2aea8873f7002e922f3dbd8b670ed7788ea49abecc829f82,Input evidence for final freeze review; not a baseline promotion.
03_Compliance/reports/phase_2/PHASE_2_CANDIDATES.csv,csv,Phase 2,Extraction/baseline,"Review, provenance or execution evidence",YES,NO,8968293327377ba6600112692f9ce6cdda2f60c32a0a1cdaeef01356a3e7fb09,Input evidence for final freeze review; not a baseline promotion.
03_Compliance/reports/phase_2/PHASE_2_DEADLINES.csv,csv,Phase 2,Extraction/baseline,"Review, provenance or execution evidence",YES,NO,b445c3c3f4d54f09f3bde43567901fe2bb358a219258d1f64d5d2010844cfa16,Input evidence for final freeze review; not a baseline promotion.
03_Compliance/reports/phase_2/PHASE_2_REQUIREMENTS.csv,csv,Phase 2,Extraction/baseline,"Review, provenance or execution evidence",YES,NO,fbba5428ade3473b7b8afaa38e663b1d0c425eba547930eabb2c080106e4650e,Input evidence for final freeze review; not a baseline promotion.
03_Compliance/reports/phase_2/PHASE_2_SOURCE_ANOMALIES.csv,csv,Phase 2,Extraction/baseline,"Review, provenance or execution evidence",YES,NO,8f7cbe41ba22c65ad11096b0b06e6f143c28ba258145e19df8007b09cb42616b,Input evidence for final freeze review; not a baseline promotion.
03_Compliance/reports/phase_2/PHASE_2_SUMMARY.md,md,Phase 2,Extraction/baseline,"Review, provenance or execution evidence",YES,NO,641a7600565555b89c8697f98817becc43f9db35fcd4541bdd5b4fff8f7f3b1b,Input evidence for final freeze review; not a baseline promotion.
03_Compliance/reports/phase_2/PHASE_2_TEST_RESULTS.csv,csv,Phase 2,Extraction/baseline,"Review, provenance or execution evidence",YES,NO,0edad62f5664094bfaf95bda02480cc73bac372da265fa11be7dc23610a8d9bb,Input evidence for final freeze review; not a baseline promotion.
03_Compliance/reports/phase_2/review/EU_2017_1926_HUMAN_REVIEW.csv,csv,Phase 2,Extraction/baseline,"Review, provenance or execution evidence",YES,NO,7f57bbc4edb5ed4e99ffbd27f9bf8a92128b85347cb956164ed83f1a1148db6c,Input evidence for final freeze review; not a baseline promotion.
03_Compliance/reports/phase_2/review/EU_2017_1926_HUMAN_REVIEW.md,md,Phase 2,Extraction/baseline,"Review, provenance or execution evidence",YES,NO,d91a4039e37f97979c096bf7d49e59dd58416feab0f16e9e4dd5ef2d3e79f796,Input evidence for final freeze review; not a baseline promotion.
03_Compliance/reports/phase_2/review/gate_1/CONDITIONAL_REQUIREMENTS_V1.csv,csv,Phase 2,Gate 1,"Review, provenance or execution evidence",YES,YES,1190b0bed712b971a5d9a518fd175f9795a63addc7b422e649b83f987bb27b47,Historical evidence remains authoritative for its own stage; superseded status is not current freeze truth.
03_Compliance/reports/phase_2/review/gate_1/DEADLINE_REVIEW_V1.csv,csv,Phase 2,Gate 1,"Review, provenance or execution evidence",YES,YES,75b398d47afa0f69544a4cf3b63404b7eb1dced7d0bc0c17e46103a2c5b9d74a,Historical evidence remains authoritative for its own stage; superseded status is not current freeze truth.
03_Compliance/reports/phase_2/review/gate_1/EXTERNAL_DEPENDENCIES_V1.csv,csv,Phase 2,Gate 1,"Review, provenance or execution evidence",YES,YES,b1539ad8e1d61c754073e11163cd25217e475d1bdcf5c036356062b566c23ee2,Historical evidence remains authoritative for its own stage; superseded status is not current freeze truth.
03_Compliance/reports/phase_2/review/gate_1/GATE_1_RECONCILIATION.csv,csv,Phase 2,Gate 1,"Review, provenance or execution evidence",YES,YES,f62d2d2578752c3c11a7a2d609fd9b3702261f3baf44df18941c6b16d6eeae25,Historical evidence remains authoritative for its own stage; superseded status is not current freeze truth.
03_Compliance/reports/phase_2/review/gate_1/GATE_1_RECONCILIATION.md,md,Phase 2,Gate 1,"Review, provenance or execution evidence",YES,YES,31aeb68e3f77d182c3ae2b144850721318f156ca313baaa599d467940b7e3d8a,Historical evidence remains authoritative for its own stage; superseded status is not current freeze truth.
03_Compliance/reports/phase_2/review/gate_1/HUMAN_DECISION_MATRIX_V1.csv,csv,Phase 2,Gate 1,"Review, provenance or execution evidence",YES,YES,59fb133a0c2803feb9c7832c97f8f15985eedc7e57b74f6712b38a52272a54c9,Historical evidence remains authoritative for its own stage; superseded status is not current freeze truth.
03_Compliance/reports/phase_2/review/gate_1/HUMAN_DECISION_MATRIX_V1.md,md,Phase 2,Gate 1,"Review, provenance or execution evidence",YES,YES,287d9d3bf28a9bf0e931fc06f17b44bcd5da1f0c705297687a2ec45500b7d9e2,Historical evidence remains authoritative for its own stage; superseded status is not current freeze truth.
03_Compliance/reports/phase_2/review/gate_1/HUMAN_REVIEW_GATE_1_SUMMARY.md,md,Phase 2,Gate 1,"Review, provenance or execution evidence",YES,YES,048ad6eebd9acaf6c1d12095690116a11a345f2dc8738b8bd5961d8a0bbcbf5e,Historical evidence remains authoritative for its own stage; superseded status is not current freeze truth.
03_Compliance/reports/phase_2/review/gate_1/MISSING_CANDIDATES_V1.csv,csv,Phase 2,Gate 1,"Review, provenance or execution evidence",YES,YES,92d8c305f1d1829e805ee376560438407e7e0124568d2692f10080f8bcd12b3b,Historical evidence remains authoritative for its own stage; superseded status is not current freeze truth.
03_Compliance/reports/phase_2/review/gate_1/MISSING_CANDIDATES_V2.csv,csv,Phase 2,Gate 1,"Review, provenance or execution evidence",YES,YES,fda041a9baf5e089d5b314a384ce39a4ab901900514de2416481111a8b9cd385,Historical evidence remains authoritative for its own stage; superseded status is not current freeze truth.
03_Compliance/reports/phase_2/review/gate_1/PROPOSED_ATOMIC_REQUIREMENTS_V1.csv,csv,Phase 2,Gate 1,"Review, provenance or execution evidence",YES,YES,d475d668612f61c857fa76e86381e02c0dd92ab6737353002b314fb1663638ca,Historical evidence remains authoritative for its own stage; superseded status is not current freeze truth.
03_Compliance/reports/phase_2/review/gate_2/GATE_2_ACTORS.csv,csv,Phase 2,Gate 2,"Review, provenance or execution evidence",YES,NO,9ba1e205fdba107cdb54c4ac947e1cb33221791a84505d1b419d1b06f1c0998e,Input evidence for final freeze review; not a baseline promotion.
03_Compliance/reports/phase_2/review/gate_2/GATE_2_ATOMICITY.csv,csv,Phase 2,Gate 2,"Review, provenance or execution evidence",YES,NO,1b9f615b130bf5afdd8d6c7b1c6032b23d262c6716075f3ad95c94f0e835b307,Input evidence for final freeze review; not a baseline promotion.
03_Compliance/reports/phase_2/review/gate_2/GATE_2_AUDITABILITY.csv,csv,Phase 2,Gate 2,"Review, provenance or execution evidence",YES,NO,33f96185340f08218a5261db33c6a996782db12f891b19622e56626f663d0f2e,Input evidence for final freeze review; not a baseline promotion.
03_Compliance/reports/phase_2/review/gate_2/GATE_2_CONDITIONALITY.csv,csv,Phase 2,Gate 2,"Review, provenance or execution evidence",YES,NO,af7ef21c20e7ada9a5c4cbf8db8a6847ada89cb78259fc97062322a3f4e24a78,Input evidence for final freeze review; not a baseline promotion.
03_Compliance/reports/phase_2/review/gate_2/GATE_2_EXCEPTIONS.csv,csv,Phase 2,Gate 2,"Review, provenance or execution evidence",YES,NO,d4dc5d34afc0b1b6debdf547afa1a4e42953b12029812a7429fed24927fbccfc,Input evidence for final freeze review; not a baseline promotion.
03_Compliance/reports/phase_2/review/gate_2/GATE_2_EXISTING_MATERIALIZATION.csv,csv,Phase 2,Gate 2,"Review, provenance or execution evidence",YES,NO,7d2a478456dce7acabb234ab83cfe96f5085845a5c25651f1bbe6f422744c0a9,Input evidence for final freeze review; not a baseline promotion.
03_Compliance/reports/phase_2/review/gate_2/GATE_2_EXTERNAL_DEPENDENCIES.csv,csv,Phase 2,Gate 2,"Review, provenance or execution evidence",YES,NO,f6d579dc26046004fe75a95ef23c4c35afc4d5d58f4d333dcd9491a4b114bb58,Input evidence for final freeze review; not a baseline promotion.
03_Compliance/reports/phase_2/review/gate_2/GATE_2_REVIEW_PACK.csv,csv,Phase 2,Gate 2,"Review, provenance or execution evidence",YES,NO,8e658cdf35d550e620d4a1e4629e4896ccb519b4daf0804d22667c33caaade72,Input evidence for final freeze review; not a baseline promotion.
03_Compliance/reports/phase_2/review/gate_2/GATE_2_REVIEW_PACK.md,md,Phase 2,Gate 2,"Review, provenance or execution evidence",YES,NO,149fbe64524334bd66f35504e7b4ae212d0b1ef4fdad6f1ea7f1e43903a2975f,Input evidence for final freeze review; not a baseline promotion.
03_Compliance/reports/phase_2/review/gate_2/GATE_2_SOURCE_FIDELITY.csv,csv,Phase 2,Gate 2,"Review, provenance or execution evidence",YES,NO,38369297df643d3e16de8f5b72e2e27c0b7e9f7728611c75c9f234983214615e,Input evidence for final freeze review; not a baseline promotion.
03_Compliance/reports/phase_2/review/gate_2/GATE_2_TEMPORAL.csv,csv,Phase 2,Gate 2,"Review, provenance or execution evidence",YES,NO,717d6207c3e4c65377b6ff70cfe720bc1481e727f8cd75c08089ee2f729c0464,Input evidence for final freeze review; not a baseline promotion.
03_Compliance/reports/phase_2/review/gate_2/HUMAN_REVIEW_GATE_2_SUMMARY.md,md,Phase 2,Gate 2,"Review, provenance or execution evidence",YES,YES,45a7d1d60b97221f53e24875cc71a84e8ed46d68ff7f6b5f1c3eba3059834885,Historical evidence remains authoritative for its own stage; superseded status is not current freeze truth.
03_Compliance/reports/phase_2/review/gate_2/materialization/ARTICLE_9_3_SOURCE_FACT_PERSISTENCE.csv,csv,Phase 2,Gate 2,"Review, provenance or execution evidence",YES,NO,0b04deb7866ef72a198c70899df495268e4008220181372aef09ed60088b8a4c,Input evidence for final freeze review; not a baseline promotion.
03_Compliance/reports/phase_2/review/gate_2/materialization/ARTICLE_9_3_SOURCE_FACT_PERSISTENCE.md,md,Phase 2,Gate 2,"Review, provenance or execution evidence",YES,NO,353f1d64a125ed14611d76de34ebbd9198a94c1d61ad539037c0a06eecde3339,Input evidence for final freeze review; not a baseline promotion.
03_Compliance/reports/phase_2/review/gate_2/materialization/ARTICLE_9_3_SOURCE_FACT_PRE_WRITE.csv,csv,Phase 2,Gate 2,"Review, provenance or execution evidence",YES,YES,905058b21c654905ada17ed5dc3f6930f6a0041463c8dc86269c6dda386d2a2e,Historical evidence remains authoritative for its own stage; superseded status is not current freeze truth.
03_Compliance/reports/phase_2/review/gate_2/materialization/ARTICLE_9_SOURCE_FACTS_AFTER.csv,csv,Phase 2,Gate 2,"Review, provenance or execution evidence",YES,NO,b3ee894ee9c73a59569e9522493ef4c58f00a07eab622f33cbbbf0e8f4d767e4,Input evidence for final freeze review; not a baseline promotion.
03_Compliance/reports/phase_2/review/gate_2/materialization/ARTICLE_9_SOURCE_FACTS_BEFORE.csv,csv,Phase 2,Gate 2,"Review, provenance or execution evidence",YES,YES,73fd426b70bb7628d0709f73ec6f084548f52ab6c2798477728ca566b0e736f5,Historical evidence remains authoritative for its own stage; superseded status is not current freeze truth.
03_Compliance/reports/phase_2/review/gate_2/materialization/CONTROLLED_TRANSACTION.sql,sql,Phase 2,Gate 2,"Review, provenance or execution evidence",YES,NO,55fb6373ac8e9f7f83df71fd54533263cac53b3b7f416daf1c50a2e8c7eac9e9,Input evidence for final freeze review; not a baseline promotion.
03_Compliance/reports/phase_2/review/gate_2/materialization/DATABASE_AFTER.json,json,Phase 2,Gate 2,"Review, provenance or execution evidence",YES,NO,5591fa4eda0013f84301f4def73b20515c00d967ce20eb304db710f98b2fef8d,Input evidence for final freeze review; not a baseline promotion.
03_Compliance/reports/phase_2/review/gate_2/materialization/DATABASE_BEFORE.json,json,Phase 2,Gate 2,"Review, provenance or execution evidence",YES,YES,cf5b96deedb341976fafb524258c31961a513377b02879a3debd91facb7961a4,Historical evidence remains authoritative for its own stage; superseded status is not current freeze truth.
03_Compliance/reports/phase_2/review/gate_2/materialization/DATABASE_TABLE_DELTA.csv,csv,Phase 2,Gate 2,"Review, provenance or execution evidence",YES,NO,8b9af30c5df13712e04eaf4eaf6c3f891424b25a0afd531f3e81126eb9421191,Input evidence for final freeze review; not a baseline promotion.
03_Compliance/reports/phase_2/review/gate_2/materialization/EXECUTION_EXIT_CODE.txt,txt,Phase 2,Gate 2,"Review, provenance or execution evidence",YES,NO,f1b2f662800122bed0ff255693df89c4487fbdcf453d3524a42d4ec20c3d9c04,Input evidence for final freeze review; not a baseline promotion.
03_Compliance/reports/phase_2/review/gate_2/materialization/FILES_CREATED.csv,csv,Phase 2,Gate 2,"Review, provenance or execution evidence",YES,NO,e613bc69687ebd1fa79dd16293411cc035071c2bd96b681f9561dd87958d0569,Input evidence for final freeze review; not a baseline promotion.
03_Compliance/reports/phase_2/review/gate_2/materialization/FINAL_VERIFICATION.txt,txt,Phase 2,Gate 2,"Review, provenance or execution evidence",YES,NO,1050e47a44e016c3f52e3822e0123071b6c69b29151fe0a6534e4b840d45e3f2,Input evidence for final freeze review; not a baseline promotion.
03_Compliance/reports/phase_2/review/gate_2/materialization/GATE_2_POST_SOURCE_FACT_ATOMIC_UNIVERSE.csv,csv,Phase 2,Gate 2,"Review, provenance or execution evidence",YES,NO,4d91ab081811eee9b64700f3580c9eed36c6ac0ca0281d8ad6afde68d5d8a848,Input evidence for final freeze review; not a baseline promotion.
03_Compliance/reports/phase_2/review/gate_2/materialization/GATE_2_POST_SOURCE_FACT_EXCEPTION_QUEUE.csv,csv,Phase 2,Gate 2,"Review, provenance or execution evidence",YES,NO,65567933104a58254a210f7b4e604551e61144b0a1c14553dc135212555cbfd4,Input evidence for final freeze review; not a baseline promotion.
03_Compliance/reports/phase_2/review/gate_2/materialization/GIT_STATUS_AFTER.txt,txt,Phase 2,Gate 2,"Review, provenance or execution evidence",YES,NO,692753effeb8fdcae10e2e074ca0d547509874a95512c06ad37d317036a29db6,Input evidence for final freeze review; not a baseline promotion.
03_Compliance/reports/phase_2/review/gate_2/materialization/GIT_STATUS_BEFORE.txt,txt,Phase 2,Gate 2,"Review, provenance or execution evidence",YES,YES,692753effeb8fdcae10e2e074ca0d547509874a95512c06ad37d317036a29db6,Historical evidence remains authoritative for its own stage; superseded status is not current freeze truth.
03_Compliance/reports/phase_2/review/gate_2/materialization/HUMAN_REVIEW_GATE_2_CLOSURE.md,md,Phase 2,Gate 2,"Review, provenance or execution evidence",YES,NO,148f0105b9857b2adaaeb70e802bed7b86bc99092d93a86c0a924ec04b7ec440,Input evidence for final freeze review; not a baseline promotion.
03_Compliance/reports/phase_2/review/gate_2/materialization/HUMAN_REVIEW_GATE_2_STATUS.md,md,Phase 2,Gate 2,"Review, provenance or execution evidence",YES,YES,3f741cb7f5e3cc920231b27e3ffc15c66acc457e2130b8d79cb00ef0954054f5,Historical evidence remains authoritative for its own stage; superseded status is not current freeze truth.
03_Compliance/reports/phase_2/review/gate_2/materialization/INPUT_HASHES_BEFORE.json,json,Phase 2,Gate 2,"Review, provenance or execution evidence",YES,YES,c2f39510f01dc0a83cc40e1ef82ffe50228bbf143437783ae976ce1e088a9f4d,Historical evidence remains authoritative for its own stage; superseded status is not current freeze truth.
03_Compliance/reports/phase_2/review/gate_2/materialization/INTEGRITY_TEST_RESULTS.csv,csv,Phase 2,Gate 2,"Review, provenance or execution evidence",YES,NO,49dcfd9512dcece3a3648e8a5511ee5a487103569e19e3b1dd28433ba4888ec8,Input evidence for final freeze review; not a baseline promotion.
03_Compliance/reports/phase_2/review/gate_2/materialization/LEGAL_SOURCE_HASH_CHECKS.csv,csv,Phase 2,Gate 2,"Review, provenance or execution evidence",YES,NO,f4eafc86284cc9bee343d1685cee3afb679d9d2fe3d4f66ce75cb4309929776c,Input evidence for final freeze review; not a baseline promotion.
03_Compliance/reports/phase_2/review/gate_2/materialization/persist_article_9_3.py,py,Phase 2,Gate 2,"Review, provenance or execution evidence",YES,NO,42954ec7eed5f5a29c3cfdcdd42e9ef70bfb1de57cac9c9586264cd579a04f2e,Input evidence for final freeze review; not a baseline promotion.
03_Compliance/reports/phase_2/review/gate_2/materialization/reconcile_test_baseline.py,py,Phase 2,Gate 2,"Review, provenance or execution evidence",YES,NO,ecffb47ea2e808e56b028181f060c4c10efdeae1fd0bf78364261ddf7b465356,Input evidence for final freeze review; not a baseline promotion.
03_Compliance/reports/phase_2/review/gate_2/materialization/SOURCE_FACT_DATABASE_DELTA.md,md,Phase 2,Gate 2,"Review, provenance or execution evidence",YES,NO,4ec0fe60adb925315ba6c235ed1916b718e914509400b7da19b5719a5465efc9,Input evidence for final freeze review; not a baseline promotion.
03_Compliance/reports/phase_2/review/gate_2/materialization/SOURCE_FACT_TESTS.exit_code.txt,txt,Phase 2,Gate 2,"Review, provenance or execution evidence",YES,NO,13bf7b3039c63bf5a50491fa3cfd8eb4e699d1ba1436315aef9cbe5711530354,Input evidence for final freeze review; not a baseline promotion.
03_Compliance/reports/phase_2/review/gate_2/materialization/SOURCE_FACT_TESTS.json,json,Phase 2,Gate 2,"Review, provenance or execution evidence",YES,NO,acc314d2cd15c60869ff65ca979d7cdfebdcc81d3c640d5d66d5d1e901c09dfc,Input evidence for final freeze review; not a baseline promotion.
03_Compliance/reports/phase_2/review/gate_2/materialization/SOURCE_FACT_TESTS.stderr.txt,txt,Phase 2,Gate 2,"Review, provenance or execution evidence",YES,NO,e3b0c44298fc1c149afbf4c8996fb92427ae41e4649b934ca495991b7852b855,Input evidence for final freeze review; not a baseline promotion.
03_Compliance/reports/phase_2/review/gate_2/materialization/test_article_9_3_source_fact.sql,sql,Phase 2,Gate 2,"Review, provenance or execution evidence",YES,NO,3acd30f1de5439b8912693c1fab449ae0e5b7dc619d10554fad58f4b3c579bdd,Input evidence for final freeze review; not a baseline promotion.
03_Compliance/reports/phase_2/review/gate_2/materialization/TEST_BASELINE_RECONCILIATION.csv,csv,Phase 2,Gate 2,"Review, provenance or execution evidence",YES,NO,cb68f84a90f52c18811cc0568c5e007133b692e770798f7473501c9ab85ebbb3,Input evidence for final freeze review; not a baseline promotion.
03_Compliance/reports/phase_2/review/gate_2/materialization/TEST_BASELINE_RECONCILIATION.md,md,Phase 2,Gate 2,"Review, provenance or execution evidence",YES,NO,b183966d8ed3183adce47be5717d0b850bc968a7213069a08da2cfb6a5353c82,Input evidence for final freeze review; not a baseline promotion.
03_Compliance/reports/phase_2/review/gate_2/materialization/test_baseline_reconciliation_evidence/EXECUTION_EXIT_CODE.txt,txt,Phase 2,Gate 2,"Review, provenance or execution evidence",YES,NO,13bf7b3039c63bf5a50491fa3cfd8eb4e699d1ba1436315aef9cbe5711530354,Input evidence for final freeze review; not a baseline promotion.
03_Compliance/reports/phase_2/review/gate_2/materialization/test_baseline_reconciliation_evidence/FILES_CREATED.csv,csv,Phase 2,Gate 2,"Review, provenance or execution evidence",YES,NO,423ae2f790c8af48825ac3c82afc0360ccafcb4c04a709f457cfcc70302e5b88,Input evidence for final freeze review; not a baseline promotion.
03_Compliance/reports/phase_2/review/gate_2/materialization/test_baseline_reconciliation_evidence/FINAL_VERIFICATION.json,json,Phase 2,Gate 2,"Review, provenance or execution evidence",YES,NO,aa335fe857d64ef675357c2d94a4d5105bd0c430e670f229a4347561670de243,Input evidence for final freeze review; not a baseline promotion.
03_Compliance/reports/phase_2/review/gate_2/materialization/test_baseline_reconciliation_evidence/GIT_STATUS_AFTER.txt,txt,Phase 2,Gate 2,"Review, provenance or execution evidence",YES,NO,692753effeb8fdcae10e2e074ca0d547509874a95512c06ad37d317036a29db6,Input evidence for final freeze review; not a baseline promotion.
03_Compliance/reports/phase_2/review/gate_2/materialization/test_baseline_reconciliation_evidence/GIT_STATUS_BEFORE.txt,txt,Phase 2,Gate 2,"Review, provenance or execution evidence",YES,YES,692753effeb8fdcae10e2e074ca0d547509874a95512c06ad37d317036a29db6,Historical evidence remains authoritative for its own stage; superseded status is not current freeze truth.
03_Compliance/reports/phase_2/review/gate_2/materialization/test_baseline_reconciliation_evidence/LEGAL_SOURCE_HASH_CHECKS.csv,csv,Phase 2,Gate 2,"Review, provenance or execution evidence",YES,NO,f4eafc86284cc9bee343d1685cee3afb679d9d2fe3d4f66ce75cb4309929776c,Input evidence for final freeze review; not a baseline promotion.
03_Compliance/reports/phase_2/review/gate_2/materialization/test_baseline_reconciliation_evidence/PROTECTED_FILE_HASHES_BEFORE.json,json,Phase 2,Gate 2,"Review, provenance or execution evidence",YES,YES,60f1443797ee59769f85cd997db33017ea9badf3eae66aa27b025d39bc6d6404,Historical evidence remains authoritative for its own stage; superseded status is not current freeze truth.
03_Compliance/reports/phase_2/review/gate_2/materialization/test_baseline_reconciliation_evidence/test_article_9_3_source_fact.exit_code.txt,txt,Phase 2,Gate 2,"Review, provenance or execution evidence",YES,NO,13bf7b3039c63bf5a50491fa3cfd8eb4e699d1ba1436315aef9cbe5711530354,Input evidence for final freeze review; not a baseline promotion.
03_Compliance/reports/phase_2/review/gate_2/materialization/test_baseline_reconciliation_evidence/test_article_9_3_source_fact.json,json,Phase 2,Gate 2,"Review, provenance or execution evidence",YES,NO,acc314d2cd15c60869ff65ca979d7cdfebdcc81d3c640d5d66d5d1e901c09dfc,Input evidence for final freeze review; not a baseline promotion.
03_Compliance/reports/phase_2/review/gate_2/materialization/test_baseline_reconciliation_evidence/test_article_9_3_source_fact.stderr.txt,txt,Phase 2,Gate 2,"Review, provenance or execution evidence",YES,NO,e3b0c44298fc1c149afbf4c8996fb92427ae41e4649b934ca495991b7852b855,Input evidence for final freeze review; not a baseline promotion.
03_Compliance/reports/phase_2/review/gate_2/materialization/test_baseline_reconciliation_evidence/test_eu_2017_1926_annex_1_1.exit_code.txt,txt,Phase 2,Gate 2,"Review, provenance or execution evidence",YES,NO,13bf7b3039c63bf5a50491fa3cfd8eb4e699d1ba1436315aef9cbe5711530354,Input evidence for final freeze review; not a baseline promotion.
03_Compliance/reports/phase_2/review/gate_2/materialization/test_baseline_reconciliation_evidence/test_eu_2017_1926_annex_1_1.json,json,Phase 2,Gate 2,"Review, provenance or execution evidence",YES,NO,5de32ec590e58cde04b38f62772b9dbf3af2287f44013a7bc0c374ef2de7b699,Input evidence for final freeze review; not a baseline promotion.
03_Compliance/reports/phase_2/review/gate_2/materialization/test_baseline_reconciliation_evidence/test_eu_2017_1926_annex_1_1.stderr.txt,txt,Phase 2,Gate 2,"Review, provenance or execution evidence",YES,NO,e3b0c44298fc1c149afbf4c8996fb92427ae41e4649b934ca495991b7852b855,Input evidence for final freeze review; not a baseline promotion.
03_Compliance/reports/phase_2/review/gate_2/materialization/test_baseline_reconciliation_evidence/test_eu_2017_1926_annex_1_2.exit_code.txt,txt,Phase 2,Gate 2,"Review, provenance or execution evidence",YES,NO,13bf7b3039c63bf5a50491fa3cfd8eb4e699d1ba1436315aef9cbe5711530354,Input evidence for final freeze review; not a baseline promotion.
03_Compliance/reports/phase_2/review/gate_2/materialization/test_baseline_reconciliation_evidence/test_eu_2017_1926_annex_1_2.json,json,Phase 2,Gate 2,"Review, provenance or execution evidence",YES,NO,977de70ddf107445cee837836cf66becc8bb095588109a732569b554d2dfdaff,Input evidence for final freeze review; not a baseline promotion.
03_Compliance/reports/phase_2/review/gate_2/materialization/test_baseline_reconciliation_evidence/test_eu_2017_1926_annex_1_2.stderr.txt,txt,Phase 2,Gate 2,"Review, provenance or execution evidence",YES,NO,e3b0c44298fc1c149afbf4c8996fb92427ae41e4649b934ca495991b7852b855,Input evidence for final freeze review; not a baseline promotion.
03_Compliance/reports/phase_2/review/gate_2/materialization/test_baseline_reconciliation_evidence/test_eu_2017_1926_annex_1_3.exit_code.txt,txt,Phase 2,Gate 2,"Review, provenance or execution evidence",YES,NO,13bf7b3039c63bf5a50491fa3cfd8eb4e699d1ba1436315aef9cbe5711530354,Input evidence for final freeze review; not a baseline promotion.
03_Compliance/reports/phase_2/review/gate_2/materialization/test_baseline_reconciliation_evidence/test_eu_2017_1926_annex_1_3.json,json,Phase 2,Gate 2,"Review, provenance or execution evidence",YES,NO,93f2cd1c65c4b8dde8fd0df5a6a92c5d9928609b5a7039c5b5cf000da7355b12,Input evidence for final freeze review; not a baseline promotion.
03_Compliance/reports/phase_2/review/gate_2/materialization/test_baseline_reconciliation_evidence/test_eu_2017_1926_annex_1_3.stderr.txt,txt,Phase 2,Gate 2,"Review, provenance or execution evidence",YES,NO,e3b0c44298fc1c149afbf4c8996fb92427ae41e4649b934ca495991b7852b855,Input evidence for final freeze review; not a baseline promotion.
03_Compliance/reports/phase_2/review/gate_2/materialization/test_baseline_reconciliation_evidence/test_eu_2017_1926_annex_1_4.exit_code.txt,txt,Phase 2,Gate 2,"Review, provenance or execution evidence",YES,NO,13bf7b3039c63bf5a50491fa3cfd8eb4e699d1ba1436315aef9cbe5711530354,Input evidence for final freeze review; not a baseline promotion.
03_Compliance/reports/phase_2/review/gate_2/materialization/test_baseline_reconciliation_evidence/test_eu_2017_1926_annex_1_4.json,json,Phase 2,Gate 2,"Review, provenance or execution evidence",YES,NO,cfab0f4f70e028e553eb471d1431f3db7c52c9f32d7fa20e745b5e1a967f4bb7,Input evidence for final freeze review; not a baseline promotion.
03_Compliance/reports/phase_2/review/gate_2/materialization/test_baseline_reconciliation_evidence/test_eu_2017_1926_annex_1_4.stderr.txt,txt,Phase 2,Gate 2,"Review, provenance or execution evidence",YES,NO,e3b0c44298fc1c149afbf4c8996fb92427ae41e4649b934ca495991b7852b855,Input evidence for final freeze review; not a baseline promotion.
03_Compliance/reports/phase_2/review/gate_2/materialization/test_baseline_reconciliation_evidence/test_eu_2017_1926_annex_2_1.exit_code.txt,txt,Phase 2,Gate 2,"Review, provenance or execution evidence",YES,NO,13bf7b3039c63bf5a50491fa3cfd8eb4e699d1ba1436315aef9cbe5711530354,Input evidence for final freeze review; not a baseline promotion.
03_Compliance/reports/phase_2/review/gate_2/materialization/test_baseline_reconciliation_evidence/test_eu_2017_1926_annex_2_1.json,json,Phase 2,Gate 2,"Review, provenance or execution evidence",YES,NO,9cf14606ff83ab815131ad5e0a7a44f0309a51ee17971063b452f3f6a26b6ccd,Input evidence for final freeze review; not a baseline promotion.
03_Compliance/reports/phase_2/review/gate_2/materialization/test_baseline_reconciliation_evidence/test_eu_2017_1926_annex_2_1.stderr.txt,txt,Phase 2,Gate 2,"Review, provenance or execution evidence",YES,NO,e3b0c44298fc1c149afbf4c8996fb92427ae41e4649b934ca495991b7852b855,Input evidence for final freeze review; not a baseline promotion.
03_Compliance/reports/phase_2/review/gate_2/materialization/test_baseline_reconciliation_evidence/test_eu_2017_1926_annex_2_2.exit_code.txt,txt,Phase 2,Gate 2,"Review, provenance or execution evidence",YES,NO,13bf7b3039c63bf5a50491fa3cfd8eb4e699d1ba1436315aef9cbe5711530354,Input evidence for final freeze review; not a baseline promotion.
03_Compliance/reports/phase_2/review/gate_2/materialization/test_baseline_reconciliation_evidence/test_eu_2017_1926_annex_2_2.json,json,Phase 2,Gate 2,"Review, provenance or execution evidence",YES,NO,2df8fe31461660afa64c712ac9d74b3ba63a0283e83b749b22b6f63c54680623,Input evidence for final freeze review; not a baseline promotion.
03_Compliance/reports/phase_2/review/gate_2/materialization/test_baseline_reconciliation_evidence/test_eu_2017_1926_annex_2_2.stderr.txt,txt,Phase 2,Gate 2,"Review, provenance or execution evidence",YES,NO,e3b0c44298fc1c149afbf4c8996fb92427ae41e4649b934ca495991b7852b855,Input evidence for final freeze review; not a baseline promotion.
03_Compliance/reports/phase_2/review/gate_2/materialization/test_baseline_reconciliation_evidence/test_eu_2017_1926_annex_2_3.exit_code.txt,txt,Phase 2,Gate 2,"Review, provenance or execution evidence",YES,NO,13bf7b3039c63bf5a50491fa3cfd8eb4e699d1ba1436315aef9cbe5711530354,Input evidence for final freeze review; not a baseline promotion.
03_Compliance/reports/phase_2/review/gate_2/materialization/test_baseline_reconciliation_evidence/test_eu_2017_1926_annex_2_3.json,json,Phase 2,Gate 2,"Review, provenance or execution evidence",YES,NO,6bf3c19f171944782c9712518d3613cdb1ce8da3cf6f42cd35aa9530bd660453,Input evidence for final freeze review; not a baseline promotion.
03_Compliance/reports/phase_2/review/gate_2/materialization/test_baseline_reconciliation_evidence/test_eu_2017_1926_annex_2_3.stderr.txt,txt,Phase 2,Gate 2,"Review, provenance or execution evidence",YES,NO,e3b0c44298fc1c149afbf4c8996fb92427ae41e4649b934ca495991b7852b855,Input evidence for final freeze review; not a baseline promotion.
03_Compliance/reports/phase_2/review/gate_2/materialization/test_baseline_reconciliation_evidence/test_eu_2017_1926_master_structure.exit_code.txt,txt,Phase 2,Gate 2,"Review, provenance or execution evidence",YES,NO,13bf7b3039c63bf5a50491fa3cfd8eb4e699d1ba1436315aef9cbe5711530354,Input evidence for final freeze review; not a baseline promotion.
03_Compliance/reports/phase_2/review/gate_2/materialization/test_baseline_reconciliation_evidence/test_eu_2017_1926_master_structure.json,json,Phase 2,Gate 2,"Review, provenance or execution evidence",YES,NO,02ac43dd6325a309490f32fea0dfa80b7f46707a369b60b582ef407487294337,Input evidence for final freeze review; not a baseline promotion.
03_Compliance/reports/phase_2/review/gate_2/materialization/test_baseline_reconciliation_evidence/test_eu_2017_1926_master_structure.stderr.txt,txt,Phase 2,Gate 2,"Review, provenance or execution evidence",YES,NO,e3b0c44298fc1c149afbf4c8996fb92427ae41e4649b934ca495991b7852b855,Input evidence for final freeze review; not a baseline promotion.
03_Compliance/reports/phase_2/review/gate_2/materialization/test_baseline_reconciliation_evidence/test_phase_1_invariants.exit_code.txt,txt,Phase 1,Gate 2,"Review, provenance or execution evidence",YES,NO,13bf7b3039c63bf5a50491fa3cfd8eb4e699d1ba1436315aef9cbe5711530354,Input evidence for final freeze review; not a baseline promotion.
03_Compliance/reports/phase_2/review/gate_2/materialization/test_baseline_reconciliation_evidence/test_phase_1_invariants.json,json,Phase 1,Gate 2,"Review, provenance or execution evidence",YES,NO,b35e16499b4bbd571c495eb44061ba52b707e73c529e3b5db74f48636a3ea0ac,Input evidence for final freeze review; not a baseline promotion.
03_Compliance/reports/phase_2/review/gate_2/materialization/test_baseline_reconciliation_evidence/test_phase_1_invariants.stderr.txt,txt,Phase 1,Gate 2,"Review, provenance or execution evidence",YES,NO,e3b0c44298fc1c149afbf4c8996fb92427ae41e4649b934ca495991b7852b855,Input evidence for final freeze review; not a baseline promotion.
03_Compliance/reports/phase_2/review/gate_2/materialization/test_baseline_reconciliation_evidence/test_phase_1_master.exit_code.txt,txt,Phase 1,Gate 2,"Review, provenance or execution evidence",YES,NO,13bf7b3039c63bf5a50491fa3cfd8eb4e699d1ba1436315aef9cbe5711530354,Input evidence for final freeze review; not a baseline promotion.
03_Compliance/reports/phase_2/review/gate_2/materialization/test_baseline_reconciliation_evidence/test_phase_1_master.json,json,Phase 1,Gate 2,"Review, provenance or execution evidence",YES,YES,5e1c74a85bcea6581b38d6b5ecb197fe737aba3ff47eed702f081b47a9b29d15,Historical evidence remains authoritative for its own stage; superseded status is not current freeze truth.
03_Compliance/reports/phase_2/review/gate_2/materialization/test_baseline_reconciliation_evidence/test_phase_1_master.stderr.txt,txt,Phase 1,Gate 2,"Review, provenance or execution evidence",YES,NO,e3b0c44298fc1c149afbf4c8996fb92427ae41e4649b934ca495991b7852b855,Input evidence for final freeze review; not a baseline promotion.
03_Compliance/reports/phase_2/review/gate_2/materialization/test_baseline_reconciliation_evidence/test_phase_2_master.exit_code.txt,txt,Phase 2,Gate 2,"Review, provenance or execution evidence",YES,NO,13bf7b3039c63bf5a50491fa3cfd8eb4e699d1ba1436315aef9cbe5711530354,Input evidence for final freeze review; not a baseline promotion.
03_Compliance/reports/phase_2/review/gate_2/materialization/test_baseline_reconciliation_evidence/test_phase_2_master.json,json,Phase 2,Gate 2,"Review, provenance or execution evidence",YES,YES,e3687d75bc16a196fb46997f1f729da96dac73766b889ddb07706e3ce419586b,Historical evidence remains authoritative for its own stage; superseded status is not current freeze truth.
03_Compliance/reports/phase_2/review/gate_2/materialization/test_baseline_reconciliation_evidence/test_phase_2_master.stderr.txt,txt,Phase 2,Gate 2,"Review, provenance or execution evidence",YES,NO,e3b0c44298fc1c149afbf4c8996fb92427ae41e4649b934ca495991b7852b855,Input evidence for final freeze review; not a baseline promotion.
03_Compliance/reports/phase_2/review/gate_2/materialization/test_baseline_reconciliation_evidence/test_phase_2_pre_materialization_gate.exit_code.txt,txt,Phase 2,Gate 2,"Review, provenance or execution evidence",YES,NO,13bf7b3039c63bf5a50491fa3cfd8eb4e699d1ba1436315aef9cbe5711530354,Input evidence for final freeze review; not a baseline promotion.
03_Compliance/reports/phase_2/review/gate_2/materialization/test_baseline_reconciliation_evidence/test_phase_2_pre_materialization_gate.json,json,Phase 2,Gate 2,"Review, provenance or execution evidence",YES,YES,b75c841e9a430d3e6408a343045c07591412eae918b06b3cf69556cd93ebbf01,Historical evidence remains authoritative for its own stage; superseded status is not current freeze truth.
03_Compliance/reports/phase_2/review/gate_2/materialization/test_baseline_reconciliation_evidence/test_phase_2_pre_materialization_gate.stderr.txt,txt,Phase 2,Gate 2,"Review, provenance or execution evidence",YES,NO,e3b0c44298fc1c149afbf4c8996fb92427ae41e4649b934ca495991b7852b855,Input evidence for final freeze review; not a baseline promotion.
03_Compliance/reports/phase_2/review/gate_2/materialization/test_baseline_reconciliation_evidence/TEST_RESULTS.csv,csv,Phase 2,Gate 2,"Review, provenance or execution evidence",YES,NO,f9b09f9fe6aacf711b8992d8be06d138592ab2dcd2a3effa20b291c3d8e0d0c2,Input evidence for final freeze review; not a baseline promotion.
03_Compliance/reports/phase_2/review/gate_2/materialization/test_eu_2017_1926_annex_1_1.exit_code.txt,txt,Phase 2,Gate 2,"Review, provenance or execution evidence",YES,NO,13bf7b3039c63bf5a50491fa3cfd8eb4e699d1ba1436315aef9cbe5711530354,Input evidence for final freeze review; not a baseline promotion.
03_Compliance/reports/phase_2/review/gate_2/materialization/test_eu_2017_1926_annex_1_1.json,json,Phase 2,Gate 2,"Review, provenance or execution evidence",YES,NO,0e2cce8c5060c202ced50976d4d45103a987df00e2e4e411b2ed8a25d76170e3,Input evidence for final freeze review; not a baseline promotion.
03_Compliance/reports/phase_2/review/gate_2/materialization/test_eu_2017_1926_annex_1_1.stderr.txt,txt,Phase 2,Gate 2,"Review, provenance or execution evidence",YES,NO,e3b0c44298fc1c149afbf4c8996fb92427ae41e4649b934ca495991b7852b855,Input evidence for final freeze review; not a baseline promotion.
03_Compliance/reports/phase_2/review/gate_2/materialization/test_eu_2017_1926_annex_1_2.exit_code.txt,txt,Phase 2,Gate 2,"Review, provenance or execution evidence",YES,NO,13bf7b3039c63bf5a50491fa3cfd8eb4e699d1ba1436315aef9cbe5711530354,Input evidence for final freeze review; not a baseline promotion.
03_Compliance/reports/phase_2/review/gate_2/materialization/test_eu_2017_1926_annex_1_2.json,json,Phase 2,Gate 2,"Review, provenance or execution evidence",YES,NO,b9d2731721fa01cf08c82d1c06d1e9d211806c91e341af74b579b934240fed89,Input evidence for final freeze review; not a baseline promotion.
03_Compliance/reports/phase_2/review/gate_2/materialization/test_eu_2017_1926_annex_1_2.stderr.txt,txt,Phase 2,Gate 2,"Review, provenance or execution evidence",YES,NO,e3b0c44298fc1c149afbf4c8996fb92427ae41e4649b934ca495991b7852b855,Input evidence for final freeze review; not a baseline promotion.
03_Compliance/reports/phase_2/review/gate_2/materialization/test_eu_2017_1926_annex_1_3.exit_code.txt,txt,Phase 2,Gate 2,"Review, provenance or execution evidence",YES,NO,13bf7b3039c63bf5a50491fa3cfd8eb4e699d1ba1436315aef9cbe5711530354,Input evidence for final freeze review; not a baseline promotion.
03_Compliance/reports/phase_2/review/gate_2/materialization/test_eu_2017_1926_annex_1_3.json,json,Phase 2,Gate 2,"Review, provenance or execution evidence",YES,NO,6976688459780905208ab896ed8cc4a90ff4f485169e1c34571aea3dc4929370,Input evidence for final freeze review; not a baseline promotion.
03_Compliance/reports/phase_2/review/gate_2/materialization/test_eu_2017_1926_annex_1_3.stderr.txt,txt,Phase 2,Gate 2,"Review, provenance or execution evidence",YES,NO,e3b0c44298fc1c149afbf4c8996fb92427ae41e4649b934ca495991b7852b855,Input evidence for final freeze review; not a baseline promotion.
03_Compliance/reports/phase_2/review/gate_2/materialization/test_eu_2017_1926_annex_1_4.exit_code.txt,txt,Phase 2,Gate 2,"Review, provenance or execution evidence",YES,NO,13bf7b3039c63bf5a50491fa3cfd8eb4e699d1ba1436315aef9cbe5711530354,Input evidence for final freeze review; not a baseline promotion.
03_Compliance/reports/phase_2/review/gate_2/materialization/test_eu_2017_1926_annex_1_4.json,json,Phase 2,Gate 2,"Review, provenance or execution evidence",YES,NO,e50b4bd78a26f35b181e97b9a05cf5256c7d7105a3d8890b005b19b88a073ba4,Input evidence for final freeze review; not a baseline promotion.
03_Compliance/reports/phase_2/review/gate_2/materialization/test_eu_2017_1926_annex_1_4.stderr.txt,txt,Phase 2,Gate 2,"Review, provenance or execution evidence",YES,NO,e3b0c44298fc1c149afbf4c8996fb92427ae41e4649b934ca495991b7852b855,Input evidence for final freeze review; not a baseline promotion.
03_Compliance/reports/phase_2/review/gate_2/materialization/test_eu_2017_1926_annex_2_1.exit_code.txt,txt,Phase 2,Gate 2,"Review, provenance or execution evidence",YES,NO,13bf7b3039c63bf5a50491fa3cfd8eb4e699d1ba1436315aef9cbe5711530354,Input evidence for final freeze review; not a baseline promotion.
03_Compliance/reports/phase_2/review/gate_2/materialization/test_eu_2017_1926_annex_2_1.json,json,Phase 2,Gate 2,"Review, provenance or execution evidence",YES,NO,c06e25122855e077b4396ba6686e504c82b7af3e493508ceacf8c00545c50049,Input evidence for final freeze review; not a baseline promotion.
03_Compliance/reports/phase_2/review/gate_2/materialization/test_eu_2017_1926_annex_2_1.stderr.txt,txt,Phase 2,Gate 2,"Review, provenance or execution evidence",YES,NO,e3b0c44298fc1c149afbf4c8996fb92427ae41e4649b934ca495991b7852b855,Input evidence for final freeze review; not a baseline promotion.
03_Compliance/reports/phase_2/review/gate_2/materialization/test_eu_2017_1926_annex_2_2.exit_code.txt,txt,Phase 2,Gate 2,"Review, provenance or execution evidence",YES,NO,13bf7b3039c63bf5a50491fa3cfd8eb4e699d1ba1436315aef9cbe5711530354,Input evidence for final freeze review; not a baseline promotion.
03_Compliance/reports/phase_2/review/gate_2/materialization/test_eu_2017_1926_annex_2_2.json,json,Phase 2,Gate 2,"Review, provenance or execution evidence",YES,NO,5562a146a804e38e740d1ff59c35d135ced94caa836ac4efec65bf8d634fce8c,Input evidence for final freeze review; not a baseline promotion.
03_Compliance/reports/phase_2/review/gate_2/materialization/test_eu_2017_1926_annex_2_2.stderr.txt,txt,Phase 2,Gate 2,"Review, provenance or execution evidence",YES,NO,e3b0c44298fc1c149afbf4c8996fb92427ae41e4649b934ca495991b7852b855,Input evidence for final freeze review; not a baseline promotion.
03_Compliance/reports/phase_2/review/gate_2/materialization/test_eu_2017_1926_annex_2_3.exit_code.txt,txt,Phase 2,Gate 2,"Review, provenance or execution evidence",YES,NO,13bf7b3039c63bf5a50491fa3cfd8eb4e699d1ba1436315aef9cbe5711530354,Input evidence for final freeze review; not a baseline promotion.
03_Compliance/reports/phase_2/review/gate_2/materialization/test_eu_2017_1926_annex_2_3.json,json,Phase 2,Gate 2,"Review, provenance or execution evidence",YES,NO,39d608920a18a280a46fbff0b1ad36099cbee7fe19da8702ce90e969fd4d8f60,Input evidence for final freeze review; not a baseline promotion.
03_Compliance/reports/phase_2/review/gate_2/materialization/test_eu_2017_1926_annex_2_3.stderr.txt,txt,Phase 2,Gate 2,"Review, provenance or execution evidence",YES,NO,e3b0c44298fc1c149afbf4c8996fb92427ae41e4649b934ca495991b7852b855,Input evidence for final freeze review; not a baseline promotion.
03_Compliance/reports/phase_2/review/gate_2/materialization/test_eu_2017_1926_master_structure.exit_code.txt,txt,Phase 2,Gate 2,"Review, provenance or execution evidence",YES,NO,13bf7b3039c63bf5a50491fa3cfd8eb4e699d1ba1436315aef9cbe5711530354,Input evidence for final freeze review; not a baseline promotion.
03_Compliance/reports/phase_2/review/gate_2/materialization/test_eu_2017_1926_master_structure.json,json,Phase 2,Gate 2,"Review, provenance or execution evidence",YES,NO,bc796cce428bf722e6670a1528f7d4d7cf767b852e1f967cb5903925e6acfab7,Input evidence for final freeze review; not a baseline promotion.
03_Compliance/reports/phase_2/review/gate_2/materialization/test_eu_2017_1926_master_structure.stderr.txt,txt,Phase 2,Gate 2,"Review, provenance or execution evidence",YES,NO,e3b0c44298fc1c149afbf4c8996fb92427ae41e4649b934ca495991b7852b855,Input evidence for final freeze review; not a baseline promotion.
03_Compliance/reports/phase_2/review/gate_2/materialization/test_phase_1_master.exit_code.txt,txt,Phase 1,Gate 2,"Review, provenance or execution evidence",YES,NO,13bf7b3039c63bf5a50491fa3cfd8eb4e699d1ba1436315aef9cbe5711530354,Input evidence for final freeze review; not a baseline promotion.
03_Compliance/reports/phase_2/review/gate_2/materialization/test_phase_1_master.json,json,Phase 1,Gate 2,"Review, provenance or execution evidence",YES,YES,4138d7f7a0836876e66328087f1206930e5bb12c964bd4ad089246007467c2a6,Historical evidence remains authoritative for its own stage; superseded status is not current freeze truth.
03_Compliance/reports/phase_2/review/gate_2/materialization/test_phase_1_master.stderr.txt,txt,Phase 1,Gate 2,"Review, provenance or execution evidence",YES,NO,e3b0c44298fc1c149afbf4c8996fb92427ae41e4649b934ca495991b7852b855,Input evidence for final freeze review; not a baseline promotion.
03_Compliance/reports/phase_2/review/gate_2/materialization/test_phase_2_master.exit_code.txt,txt,Phase 2,Gate 2,"Review, provenance or execution evidence",YES,NO,13bf7b3039c63bf5a50491fa3cfd8eb4e699d1ba1436315aef9cbe5711530354,Input evidence for final freeze review; not a baseline promotion.
03_Compliance/reports/phase_2/review/gate_2/materialization/test_phase_2_master.json,json,Phase 2,Gate 2,"Review, provenance or execution evidence",YES,YES,c744173e02f310b8e2f6a68f36e973fe29481cb10333084abb341e68a121252a,Historical evidence remains authoritative for its own stage; superseded status is not current freeze truth.
03_Compliance/reports/phase_2/review/gate_2/materialization/test_phase_2_master.stderr.txt,txt,Phase 2,Gate 2,"Review, provenance or execution evidence",YES,NO,e3b0c44298fc1c149afbf4c8996fb92427ae41e4649b934ca495991b7852b855,Input evidence for final freeze review; not a baseline promotion.
03_Compliance/reports/phase_2/review/gate_2/materialization/TRANSACTION_EXIT_CODE.txt,txt,Phase 2,Gate 2,"Review, provenance or execution evidence",YES,NO,13bf7b3039c63bf5a50491fa3cfd8eb4e699d1ba1436315aef9cbe5711530354,Input evidence for final freeze review; not a baseline promotion.
03_Compliance/reports/phase_2/review/gate_2/materialization/TRANSACTION_VALIDATION.json,json,Phase 2,Gate 2,"Review, provenance or execution evidence",YES,NO,812156e3a3b6d971709f89b246371336f2c4c44b337f9c89b55fabd2e238657d,Input evidence for final freeze review; not a baseline promotion.
03_Compliance/reports/phase_2/review/gate_2/resolution/ARTICLE_9_3_SOURCE_FACT_PROPOSAL.csv,csv,Phase 2,Gate 2,"Review, provenance or execution evidence",YES,NO,7c45490f5e2478b7b734f8a9c710269e7244dfa167d8cacce7ae37880505a731,Input evidence for final freeze review; not a baseline promotion.
03_Compliance/reports/phase_2/review/gate_2/resolution/GATE_2_ACTOR_RESOLUTION.csv,csv,Phase 2,Gate 2,"Review, provenance or execution evidence",YES,NO,cd3b913d9d5c4ffe3be6f96c7a1741a2df490c42a00e9b597882dd5fa8ac0693,Input evidence for final freeze review; not a baseline promotion.
03_Compliance/reports/phase_2/review/gate_2/resolution/GATE_2_ENCODING_CHECK.md,md,Phase 2,Gate 2,"Review, provenance or execution evidence",YES,NO,09fb7578e11bab627ee71dedf0ab785a30f645eb765caff8a0b14f1364e61920,Input evidence for final freeze review; not a baseline promotion.
03_Compliance/reports/phase_2/review/gate_2/resolution/GATE_2_EXCEPTION_RESOLUTION.csv,csv,Phase 2,Gate 2,"Review, provenance or execution evidence",YES,NO,29f1197fcdb331f190d45de13b3f6fcbb69ab44113967f21e1b051b10a2c1d8f,Input evidence for final freeze review; not a baseline promotion.
03_Compliance/reports/phase_2/review/gate_2/resolution/GATE_2_EXCEPTION_RESOLUTION.md,md,Phase 2,Gate 2,"Review, provenance or execution evidence",YES,NO,1137de90d01ffb6aab7efa4bdc1cc53a36e1452665dc42846b6af1f38633da95,Input evidence for final freeze review; not a baseline promotion.
03_Compliance/reports/phase_2/review/gate_2/resolution/GATE_2_FINAL_ATOMIC_UNIVERSE.csv,csv,Phase 2,Gate 2,"Review, provenance or execution evidence",YES,NO,4f7c0a3342a91c148a56c6f73c50a384501f1baff5b61e278e322193624906c5,Input evidence for final freeze review; not a baseline promotion.
03_Compliance/reports/phase_2/review/gate_2/resolution/GATE_2_FINAL_ATOMIC_UNIVERSE.md,md,Phase 2,Gate 2,"Review, provenance or execution evidence",YES,NO,b676005eb6518c1e97d5eb1354814bf1cbb45efe999a4963b0e80aebc11420cf,Input evidence for final freeze review; not a baseline promotion.
03_Compliance/reports/phase_2/review/gate_2/resolution/GATE_2_FINAL_EXCEPTION_QUEUE.csv,csv,Phase 2,Gate 2,"Review, provenance or execution evidence",YES,NO,e2f2ada64786674a4e66201f489c4c7c8ebd7611f3018679689327ae5e57adf4,Input evidence for final freeze review; not a baseline promotion.
03_Compliance/reports/phase_2/review/gate_2/resolution/GATE_2_SPLIT_RESOLUTION.csv,csv,Phase 2,Gate 2,"Review, provenance or execution evidence",YES,NO,64aa434ec6d9ed3c3980b3c06503a4c185648b1edc1653e832f713a4cd779e2a,Input evidence for final freeze review; not a baseline promotion.
03_Compliance/reports/phase_2/review/gate_2/resolution/GATE_2_TEMPORAL_CORRECTIONS.csv,csv,Phase 2,Gate 2,"Review, provenance or execution evidence",YES,NO,b58b6ee1bb3d90566c8aff9258ec190c0e09b95d5f0e2af1c10157e674ba3e42,Input evidence for final freeze review; not a baseline promotion.
03_Compliance/sql/00_setup/001_create_compliance_database.sql,sql,Phase 2,Extraction/baseline,Protected corpus/test input,YES,NO,74cc1273b58ac8560dec4c01a13ad1a873de2cfddcd78b0bae66e41cd50b7061,Input evidence for final freeze review; not a baseline promotion.
03_Compliance/sql/00_setup/001_create_transit_compliance.sql,sql,Phase 2,Extraction/baseline,Protected corpus/test input,YES,NO,9435927ad51fb61f873a28af5dd451ba2abf6952775ed1cd0a88bc6ea3f025ac,Input evidence for final freeze review; not a baseline promotion.
03_Compliance/sql/00_setup/002_complete_compliance_database.sql,sql,Phase 2,Extraction/baseline,Protected corpus/test input,YES,NO,10c798cf06b97646143d6526a4e41d8a9b20242330993be9629c402a15e26c7b,Input evidence for final freeze review; not a baseline promotion.
03_Compliance/sql/00_setup/002_update_compliance_2026.sql,sql,Phase 2,Extraction/baseline,Protected corpus/test input,YES,NO,77757407fef4b03b9342ce9b7c1c17abf846db75f1ffd540c9a6d688090aad4f,Input evidence for final freeze review; not a baseline promotion.
03_Compliance/sql/00_setup/003_phase_2_engine_schema.sql,sql,Phase 2,Extraction/baseline,Protected corpus/test input,YES,NO,8bd0801c72a2061477abf83f5c298d4ed5a9cf4cfd74e274afdae9309b974a1b,Input evidence for final freeze review; not a baseline promotion.
03_Compliance/sql/00_setup/004_phase_2_2017_1926_seed.sql,sql,Phase 2,Extraction/baseline,Protected corpus/test input,YES,NO,0572e71672c60c8e86c6b62294856b56d9efb831d84ba8198250ef6ab5907a66,Input evidence for final freeze review; not a baseline promotion.
03_Compliance/sql/00_setup/close_phase_1.ps1,ps1,Phase 1,Extraction/baseline,Protected corpus/test input,YES,NO,801757fb11e7ac36ab769996568a4857c7d45ed451dff7754c1fbe8703897e51,Input evidence for final freeze review; not a baseline promotion.
03_Compliance/sql/00_setup/finalize_phase_1.ps1,ps1,Phase 1,Extraction/baseline,Protected corpus/test input,YES,NO,ec1e73c769c7b3a01683a5a95e5af37395e8f1ab8276b20d74c4f745d2c737c4,Input evidence for final freeze review; not a baseline promotion.
03_Compliance/sql/00_setup/load_annex_1_2.ps1,ps1,Phase 2,Extraction/baseline,Protected corpus/test input,YES,NO,1570a5eea9b17529003e78fd10dc11b6396135a6ed5fd535e6145e4ebab2d296,Input evidence for final freeze review; not a baseline promotion.
03_Compliance/sql/00_setup/load_annex_1_3.ps1,ps1,Phase 2,Extraction/baseline,Protected corpus/test input,YES,NO,3369857cd61848703d16d2f0353291be4995f879afa9dff326da06f08d699b4f,Input evidence for final freeze review; not a baseline promotion.
03_Compliance/sql/00_setup/load_annex_1_4.ps1,ps1,Phase 2,Extraction/baseline,Protected corpus/test input,YES,NO,a11d73fa9dec402b6bd87fc32eb2c203077911447833d4c2e0bf490edf534363,Input evidence for final freeze review; not a baseline promotion.
03_Compliance/sql/00_setup/load_annex_2_1.ps1,ps1,Phase 2,Extraction/baseline,Protected corpus/test input,YES,NO,7a9c23dc7740e724d8d3ff384afa3d5457b537f73d5b389ee9044d0272dbe30a,Input evidence for final freeze review; not a baseline promotion.
03_Compliance/sql/00_setup/load_annex_2_2.ps1,ps1,Phase 2,Extraction/baseline,Protected corpus/test input,YES,NO,7abcf62e782565961cac5d6db6853604dc6dc7accb9e35509faed82bb4ae956c,Input evidence for final freeze review; not a baseline promotion.
03_Compliance/sql/00_setup/load_annex_2_3.ps1,ps1,Phase 2,Extraction/baseline,Protected corpus/test input,YES,NO,319f9798a82d10903a501b655dda37648fb11e9badd0e5dafec4d887d759f512,Input evidence for final freeze review; not a baseline promotion.
03_Compliance/sql/00_setup/repair_phase_1_metadata.ps1,ps1,Phase 1,Extraction/baseline,Protected corpus/test input,YES,NO,e44a0b13ae1a3e9b6173e10a64364eae194e327bf77857c37bde6345791e7276,Input evidence for final freeze review; not a baseline promotion.
03_Compliance/sql/00_setup/run_phase_2_2017_1926.ps1,ps1,Phase 2,Extraction/baseline,Protected corpus/test input,YES,NO,eef2a1f75f48a3d5d8830db36d764c5935838b525c13bbdb1a23aacea11e92aa,Input evidence for final freeze review; not a baseline promotion.
03_Compliance/sql/00_setup/setup_transit_compliance.ps1,ps1,Phase 2,Extraction/baseline,Protected corpus/test input,YES,NO,86415c726cfda2f10c0fa9dd8a86a463e8ecde055cd3823cc81ef22605f32f37,Input evidence for final freeze review; not a baseline promotion.
03_Compliance/sql/00_setup/test_eu_2017_1926_master.ps1,ps1,Phase 2,Extraction/baseline,Protected corpus/test input,YES,NO,b30d3e3be442fc9ee5fb82630a7c0000ef534557fa0b631e7e03ea0f63a4e5e9,Input evidence for final freeze review; not a baseline promotion.
03_Compliance/sql/00_setup/update_compliance_2026.ps1,ps1,Phase 2,Extraction/baseline,Protected corpus/test input,YES,NO,0e86484e21927bd02cd327066e4e94f10c030941ab08c261ba32352a805d8daf,Input evidence for final freeze review; not a baseline promotion.
03_Compliance/sql/01_sources/001_eu_2017_1926_provisions.sql,sql,Phase 2,Extraction/baseline,Protected corpus/test input,YES,NO,6ab0e8a327fad754225e663e94a5bbcb25602ba8e167d11bb51953e2b98bdca6,Input evidence for final freeze review; not a baseline promotion.
03_Compliance/sql/01_sources/002_eu_2017_1926_annex_1_1.sql,sql,Phase 2,Extraction/baseline,Protected corpus/test input,YES,NO,ab3f6d3c7613c80f01d4eb19fa0f575c36a600f92bd9f59c48b3a173d0423176,Input evidence for final freeze review; not a baseline promotion.
03_Compliance/sql/01_sources/003_eu_2017_1926_annex_1_2.sql,sql,Phase 2,Extraction/baseline,Protected corpus/test input,YES,NO,b4d1e483654602ea85859327cd9a55a8e86db63d3eca2fa4481c6afc3d8d888b,Input evidence for final freeze review; not a baseline promotion.
03_Compliance/sql/01_sources/004_eu_2017_1926_annex_1_3.sql,sql,Phase 2,Extraction/baseline,Protected corpus/test input,YES,NO,44549934e91b99a7d40acc124c2d758749713883bd9a28e475879bd43234675d,Input evidence for final freeze review; not a baseline promotion.
03_Compliance/sql/01_sources/005_eu_2017_1926_annex_1_4.sql,sql,Phase 2,Extraction/baseline,Protected corpus/test input,YES,NO,3e874361b288e7c253b582fab3ca25e23b76f853053ed271a2ee1f0370704860,Input evidence for final freeze review; not a baseline promotion.
03_Compliance/sql/01_sources/006_eu_2017_1926_annex_2_1.sql,sql,Phase 2,Extraction/baseline,Protected corpus/test input,YES,NO,a011cb1a6ff2a5c690558642ac55b686cb9c2f66751e2ed6e0677f835e446aca,Input evidence for final freeze review; not a baseline promotion.
03_Compliance/sql/01_sources/007_eu_2017_1926_annex_2_2.sql,sql,Phase 2,Extraction/baseline,Protected corpus/test input,YES,NO,8949c6ffb4025afa6695542c90d088671b8219d273a1606687afbaa5d0a383bf,Input evidence for final freeze review; not a baseline promotion.
03_Compliance/sql/01_sources/008_eu_2017_1926_annex_2_3.sql,sql,Phase 2,Extraction/baseline,Protected corpus/test input,YES,NO,9c372131a253ad1803923f31769014a0c4cc8952fb16b441af7c669ed74dc23f,Input evidence for final freeze review; not a baseline promotion.
03_Compliance/sql/07_tests/phase_1/test_phase_1_invariants.sql,sql,Phase 1,Extraction/baseline,Protected corpus/test input,YES,NO,b2a89c0d14842bc2ff5f7d5b561b60a7d3d76269004c1b71e10ffc5e7300332a,Input evidence for final freeze review; not a baseline promotion.
03_Compliance/sql/07_tests/phase_1/test_phase_1_master.sql,sql,Phase 1,Extraction/baseline,Protected corpus/test input,YES,YES,ec409b8b8801472ac030dd2174a20765f67e859aae099753a8957e4bc1d9bd2b,Historical evidence remains authoritative for its own stage; superseded status is not current freeze truth.
03_Compliance/sql/07_tests/phase_2/test_phase_2_master.sql,sql,Phase 2,Extraction/baseline,Protected corpus/test input,YES,YES,61aa9ca0d339e1b46b13587b115c6e30f11dbea4d31ea6898b5273102262370c,Historical evidence remains authoritative for its own stage; superseded status is not current freeze truth.
03_Compliance/sql/07_tests/phase_2/test_phase_2_post_materialization_gate.sql,sql,Phase 2,Extraction/baseline,Protected corpus/test input,YES,NO,974a972340fe8949d69f90f01bb7835265671d4e3ce8fb69c80daf8cb7d3cba8,Input evidence for final freeze review; not a baseline promotion.
03_Compliance/sql/07_tests/phase_2/test_phase_2_pre_materialization_gate.sql,sql,Phase 2,Extraction/baseline,Protected corpus/test input,YES,YES,618d0ebd3154bde2576ad6e1442e0f633e77a28fe061a39a433441e6a9d6282f,Historical evidence remains authoritative for its own stage; superseded status is not current freeze truth.
03_Compliance/sql/07_tests/source/test_eu_2017_1926_annex_1_1.sql,sql,Phase 1,Extraction/baseline,Protected corpus/test input,YES,NO,93f4715baefbe8c9cdc158a01bcbdd20fe93bbcb3f0512741126d0d11244b5d0,Input evidence for final freeze review; not a baseline promotion.
03_Compliance/sql/07_tests/source/test_eu_2017_1926_annex_1_2.sql,sql,Phase 1,Extraction/baseline,Protected corpus/test input,YES,NO,f2265f6bbc4fb2df1e829eaa98464197a1a2130fa95b213aa2441c983d437d69,Input evidence for final freeze review; not a baseline promotion.
03_Compliance/sql/07_tests/source/test_eu_2017_1926_annex_1_3.sql,sql,Phase 1,Extraction/baseline,Protected corpus/test input,YES,NO,196a32123a84ef5d79fd366c68b5c1e5f14ba60b90f26a9cc3ef1c437844af1c,Input evidence for final freeze review; not a baseline promotion.
03_Compliance/sql/07_tests/source/test_eu_2017_1926_annex_1_4.sql,sql,Phase 1,Extraction/baseline,Protected corpus/test input,YES,NO,6d89324b08f93db8c8881f82711216ca80a96d7d627d091501fade308b9daf39,Input evidence for final freeze review; not a baseline promotion.
03_Compliance/sql/07_tests/source/test_eu_2017_1926_annex_2_1.sql,sql,Phase 1,Extraction/baseline,Protected corpus/test input,YES,NO,da3f0f3f110e9d55b3c3cc159c5558ec579c556e3230d64fdd5421e1ebc0c5b6,Input evidence for final freeze review; not a baseline promotion.
03_Compliance/sql/07_tests/source/test_eu_2017_1926_annex_2_2.sql,sql,Phase 1,Extraction/baseline,Protected corpus/test input,YES,NO,b3656f2539549c5bd178ed8e58b35a01d6ed275469072db52309789191187a6a,Input evidence for final freeze review; not a baseline promotion.
03_Compliance/sql/07_tests/source/test_eu_2017_1926_annex_2_3.sql,sql,Phase 1,Extraction/baseline,Protected corpus/test input,YES,NO,778afdf1ec09cbfb5f4ad99eebef2f451dc67b2d5f9cdee9e60f5c530ac779da,Input evidence for final freeze review; not a baseline promotion.
03_Compliance/sql/07_tests/source/test_eu_2017_1926_master_structure.sql,sql,Phase 1,Extraction/baseline,Protected corpus/test input,YES,NO,db2b5366319769e3a739e7629d8e04f7f79afd0528d02374a1e9933f455e194b,Input evidence for final freeze review; not a baseline promotion.
03_Compliance/TEST_BASELINE_POLICY.md,md,Phase 2,Extraction/baseline,"Review, provenance or execution evidence",YES,NO,fd26a072aa184187bdbfa27b5a3b0157298e595f7ec525efa8d2a2a15f323db5,Input evidence for final freeze review; not a baseline promotion.
project_baseline.json,json,Phase 1,Extraction/baseline,"Review, provenance or execution evidence",YES,YES,b8407edbf637071a6d9f64aab29fd5a096dab7b845c3f16345e288dddf1ca0b8,Historical evidence remains authoritative for its own stage; superseded status is not current freeze truth.
PROJECT_CURRENT_STATE.md,md,Phase 1,Extraction/baseline,"Review, provenance or execution evidence",YES,YES,479badc53cfe4de3ea8f4827baa99fe3df3f34829f5afe695282667cf25dbe84,Historical evidence remains authoritative for its own stage; superseded status is not current freeze truth.
