path,bytes,sha256
07_Business/03_Market/MARKET_PROBLEM_REGISTER.csv,7291,d4a3a731f3ecf88667c25623f7ef5a6215e1c14f5f9f11d4f95817897bb136df
07_Business/03_Market/COMMERCIAL_VALIDATION_READINESS.csv,4949,24f2256a7e97f79714944c78219568a13affba47b5430fc7e9932a6cfa625f94
07_Business/03_Market/MARKET_VALIDATION_PLAN.md,6897,cb1e94521ede6b1eec4559ecff277f16a3f09a51738044a311ac4d187e16b2d4
07_Business/03_Market/CUSTOMER_DISCOVERY_INTERVIEW_GUIDE.md,3291,9c050c21cc0d579304376ed76fb66aa13ea40c680999a33cc9d284dd3df8b9fb
07_Business/03_Market/COMMERCIAL_VALIDATION_EVIDENCE_MODEL.md,3848,def0dc04d4c163d419d8785765b64f03e1be8f23dd0ade527f73a4f35647fbba
07_Business/03_Market/BUSINESS_PHASE_3_VALIDATION_GATE.md,24522,4695529748749b5e86b3f20b119e508800c62716b964615872e324ae3271db88
07_Business/03_Market/RESOURCE_USAGE_POLICY.md,1845,536ac1230a1fe4aafc9e19ffe5027bf3b2274348f298b990b9eb437d7af3c8c2
07_Business/BUSINESS_STATUS.md,5373,3f9702da2472c840e00c1c74bac4880ac5c2f09997e0453d4d597bcde1656f39
07_Business/01_Governance/ASSUMPTIONS_REGISTER.md,6683,23465c3f6fb0b8f2a5b7157961109280fa5243b985d0d60c677137c5d777dfde
07_Business/01_Governance/DECISION_LOG.md,8656,e31faf686154e72f4ad98afaa7531a1fb685910584150dc436dcb4689e7aa3ae
07_Business/03_Market/readiness_review/verify_readiness.py,11303,53f31cc042b7283124fe2524d66ee9e1494167daf6dd535d8cee223c2519765d
07_Business/03_Market/readiness_review/verification.json,5851,b43cbc204c4664bdb760b86dc9e1e20e0e0d6a8793ff893b66dcea012cb51faa
07_Business/03_Market/readiness_review/exit_code.txt,3,13bf7b3039c63bf5a50491fa3cfd8eb4e699d1ba1436315aef9cbe5711530354
07_Business/03_Market/readiness_review/verification_stdout.txt,41,cf636fe36ebb2f7ba502ccd37c45826502f6c1cc7a8aa02de77b3e068ce48aa0
