final_review_id,requirement_id,source_fact_id,historical_human_status,human_review_resolved,status,differences
G2-001,EU-2017-1926-REQ-A03-P01-001,EU-2017-1926-SF-A03-P01-ESTABLISH,APPROVED_PENDING_MATERIALIZATION,YES,PASS,[]
G2-002,EU-2017-1926-REQ-A03-P01-002,EU-2017-1926-SF-A03-P01-SINGLE,APPROVED_PENDING_MATERIALIZATION,YES,PASS,[]
G2-003,EU-2017-1926-REQ-A03-P03-001,EU-2017-1926-SF-A03-P03,APPROVED_PENDING_MATERIALIZATION,YES,PASS,[]
G2-004,EU-2017-1926-REQ-A03-P04-001-01,EU-2017-1926-SF-A03-P04,APPROVED_PENDING_MATERIALIZATION,YES,PASS,[]
G2-005,EU-2017-1926-REQ-A03-P04-001-02,EU-2017-1926-SF-A03-P04,APPROVED_PENDING_MATERIALIZATION,YES,PASS,[]
G2-006,EU-2017-1926-REQ-A04-P01-001,EU-2017-1926-SF-A04-P01,APPROVED_PENDING_MATERIALIZATION,YES,PASS,[]
G2-007,EU-2017-1926-REQ-A04-P01-002,EU-2017-1926-SF-A04-P01-ROAD,APPROVED_WITH_EXTERNAL_DEPENDENCY,YES,PASS,[]
G2-008,EU-2017-1926-REQ-A04-P01-003,EU-2017-1926-SF-A04-P01-OTHER,APPROVED_WITH_EXTERNAL_DEPENDENCY,YES,PASS,[]
G2-009,EU-2017-1926-REQ-A04-P01-004,EU-2017-1926-SF-A04-P01-SPATIAL,APPROVED_WITH_EXTERNAL_DEPENDENCY,YES,PASS,[]
G2-010,EU-2017-1926-REQ-A04-P02-001,EU-2017-1926-SF-A04-P02,APPROVED_PENDING_MATERIALIZATION,YES,PASS,[]
G2-011,EU-2017-1926-REQ-A04-P03-001,EU-2017-1926-SF-A04-P03-A,APPROVED_PENDING_MATERIALIZATION,YES,PASS,[]
G2-012,EU-2017-1926-REQ-A04-P03-002,EU-2017-1926-SF-A04-P03-B,APPROVED_PENDING_MATERIALIZATION,YES,PASS,[]
G2-013,EU-2017-1926-REQ-A04-P03-003,EU-2017-1926-SF-A04-P03-C,APPROVED_PENDING_MATERIALIZATION,YES,PASS,[]
G2-014,EU-2017-1926-REQ-A04-P03-004,EU-2017-1926-SF-A04-P03-D,APPROVED_PENDING_MATERIALIZATION,YES,PASS,[]
G2-015,EU-2017-1926-REQ-A04-P03-005,EU-2017-1926-SF-A04-P03-E,APPROVED_PENDING_MATERIALIZATION,YES,PASS,[]
G2-016,EU-2017-1926-REQ-A04-P03-006,EU-2017-1926-SF-A04-P03-F,APPROVED_PENDING_MATERIALIZATION,YES,PASS,[]
G2-017,EU-2017-1926-REQ-A04-P04-001,EU-2017-1926-SF-A04-P04,APPROVED_WITH_CHANGES_PENDING_MATERIALIZATION,YES,PASS,[]
G2-018,EU-2017-1926-REQ-A04-P05-001,EU-2017-1926-SF-A04-P05,APPROVED_PENDING_MATERIALIZATION,YES,PASS,[]
G2-019,EU-2017-1926-REQ-A04-P06-001,EU-2017-1926-SF-A04-P06,APPROVED_WITH_EXTERNAL_DEPENDENCY,YES,PASS,[]
G2-020,EU-2017-1926-REQ-A05-P01-001,EU-2017-1926-SF-A05-P01,APPROVED_PENDING_MATERIALIZATION,YES,PASS,[]
G2-021,EU-2017-1926-REQ-A05-P01-002,EU-2017-1926-SF-A05-P01-ROAD,APPROVED_WITH_EXTERNAL_DEPENDENCY,YES,PASS,[]
G2-022,EU-2017-1926-REQ-A05-P01-003,EU-2017-1926-SF-A05-P01-OTHER,APPROVED_WITH_EXTERNAL_DEPENDENCY,YES,PASS,[]
G2-023,EU-2017-1926-REQ-A05-P02-001,EU-2017-1926-SF-A05-P02,APPROVED_PENDING_MATERIALIZATION,YES,PASS,[]
G2-024,EU-2017-1926-REQ-A05-P03-001,EU-2017-1926-SF-A05-P03-A,APPROVED_PENDING_MATERIALIZATION,YES,PASS,[]
G2-025,EU-2017-1926-REQ-A05-P03-002,EU-2017-1926-SF-A05-P03-B,APPROVED_PENDING_MATERIALIZATION,YES,PASS,[]
G2-026,EU-2017-1926-REQ-A05-P03-003,EU-2017-1926-SF-A05-P03-C,APPROVED_PENDING_MATERIALIZATION,YES,PASS,[]
G2-027,EU-2017-1926-REQ-A05-P04-001,EU-2017-1926-SF-A05-P04,APPROVED_PENDING_MATERIALIZATION,YES,PASS,[]
G2-028,EU-2017-1926-REQ-A06-P02-001-01,EU-2017-1926-SF-A06-P02,APPROVED_PENDING_MATERIALIZATION,YES,PASS,[]
G2-029,EU-2017-1926-REQ-A06-P02-001-02,EU-2017-1926-SF-A06-P02,APPROVED_PENDING_MATERIALIZATION,YES,PASS,[]
G2-030,EU-2017-1926-REQ-A06-P02-001-03,EU-2017-1926-SF-A06-P02,APPROVED_WITH_CHANGES_PENDING_MATERIALIZATION,YES,PASS,[]
G2-031,EU-2017-1926-REQ-A07-P01-001,EU-2017-1926-SF-A07-P01,APPROVED_PENDING_MATERIALIZATION,YES,PASS,[]
G2-032-A,EU-2017-1926-REQ-A08-P01-001-01-A,EU-2017-1926-SF-A08-P01,APPROVED_WITH_CHANGES_PENDING_MATERIALIZATION,YES,PASS,[]
G2-032-B,EU-2017-1926-REQ-A08-P01-001-01-B,EU-2017-1926-SF-A08-P01,APPROVED_WITH_CHANGES_PENDING_MATERIALIZATION,YES,PASS,[]
G2-033,EU-2017-1926-REQ-A08-P01-001-02,EU-2017-1926-SF-A08-P01,APPROVED_PENDING_MATERIALIZATION,YES,PASS,[]
G2-034,EU-2017-1926-REQ-A08-P01-001-03,EU-2017-1926-SF-A08-P01,APPROVED_PENDING_MATERIALIZATION,YES,PASS,[]
G2-035,EU-2017-1926-REQ-A08-P01-001-04,EU-2017-1926-SF-A08-P01,APPROVED_PENDING_MATERIALIZATION,YES,PASS,[]
G2-036,EU-2017-1926-REQ-A08-P02-001-01,EU-2017-1926-SF-A08-P02,APPROVED_WITH_CHANGES_PENDING_MATERIALIZATION,YES,PASS,[]
G2-037-A,EU-2017-1926-REQ-A08-P02-001-02-A,EU-2017-1926-SF-A08-P02,APPROVED_WITH_CHANGES_PENDING_MATERIALIZATION,YES,PASS,[]
G2-037-B,EU-2017-1926-REQ-A08-P02-001-02-B,EU-2017-1926-SF-A08-P02,APPROVED_WITH_CHANGES_PENDING_MATERIALIZATION,YES,PASS,[]
G2-037-C,EU-2017-1926-REQ-A08-P02-001-02-C,EU-2017-1926-SF-A08-P02,APPROVED_WITH_CHANGES_PENDING_MATERIALIZATION,YES,PASS,[]
G2-038,EU-2017-1926-REQ-A08-P02-001-03,EU-2017-1926-SF-A08-P02,APPROVED_WITH_CHANGES_PENDING_MATERIALIZATION,YES,PASS,[]
G2-039,EU-2017-1926-REQ-A08-P03-001-01,EU-2017-1926-SF-A08-P03,APPROVED_PENDING_MATERIALIZATION,YES,PASS,[]
G2-040,EU-2017-1926-REQ-A08-P03-001-02,EU-2017-1926-SF-A08-P03,APPROVED_PENDING_MATERIALIZATION,YES,PASS,[]
G2-041,EU-2017-1926-REQ-A09-P01-001,EU-2017-1926-SF-A09-P01,APPROVED_PENDING_MATERIALIZATION,YES,PASS,[]
G2-042,EU-2017-1926-REQ-A10-P01-001,EU-2017-1926-SF-A10-P01,APPROVED_PENDING_MATERIALIZATION,YES,PASS,[]
G2-043,EU-2017-1926-REQ-A10-P02-001,EU-2017-1926-SF-A10-P02,APPROVED_WITH_EXTERNAL_DEPENDENCY,YES,PASS,[]
G2-044,EU-2017-1926-REQ-A09-P02-DOCUMENT_REQUEST,EU-2017-1926-SF-A09-P02,APPROVED_PENDING_MATERIALIZATION,YES,PASS,[]
G2-045,EU-2017-1926-REQ-A09-P03-RANDOM_CHECKS,EU-2017-1926-SF-A09-P03,READY_PENDING_SOURCE_FACT_PERSISTENCE,YES,PASS,[]
