problem_id,problem_name,problem_description,affected_actor,segment,evidence_count,procurement_evidence,observed_problem_evidence,regulatory_evidence,provider_evidence,free_alternative_evidence,TDL_capability_relation,current_assumption_relation,notes
PROB-001,Hallazgos publicados de validación,Errores/advertencias PAN Francia/SNCF; no todos corroborados en campo.,Productores ferroviarios; operadores; autoridades; reutilizadores,SEG-002;SEG-001;SEG-004;SEG-008,10,MKT-EVD-002;MKT-EVD-007,MKT-EVD-017;MKT-EVD-018,,MKT-EVD-029,MKT-EVD-019;MKT-EVD-020;MKT-EVD-021;MKT-EVD-022;MKT-EVD-023,PARTIAL_FIT: TDL-CAP-003;TDL-CAP-004;TDL-CAP-019,BUS-ASM-001;BUS-ASM-002;BUS-ASM-003;BUS-ASM-004;BUS-ASM-008,"IDs únicos, no organizaciones independientes: MKT-EVD-002;MKT-EVD-007;MKT-EVD-017;MKT-EVD-018;MKT-EVD-019;MKT-EVD-020;MKT-EVD-021;MKT-EVD-022;MKT-EVD-023;MKT-EVD-029. Tipos/localizadores y vínculos de revisión en BUSINESS_PHASE_3_VALIDATION_GATE.md. Utilidad de interpretar hallazgos estáticos por separado; transferencia fuera del baseline no demostrada."
PROB-002,Actualización y mantenimiento de servicios,Cambios y mantenimiento semanal exigidos; no medición de feeds españoles desactualizados.,Operadores bus; autoridades,SEG-001;SEG-004,9,MKT-EVD-001;MKT-EVD-002;MKT-EVD-004;MKT-EVD-006;MKT-EVD-007;MKT-EVD-031,,,MKT-EVD-025;MKT-EVD-028,MKT-EVD-017,PARTIAL_FIT: TDL-CAP-001;TDL-CAP-002;TDL-CAP-016,BUS-ASM-001;BUS-ASM-002;BUS-ASM-003;BUS-ASM-004;BUS-ASM-006;BUS-ASM-008,"IDs únicos, no organizaciones independientes: MKT-EVD-001;MKT-EVD-002;MKT-EVD-004;MKT-EVD-006;MKT-EVD-007;MKT-EVD-017;MKT-EVD-025;MKT-EVD-028;MKT-EVD-031. Tipos/localizadores y vínculos de revisión en BUSINESS_PHASE_3_VALIDATION_GATE.md. No caso observado de desactualización; conservar no es actualizar."
PROB-003,Coherencia estático y tiempo real,Identificadores y asociación estático/RT según TUVISA y ATTG.,Operadores; integradores,SEG-001;SEG-004;SEG-013,8,MKT-EVD-001;MKT-EVD-002;MKT-EVD-006;MKT-EVD-007,,,,MKT-EVD-023,NO_CURRENT_FIT: TDL-CAP-003;TDL-CAP-004,BUS-ASM-001;BUS-ASM-002;BUS-ASM-008,"IDs únicos, no organizaciones independientes: MKT-EVD-001;MKT-EVD-002;MKT-EVD-006;MKT-EVD-007;MKT-EVD-018;MKT-EVD-023;MKT-EVD-033;MKT-EVD-035. Tipos/localizadores y vínculos de revisión en BUSINESS_PHASE_3_VALIDATION_GATE.md. Errores RT SNCF no prueban causa estático/RT; V1 no acredita RT."
PROB-004,Normalización y conversión multiformato,Interoperabilidad NeTEx/SIRI/GTFS/RT: Nantes y propuesta Puglia.,Autoridades; ITS; gestores NAP/RAP,SEG-004;SEG-006;SEG-008;SEG-013,11,MKT-EVD-009;MKT-EVD-030;MKT-EVD-032,,MKT-EVD-013,MKT-EVD-025,MKT-EVD-016;MKT-EVD-019;MKT-EVD-024,NO_CURRENT_FIT: TDL-CAP-004;TDL-CAP-010;TDL-CAP-019,BUS-ASM-001;BUS-ASM-002;BUS-ASM-008,"IDs únicos, no organizaciones independientes: MKT-EVD-009;MKT-EVD-013;MKT-EVD-016;MKT-EVD-019;MKT-EVD-024;MKT-EVD-025;MKT-EVD-030;MKT-EVD-032;MKT-EVD-033;MKT-EVD-034;MKT-EVD-035. Tipos/localizadores y vínculos de revisión en BUSINESS_PHASE_3_VALIDATION_GATE.md. Inspección y requisitos no demuestran conversión ni mapping."
PROB-005,Publicación simultánea y acceso,Distribución consistente y acceso a fuentes/reportes contratados; acceso nacional regulado.,Operadores; administraciones; publicadores,SEG-001;SEG-004;SEG-005;SEG-007;SEG-008,10,MKT-EVD-001;MKT-EVD-002;MKT-EVD-004;MKT-EVD-005;MKT-EVD-032;MKT-EVD-036,,MKT-EVD-011;MKT-EVD-014,,MKT-EVD-015;MKT-EVD-016,PARTIAL_FIT: TDL-CAP-002;TDL-CAP-018,BUS-ASM-001;BUS-ASM-002;BUS-ASM-003;BUS-ASM-004;BUS-ASM-008,"IDs únicos, no organizaciones independientes: MKT-EVD-001;MKT-EVD-002;MKT-EVD-004;MKT-EVD-005;MKT-EVD-011;MKT-EVD-014;MKT-EVD-015;MKT-EVD-016;MKT-EVD-032;MKT-EVD-036. Tipos/localizadores y vínculos de revisión en BUSINESS_PHASE_3_VALIDATION_GATE.md. No fallo concreto de publicación observado; manifiesto histórico no es publicador."
PROB-006,Adquisición e integración de fuentes,Software adquirir/conservar/procesar/transferir GTFS Roma; adquisición programada e integración CTM.,Consorcios; autoridades; integradores,SEG-009;SEG-004;SEG-013,8,MKT-EVD-008;MKT-EVD-009;MKT-EVD-030;MKT-EVD-031,,,MKT-EVD-025;MKT-EVD-026;MKT-EVD-027,MKT-EVD-015,PARTIAL_FIT: TDL-CAP-001;TDL-CAP-002;TDL-CAP-004;TDL-CAP-016;TDL-CAP-018,BUS-ASM-001;BUS-ASM-002;BUS-ASM-003;BUS-ASM-004;BUS-ASM-006;BUS-ASM-008,"IDs únicos, no organizaciones independientes: MKT-EVD-008;MKT-EVD-009;MKT-EVD-015;MKT-EVD-025;MKT-EVD-026;MKT-EVD-027;MKT-EVD-030;MKT-EVD-031. Tipos/localizadores y vínculos de revisión en BUSINESS_PHASE_3_VALIDATION_GATE.md. No incidente de adquisición documentado; Asturias no acredita adquisición universal/Data Lake."
PROB-007,Seguimiento de defectos y responsabilidades,"Informes, responsables, tiempos y vigilancia exigidos en TUVISA/ATTG.",Compradores; operadores; responsables contractuales,SEG-001;SEG-004;SEG-005,12,MKT-EVD-001;MKT-EVD-002;MKT-EVD-003;MKT-EVD-004;MKT-EVD-005;MKT-EVD-006;MKT-EVD-007;MKT-EVD-030,,,MKT-EVD-028;MKT-EVD-029,MKT-EVD-019;MKT-EVD-020,PARTIAL_FIT: TDL-CAP-002;TDL-CAP-011;TDL-CAP-012,BUS-ASM-001;BUS-ASM-002;BUS-ASM-003;BUS-ASM-004;BUS-ASM-006;BUS-ASM-008,"IDs únicos, no organizaciones independientes: MKT-EVD-001;MKT-EVD-002;MKT-EVD-003;MKT-EVD-004;MKT-EVD-005;MKT-EVD-006;MKT-EVD-007;MKT-EVD-019;MKT-EVD-020;MKT-EVD-028;MKT-EVD-029;MKT-EVD-030. Tipos/localizadores y vínculos de revisión en BUSINESS_PHASE_3_VALIDATION_GATE.md. No dificultad efectiva de seguimiento observada; gates no son gestión de incidencias ni SLA."
PROB-008,Digitalización y evidencia de requisitos,"Disponibilidad, actualización y corrección reguladas; incumplimiento individual no investigado.",Titulares servicios; autoridades; gestores NAP e infraestructura,SEG-001;SEG-004;SEG-007;SEG-008,6,MKT-EVD-009;MKT-EVD-036,,MKT-EVD-011;MKT-EVD-012;MKT-EVD-013;MKT-EVD-014,,,PARTIAL_FIT: TDL-CAP-009;TDL-CAP-010;TDL-CAP-011;TDL-CAP-012,BUS-ASM-001;BUS-ASM-002;BUS-ASM-003;BUS-ASM-004;BUS-ASM-007;BUS-ASM-008,"IDs únicos, no organizaciones independientes: MKT-EVD-009;MKT-EVD-011;MKT-EVD-012;MKT-EVD-013;MKT-EVD-014;MKT-EVD-036. Tipos/localizadores y vínculos de revisión en BUSINESS_PHASE_3_VALIDATION_GATE.md. No problema operativo observado; mapping/audit incompletos, corpus histórico."
PROB-009,Localización rutas y accesibilidad,Datos exigidos por ley y reglas técnicas; incidencia española no cuantificada.,Operadores; estaciones; autoridades,SEG-001;SEG-002;SEG-004;SEG-005,3,,,MKT-EVD-011;MKT-EVD-012,,MKT-EVD-021,PARTIAL_FIT: TDL-CAP-004;TDL-CAP-016;TDL-CAP-019,BUS-ASM-001;BUS-ASM-003;BUS-ASM-008,"IDs únicos, no organizaciones independientes: MKT-EVD-011;MKT-EVD-012;MKT-EVD-021. Tipos/localizadores y vínculos de revisión en BUSINESS_PHASE_3_VALIDATION_GATE.md. No error real demostrado; GIS/campo sin verificar."
PROB-010,Renovación de información al viajero,Arquitectura RTPI antigua según Wiltshire; renovación adjudicada.,Ayuntamientos; operadores; viajeros,SEG-005;SEG-001;SEG-012,1,MKT-EVD-010,MKT-EVD-010,,,,NO_CURRENT_FIT: TDL-CAP-004;TDL-CAP-019,BUS-ASM-001;BUS-ASM-002;BUS-ASM-003;BUS-ASM-008,"IDs únicos, no organizaciones independientes: MKT-EVD-010. Tipos/localizadores y vínculos de revisión en BUSINESS_PHASE_3_VALIDATION_GATE.md. Observación y compra sí; V1 no suministra RTPI."
