origin_gate2_review_id,origin_candidate_id,requirement_proposal_id,resolution_status,human_decision,replacement_children,human_decision_reason,db_write_performed
G2-001,EU-2017-1926-CAND-A03-P01-001,EU-2017-1926-PROP-A03-P01-001,APPROVED_PENDING_MATERIALIZATION,APPROVE_AS_IS,,"Aprobación humana documental de la propuesta existente, sin reabrir interpretación ni materializar.",FALSE
G2-002,EU-2017-1926-CAND-A03-P01-002,EU-2017-1926-PROP-A03-P01-002,APPROVED_PENDING_MATERIALIZATION,APPROVE_AS_IS,,"Aprobación humana documental de la propuesta existente, sin reabrir interpretación ni materializar.",FALSE
G2-003,EU-2017-1926-CAND-A03-P03-001,EU-2017-1926-PROP-A03-P03-001,APPROVED_PENDING_MATERIALIZATION,APPROVE_AS_IS,,"Aprobación humana documental de la propuesta existente, sin reabrir interpretación ni materializar.",FALSE
G2-004,EU-2017-1926-CAND-A03-P04-001,A03-P04-001-01,APPROVED_PENDING_MATERIALIZATION,APPROVE_AS_IS,,"Aprobación humana documental de la propuesta existente, sin reabrir interpretación ni materializar.",FALSE
G2-005,EU-2017-1926-CAND-A03-P04-001,A03-P04-001-02,APPROVED_PENDING_MATERIALIZATION,APPROVE_AS_IS,,"Aprobación humana documental de la propuesta existente, sin reabrir interpretación ni materializar.",FALSE
G2-006,EU-2017-1926-CAND-A04-P01-001,EU-2017-1926-PROP-A04-P01-001,APPROVED_PENDING_MATERIALIZATION,APPROVE_AS_IS,,"Aprobación humana documental de la propuesta existente, sin reabrir interpretación ni materializar.",FALSE
G2-007,EU-2017-1926-CAND-A04-P01-002,EU-2017-1926-PROP-A04-P01-002,APPROVED_WITH_EXTERNAL_DEPENDENCY,APPROVE_WITH_EXTERNAL_DEPENDENCY,,"Núcleo legal aprobado; detalle externo no interpretado, dependencia PARTIAL conservada.",FALSE
G2-008,EU-2017-1926-CAND-A04-P01-003,EU-2017-1926-PROP-A04-P01-003,APPROVED_WITH_EXTERNAL_DEPENDENCY,APPROVE_WITH_EXTERNAL_DEPENDENCY,,"Núcleo legal aprobado; detalle externo no interpretado, dependencia PARTIAL conservada.",FALSE
G2-009,EU-2017-1926-CAND-A04-P01-004,EU-2017-1926-PROP-A04-P01-004,APPROVED_WITH_EXTERNAL_DEPENDENCY,APPROVE_WITH_EXTERNAL_DEPENDENCY,,"Núcleo legal aprobado; detalle externo no interpretado, dependencia PARTIAL conservada.",FALSE
G2-010,EU-2017-1926-CAND-A04-P02-001,EU-2017-1926-PROP-A04-P02-001,APPROVED_PENDING_MATERIALIZATION,APPROVE_AS_IS,,"Aprobación humana documental de la propuesta existente, sin reabrir interpretación ni materializar.",FALSE
G2-011,EU-2017-1926-CAND-A04-P03-001,EU-2017-1926-PROP-A04-P03-001,APPROVED_PENDING_MATERIALIZATION,APPROVE_AS_IS,,"Aprobación humana documental de la propuesta existente, sin reabrir interpretación ni materializar.",FALSE
G2-012,EU-2017-1926-CAND-A04-P03-002,EU-2017-1926-PROP-A04-P03-002,APPROVED_PENDING_MATERIALIZATION,APPROVE_AS_IS,,"Aprobación humana documental de la propuesta existente, sin reabrir interpretación ni materializar.",FALSE
G2-013,EU-2017-1926-CAND-A04-P03-003,EU-2017-1926-PROP-A04-P03-003,APPROVED_PENDING_MATERIALIZATION,APPROVE_AS_IS,,"Aprobación humana documental de la propuesta existente, sin reabrir interpretación ni materializar.",FALSE
G2-014,EU-2017-1926-CAND-A04-P03-004,EU-2017-1926-PROP-A04-P03-004,APPROVED_PENDING_MATERIALIZATION,APPROVE_AS_IS,,"Aprobación humana documental de la propuesta existente, sin reabrir interpretación ni materializar.",FALSE
G2-015,EU-2017-1926-CAND-A04-P03-005,EU-2017-1926-PROP-A04-P03-005,APPROVED_PENDING_MATERIALIZATION,APPROVE_AS_IS,,"Aprobación humana documental de la propuesta existente, sin reabrir interpretación ni materializar.",FALSE
G2-016,EU-2017-1926-CAND-A04-P03-006,EU-2017-1926-PROP-A04-P03-006,APPROVED_PENDING_MATERIALIZATION,APPROVE_AS_IS,,"Aprobación humana documental de la propuesta existente, sin reabrir interpretación ni materializar.",FALSE
G2-017,EU-2017-1926-CAND-A04-P04-001,EU-2017-1926-PROP-A04-P04-001,APPROVED_WITH_CHANGES_PENDING_MATERIALIZATION,APPROVE_WITH_CHANGES,,Decisión humana: actor conservador y/o división atómica y/o METADATA_CORRECTION según informes específicos.,FALSE
G2-018,EU-2017-1926-CAND-A04-P05-001,EU-2017-1926-PROP-A04-P05-001,APPROVED_PENDING_MATERIALIZATION,APPROVE_AS_IS,,"Aprobación humana documental de la propuesta existente, sin reabrir interpretación ni materializar.",FALSE
G2-019,EU-2017-1926-CAND-A04-P06-001,EU-2017-1926-PROP-A04-P06-001,APPROVED_WITH_EXTERNAL_DEPENDENCY,APPROVE_WITH_EXTERNAL_DEPENDENCY,,"Núcleo legal aprobado; detalle externo no interpretado, dependencia PARTIAL conservada.",FALSE
G2-020,EU-2017-1926-CAND-A05-P01-001,EU-2017-1926-PROP-A05-P01-001,APPROVED_PENDING_MATERIALIZATION,APPROVE_AS_IS,,"Aprobación humana documental de la propuesta existente, sin reabrir interpretación ni materializar.",FALSE
G2-021,EU-2017-1926-CAND-A05-P01-002,EU-2017-1926-PROP-A05-P01-002,APPROVED_WITH_EXTERNAL_DEPENDENCY,APPROVE_WITH_EXTERNAL_DEPENDENCY,,"Núcleo legal aprobado; detalle externo no interpretado, dependencia PARTIAL conservada.",FALSE
G2-022,EU-2017-1926-CAND-A05-P01-003,EU-2017-1926-PROP-A05-P01-003,APPROVED_WITH_EXTERNAL_DEPENDENCY,APPROVE_WITH_EXTERNAL_DEPENDENCY,,"Núcleo legal aprobado; detalle externo no interpretado, dependencia PARTIAL conservada.",FALSE
G2-023,EU-2017-1926-CAND-A05-P02-001,EU-2017-1926-PROP-A05-P02-001,APPROVED_PENDING_MATERIALIZATION,APPROVE_AS_IS,,"Aprobación humana documental de la propuesta existente, sin reabrir interpretación ni materializar.",FALSE
G2-024,EU-2017-1926-CAND-A05-P03-001,EU-2017-1926-PROP-A05-P03-001,APPROVED_PENDING_MATERIALIZATION,APPROVE_AS_IS,,"Aprobación humana documental de la propuesta existente, sin reabrir interpretación ni materializar.",FALSE
G2-025,EU-2017-1926-CAND-A05-P03-002,EU-2017-1926-PROP-A05-P03-002,APPROVED_PENDING_MATERIALIZATION,APPROVE_AS_IS,,"Aprobación humana documental de la propuesta existente, sin reabrir interpretación ni materializar.",FALSE
G2-026,EU-2017-1926-CAND-A05-P03-003,EU-2017-1926-PROP-A05-P03-003,APPROVED_PENDING_MATERIALIZATION,APPROVE_AS_IS,,"Aprobación humana documental de la propuesta existente, sin reabrir interpretación ni materializar.",FALSE
G2-027,EU-2017-1926-CAND-A05-P04-001,EU-2017-1926-PROP-A05-P04-001,APPROVED_PENDING_MATERIALIZATION,APPROVE_AS_IS,,"Aprobación humana documental de la propuesta existente, sin reabrir interpretación ni materializar.",FALSE
G2-028,EU-2017-1926-CAND-A06-P02-001,A06-P02-001-01,APPROVED_PENDING_MATERIALIZATION,APPROVE_AS_IS,,"Aprobación humana documental de la propuesta existente, sin reabrir interpretación ni materializar.",FALSE
G2-029,EU-2017-1926-CAND-A06-P02-001,A06-P02-001-02,APPROVED_PENDING_MATERIALIZATION,APPROVE_AS_IS,,"Aprobación humana documental de la propuesta existente, sin reabrir interpretación ni materializar.",FALSE
G2-030,EU-2017-1926-CAND-A06-P02-001,A06-P02-001-03,APPROVED_WITH_CHANGES_PENDING_MATERIALIZATION,APPROVE_WITH_CHANGES,,Decisión humana: actor conservador y/o división atómica y/o METADATA_CORRECTION según informes específicos.,FALSE
G2-031,EU-2017-1926-CAND-A07-P01-001,EU-2017-1926-PROP-A07-P01-001,APPROVED_PENDING_MATERIALIZATION,APPROVE_AS_IS,,"Aprobación humana documental de la propuesta existente, sin reabrir interpretación ni materializar.",FALSE
G2-032,EU-2017-1926-CAND-A08-P01-001,A08-P01-001-01,SUPERSEDED_BY_SPLIT,SPLIT,G2-032-A;G2-032-B,Decisión humana: actor conservador y/o división atómica y/o METADATA_CORRECTION según informes específicos.,FALSE
G2-033,EU-2017-1926-CAND-A08-P01-001,A08-P01-001-02,APPROVED_PENDING_MATERIALIZATION,APPROVE_AS_IS,,"Aprobación humana documental de la propuesta existente, sin reabrir interpretación ni materializar.",FALSE
G2-034,EU-2017-1926-CAND-A08-P01-001,A08-P01-001-03,APPROVED_PENDING_MATERIALIZATION,APPROVE_AS_IS,,"Aprobación humana documental de la propuesta existente, sin reabrir interpretación ni materializar.",FALSE
G2-035,EU-2017-1926-CAND-A08-P01-001,A08-P01-001-04,APPROVED_PENDING_MATERIALIZATION,APPROVE_AS_IS,,"Aprobación humana documental de la propuesta existente, sin reabrir interpretación ni materializar.",FALSE
G2-036,EU-2017-1926-CAND-A08-P02-001,A08-P02-001-01,APPROVED_WITH_CHANGES_PENDING_MATERIALIZATION,APPROVE_WITH_CHANGES,,Decisión humana: actor conservador y/o división atómica y/o METADATA_CORRECTION según informes específicos.,FALSE
G2-037,EU-2017-1926-CAND-A08-P02-001,A08-P02-001-02,SUPERSEDED_BY_SPLIT,SPLIT,G2-037-A;G2-037-B;G2-037-C,Decisión humana: actor conservador y/o división atómica y/o METADATA_CORRECTION según informes específicos.,FALSE
G2-038,EU-2017-1926-CAND-A08-P02-001,A08-P02-001-03,APPROVED_WITH_CHANGES_PENDING_MATERIALIZATION,APPROVE_WITH_CHANGES,,Decisión humana: actor conservador y/o división atómica y/o METADATA_CORRECTION según informes específicos.,FALSE
G2-039,EU-2017-1926-CAND-A08-P03-001,A08-P03-001-01,APPROVED_PENDING_MATERIALIZATION,APPROVE_AS_IS,,"Aprobación humana documental de la propuesta existente, sin reabrir interpretación ni materializar.",FALSE
G2-040,EU-2017-1926-CAND-A08-P03-001,A08-P03-001-02,APPROVED_PENDING_MATERIALIZATION,APPROVE_AS_IS,,"Aprobación humana documental de la propuesta existente, sin reabrir interpretación ni materializar.",FALSE
G2-041,EU-2017-1926-CAND-A09-P01-001,EU-2017-1926-PROP-A09-P01-001,APPROVED_PENDING_MATERIALIZATION,APPROVE_AS_IS,,"Aprobación humana documental de la propuesta existente, sin reabrir interpretación ni materializar.",FALSE
G2-042,EU-2017-1926-CAND-A10-P01-001,EU-2017-1926-PROP-A10-P01-001,APPROVED_PENDING_MATERIALIZATION,APPROVE_AS_IS,,"Aprobación humana documental de la propuesta existente, sin reabrir interpretación ni materializar.",FALSE
G2-043,EU-2017-1926-CAND-A10-P02-001,EU-2017-1926-PROP-A10-P02-001,APPROVED_WITH_EXTERNAL_DEPENDENCY,APPROVE_WITH_EXTERNAL_DEPENDENCY,,"Núcleo legal aprobado; detalle externo no interpretado, dependencia PARTIAL conservada.",FALSE
G2-044,EU-2017-1926-PROP-A09-P02-DOCUMENT_REQUEST,EU-2017-1926-PROP-A09-P02-DOCUMENT_REQUEST,APPROVED_PENDING_MATERIALIZATION,APPROVE_AS_IS,,"Aprobación humana documental de la propuesta existente, sin reabrir interpretación ni materializar.",FALSE
G2-045,EU-2017-1926-PROP-A09-P03-RANDOM_CHECKS,EU-2017-1926-PROP-A09-P03-RANDOM_CHECKS,READY_PENDING_SOURCE_FACT_PERSISTENCE,APPROVE_AS_IS,,Deber aprobado; falta persistir el source fact aprobado por separado.,FALSE
