table,count_before,count_after,sha256_before,sha256_after
audit.evidence,0,0,e3b0c44298fc1c149afbf4c8996fb92427ae41e4649b934ca495991b7852b855,e3b0c44298fc1c149afbf4c8996fb92427ae41e4649b934ca495991b7852b855
audit.results,0,0,e3b0c44298fc1c149afbf4c8996fb92427ae41e4649b934ca495991b7852b855,e3b0c44298fc1c149afbf4c8996fb92427ae41e4649b934ca495991b7852b855
audit.rules,0,0,e3b0c44298fc1c149afbf4c8996fb92427ae41e4649b934ca495991b7852b855,e3b0c44298fc1c149afbf4c8996fb92427ae41e4649b934ca495991b7852b855
audit.runs,0,0,e3b0c44298fc1c149afbf4c8996fb92427ae41e4649b934ca495991b7852b855,e3b0c44298fc1c149afbf4c8996fb92427ae41e4649b934ca495991b7852b855
compliance.deadlines,1,1,2edd7d93608d71ef2196ecf88860522562035e4a811e2cff26f8959313f75a1d,2edd7d93608d71ef2196ecf88860522562035e4a811e2cff26f8959313f75a1d
compliance.nap_requirements,0,0,e3b0c44298fc1c149afbf4c8996fb92427ae41e4649b934ca495991b7852b855,e3b0c44298fc1c149afbf4c8996fb92427ae41e4649b934ca495991b7852b855
compliance.provision_classifications,92,92,ce3648626ef4486c0e41ab1bd438fbdb90262f3e922e8a878070767e6a6f4823,ce3648626ef4486c0e41ab1bd438fbdb90262f3e922e8a878070767e6a6f4823
compliance.requirement_candidate_sources,21,21,8620fc46a0916b35df80939212290283fb9cfb7bc77f941176d6f1fca1e38c62,8620fc46a0916b35df80939212290283fb9cfb7bc77f941176d6f1fca1e38c62
compliance.requirement_candidates,34,34,3891ac41ae9fbccefda9967f2db74e6b423a24c1c518226a97a5b3b59c0d65a7,3891ac41ae9fbccefda9967f2db74e6b423a24c1c518226a97a5b3b59c0d65a7
compliance.requirements,3,3,f17abec6a633fe0407ae49732db41a398aff3554fbcf98d9a73b3168ea0e0a5e,f17abec6a633fe0407ae49732db41a398aff3554fbcf98d9a73b3168ea0e0a5e
compliance.source_facts,35,36,14570125655be3596a4eac991928b7013d124c1bc9c2ca0f1658d9ba7085625b,4558e8448c3d6963c2f2b8c25aa92c1289de61acdec21d24d37703bd430ccc55
mapping.format_coverage,0,0,e3b0c44298fc1c149afbf4c8996fb92427ae41e4649b934ca495991b7852b855,e3b0c44298fc1c149afbf4c8996fb92427ae41e4649b934ca495991b7852b855
mapping.format_equivalences,0,0,e3b0c44298fc1c149afbf4c8996fb92427ae41e4649b934ca495991b7852b855,e3b0c44298fc1c149afbf4c8996fb92427ae41e4649b934ca495991b7852b855
source.documents,10,10,d48ecde5be0efbf5eed3eb22c5830145c3a3fc624db9235b618b159369e83098,d48ecde5be0efbf5eed3eb22c5830145c3a3fc624db9235b618b159369e83098
source.provisions,92,92,927e457562c0667c54ad5d8b8b15b7531194b0379a46ecb63830e66028e6dd25,927e457562c0667c54ad5d8b8b15b7531194b0379a46ecb63830e66028e6dd25
source.relationships,6,6,d8fbf7dcfdefe48252c9bfb8c7cd62cbdefed45641a1358bfa82db422f26df1e,d8fbf7dcfdefe48252c9bfb8c7cd62cbdefed45641a1358bfa82db422f26df1e
