file,sha256
ARTICLE_9_3_SOURCE_FACT_PERSISTENCE.csv,0b04deb7866ef72a198c70899df495268e4008220181372aef09ed60088b8a4c
ARTICLE_9_3_SOURCE_FACT_PERSISTENCE.md,353f1d64a125ed14611d76de34ebbd9198a94c1d61ad539037c0a06eecde3339
ARTICLE_9_3_SOURCE_FACT_PRE_WRITE.csv,905058b21c654905ada17ed5dc3f6930f6a0041463c8dc86269c6dda386d2a2e
ARTICLE_9_SOURCE_FACTS_AFTER.csv,b3ee894ee9c73a59569e9522493ef4c58f00a07eab622f33cbbbf0e8f4d767e4
ARTICLE_9_SOURCE_FACTS_BEFORE.csv,73fd426b70bb7628d0709f73ec6f084548f52ab6c2798477728ca566b0e736f5
CONTROLLED_TRANSACTION.sql,55fb6373ac8e9f7f83df71fd54533263cac53b3b7f416daf1c50a2e8c7eac9e9
DATABASE_AFTER.json,5591fa4eda0013f84301f4def73b20515c00d967ce20eb304db710f98b2fef8d
DATABASE_BEFORE.json,cf5b96deedb341976fafb524258c31961a513377b02879a3debd91facb7961a4
DATABASE_TABLE_DELTA.csv,8b9af30c5df13712e04eaf4eaf6c3f891424b25a0afd531f3e81126eb9421191
EXECUTION_EXIT_CODE.txt,f1b2f662800122bed0ff255693df89c4487fbdcf453d3524a42d4ec20c3d9c04
FINAL_VERIFICATION.txt,1050e47a44e016c3f52e3822e0123071b6c69b29151fe0a6534e4b840d45e3f2
GATE_2_POST_SOURCE_FACT_ATOMIC_UNIVERSE.csv,4d91ab081811eee9b64700f3580c9eed36c6ac0ca0281d8ad6afde68d5d8a848
GATE_2_POST_SOURCE_FACT_EXCEPTION_QUEUE.csv,65567933104a58254a210f7b4e604551e61144b0a1c14553dc135212555cbfd4
GIT_STATUS_AFTER.txt,692753effeb8fdcae10e2e074ca0d547509874a95512c06ad37d317036a29db6
GIT_STATUS_BEFORE.txt,692753effeb8fdcae10e2e074ca0d547509874a95512c06ad37d317036a29db6
HUMAN_REVIEW_GATE_2_STATUS.md,3f741cb7f5e3cc920231b27e3ffc15c66acc457e2130b8d79cb00ef0954054f5
INPUT_HASHES_BEFORE.json,c2f39510f01dc0a83cc40e1ef82ffe50228bbf143437783ae976ce1e088a9f4d
INTEGRITY_TEST_RESULTS.csv,49dcfd9512dcece3a3648e8a5511ee5a487103569e19e3b1dd28433ba4888ec8
LEGAL_SOURCE_HASH_CHECKS.csv,f4eafc86284cc9bee343d1685cee3afb679d9d2fe3d4f66ce75cb4309929776c
persist_article_9_3.py,42954ec7eed5f5a29c3cfdcdd42e9ef70bfb1de57cac9c9586264cd579a04f2e
SOURCE_FACT_DATABASE_DELTA.md,4ec0fe60adb925315ba6c235ed1916b718e914509400b7da19b5719a5465efc9
SOURCE_FACT_TESTS.exit_code.txt,13bf7b3039c63bf5a50491fa3cfd8eb4e699d1ba1436315aef9cbe5711530354
SOURCE_FACT_TESTS.json,acc314d2cd15c60869ff65ca979d7cdfebdcc81d3c640d5d66d5d1e901c09dfc
SOURCE_FACT_TESTS.stderr.txt,e3b0c44298fc1c149afbf4c8996fb92427ae41e4649b934ca495991b7852b855
test_article_9_3_source_fact.sql,3acd30f1de5439b8912693c1fab449ae0e5b7dc619d10554fad58f4b3c579bdd
test_eu_2017_1926_annex_1_1.exit_code.txt,13bf7b3039c63bf5a50491fa3cfd8eb4e699d1ba1436315aef9cbe5711530354
test_eu_2017_1926_annex_1_1.json,0e2cce8c5060c202ced50976d4d45103a987df00e2e4e411b2ed8a25d76170e3
test_eu_2017_1926_annex_1_1.stderr.txt,e3b0c44298fc1c149afbf4c8996fb92427ae41e4649b934ca495991b7852b855
test_eu_2017_1926_annex_1_2.exit_code.txt,13bf7b3039c63bf5a50491fa3cfd8eb4e699d1ba1436315aef9cbe5711530354
test_eu_2017_1926_annex_1_2.json,b9d2731721fa01cf08c82d1c06d1e9d211806c91e341af74b579b934240fed89
test_eu_2017_1926_annex_1_2.stderr.txt,e3b0c44298fc1c149afbf4c8996fb92427ae41e4649b934ca495991b7852b855
test_eu_2017_1926_annex_1_3.exit_code.txt,13bf7b3039c63bf5a50491fa3cfd8eb4e699d1ba1436315aef9cbe5711530354
test_eu_2017_1926_annex_1_3.json,6976688459780905208ab896ed8cc4a90ff4f485169e1c34571aea3dc4929370
test_eu_2017_1926_annex_1_3.stderr.txt,e3b0c44298fc1c149afbf4c8996fb92427ae41e4649b934ca495991b7852b855
test_eu_2017_1926_annex_1_4.exit_code.txt,13bf7b3039c63bf5a50491fa3cfd8eb4e699d1ba1436315aef9cbe5711530354
test_eu_2017_1926_annex_1_4.json,e50b4bd78a26f35b181e97b9a05cf5256c7d7105a3d8890b005b19b88a073ba4
test_eu_2017_1926_annex_1_4.stderr.txt,e3b0c44298fc1c149afbf4c8996fb92427ae41e4649b934ca495991b7852b855
test_eu_2017_1926_annex_2_1.exit_code.txt,13bf7b3039c63bf5a50491fa3cfd8eb4e699d1ba1436315aef9cbe5711530354
test_eu_2017_1926_annex_2_1.json,c06e25122855e077b4396ba6686e504c82b7af3e493508ceacf8c00545c50049
test_eu_2017_1926_annex_2_1.stderr.txt,e3b0c44298fc1c149afbf4c8996fb92427ae41e4649b934ca495991b7852b855
test_eu_2017_1926_annex_2_2.exit_code.txt,13bf7b3039c63bf5a50491fa3cfd8eb4e699d1ba1436315aef9cbe5711530354
test_eu_2017_1926_annex_2_2.json,5562a146a804e38e740d1ff59c35d135ced94caa836ac4efec65bf8d634fce8c
test_eu_2017_1926_annex_2_2.stderr.txt,e3b0c44298fc1c149afbf4c8996fb92427ae41e4649b934ca495991b7852b855
test_eu_2017_1926_annex_2_3.exit_code.txt,13bf7b3039c63bf5a50491fa3cfd8eb4e699d1ba1436315aef9cbe5711530354
test_eu_2017_1926_annex_2_3.json,39d608920a18a280a46fbff0b1ad36099cbee7fe19da8702ce90e969fd4d8f60
test_eu_2017_1926_annex_2_3.stderr.txt,e3b0c44298fc1c149afbf4c8996fb92427ae41e4649b934ca495991b7852b855
test_eu_2017_1926_master_structure.exit_code.txt,13bf7b3039c63bf5a50491fa3cfd8eb4e699d1ba1436315aef9cbe5711530354
test_eu_2017_1926_master_structure.json,bc796cce428bf722e6670a1528f7d4d7cf767b852e1f967cb5903925e6acfab7
test_eu_2017_1926_master_structure.stderr.txt,e3b0c44298fc1c149afbf4c8996fb92427ae41e4649b934ca495991b7852b855
test_phase_1_master.exit_code.txt,13bf7b3039c63bf5a50491fa3cfd8eb4e699d1ba1436315aef9cbe5711530354
test_phase_1_master.json,4138d7f7a0836876e66328087f1206930e5bb12c964bd4ad089246007467c2a6
test_phase_1_master.stderr.txt,e3b0c44298fc1c149afbf4c8996fb92427ae41e4649b934ca495991b7852b855
test_phase_2_master.exit_code.txt,13bf7b3039c63bf5a50491fa3cfd8eb4e699d1ba1436315aef9cbe5711530354
test_phase_2_master.json,c744173e02f310b8e2f6a68f36e973fe29481cb10333084abb341e68a121252a
test_phase_2_master.stderr.txt,e3b0c44298fc1c149afbf4c8996fb92427ae41e4649b934ca495991b7852b855
TRANSACTION_EXIT_CODE.txt,13bf7b3039c63bf5a50491fa3cfd8eb4e699d1ba1436315aef9cbe5711530354
TRANSACTION_VALIDATION.json,812156e3a3b6d971709f89b246371336f2c4c44b337f9c89b55fabd2e238657d
