finding_id,source_file,line_or_reference,path_type,classification,active_executable,frozen_or_historical,portability_risk,recommended_action,commit_blocker,notes
AP-001,03_Compliance/reports/phase_2/materialization/CONTROLLED_TRANSACTION.sql,811,WINDOWS_ABSOLUTE_SQL_READ_BLOB,FROZEN_EVIDENCE_REFERENCE,NO,YES,YES,"Conservar el artefacto congelado; si se autoriza replay histórico, preparar una copia portable aislada con raíz configurable y mismos hashes esperados.",NO,"Validar el hash del PDF jurídico EU-DIR-2010-40. Transacción histórica generada y ejecutada por materialize_requirements.py:220-238; replay solo sobre copia del estado previo, nunca sobre DB actual."
AP-002,03_Compliance/reports/phase_2/materialization/CONTROLLED_TRANSACTION.sql,813,WINDOWS_ABSOLUTE_SQL_READ_BLOB,FROZEN_EVIDENCE_REFERENCE,NO,YES,YES,"Conservar el artefacto congelado; si se autoriza replay histórico, preparar una copia portable aislada con raíz configurable y mismos hashes esperados.",NO,"Validar el hash del PDF jurídico EU-DIR-2023-2661. Transacción histórica generada y ejecutada por materialize_requirements.py:220-238; replay solo sobre copia del estado previo, nunca sobre DB actual."
AP-003,03_Compliance/reports/phase_2/materialization/CONTROLLED_TRANSACTION.sql,815,WINDOWS_ABSOLUTE_SQL_READ_BLOB,FROZEN_EVIDENCE_REFERENCE,NO,YES,YES,"Conservar el artefacto congelado; si se autoriza replay histórico, preparar una copia portable aislada con raíz configurable y mismos hashes esperados.",NO,"Validar el hash del PDF jurídico EU-REG-2017-1926. Transacción histórica generada y ejecutada por materialize_requirements.py:220-238; replay solo sobre copia del estado previo, nunca sobre DB actual."
AP-004,03_Compliance/reports/phase_2/materialization/CONTROLLED_TRANSACTION.sql,817,WINDOWS_ABSOLUTE_SQL_READ_BLOB,FROZEN_EVIDENCE_REFERENCE,NO,YES,YES,"Conservar el artefacto congelado; si se autoriza replay histórico, preparar una copia portable aislada con raíz configurable y mismos hashes esperados.",NO,"Validar el hash del PDF jurídico EU-REG-2024-490. Transacción histórica generada y ejecutada por materialize_requirements.py:220-238; replay solo sobre copia del estado previo, nunca sobre DB actual."
AP-005,03_Compliance/reports/phase_2/materialization/CONTROLLED_TRANSACTION.sql,819,WINDOWS_ABSOLUTE_SQL_READ_BLOB,FROZEN_EVIDENCE_REFERENCE,NO,YES,YES,"Conservar el artefacto congelado; si se autoriza replay histórico, preparar una copia portable aislada con raíz configurable y mismos hashes esperados.",NO,"Validar el hash del PDF jurídico ES-LAW-9-2025. Transacción histórica generada y ejecutada por materialize_requirements.py:220-238; replay solo sobre copia del estado previo, nunca sobre DB actual."
AP-006,03_Compliance/reports/phase_2/materialization/CONTROLLED_TRANSACTION.sql,821,WINDOWS_ABSOLUTE_SQL_READ_BLOB,FROZEN_EVIDENCE_REFERENCE,NO,YES,YES,"Conservar el artefacto congelado; si se autoriza replay histórico, preparar una copia portable aislada con raíz configurable y mismos hashes esperados.",NO,"Validar el hash del PDF jurídico EU-REG-2024-1679. Transacción histórica generada y ejecutada por materialize_requirements.py:220-238; replay solo sobre copia del estado previo, nunca sobre DB actual."
AP-007,03_Compliance/reports/phase_2/materialization/CONTROLLED_TRANSACTION.sql,823,WINDOWS_ABSOLUTE_SQL_READ_BLOB,FROZEN_EVIDENCE_REFERENCE,NO,YES,YES,"Conservar el artefacto congelado; si se autoriza replay histórico, preparar una copia portable aislada con raíz configurable y mismos hashes esperados.",NO,"Validar el hash del PDF jurídico EU-REG-IMPL-2026-1554. Transacción histórica generada y ejecutada por materialize_requirements.py:220-238; replay solo sobre copia del estado previo, nunca sobre DB actual."
AP-008,03_Compliance/reports/phase_2/materialization/CONTROLLED_TRANSACTION.sql,825,WINDOWS_ABSOLUTE_SQL_READ_BLOB,FROZEN_EVIDENCE_REFERENCE,NO,YES,YES,"Conservar el artefacto congelado; si se autoriza replay histórico, preparar una copia portable aislada con raíz configurable y mismos hashes esperados.",NO,"Validar el hash del PDF jurídico EU-REG-IMPL-2026-253. Transacción histórica generada y ejecutada por materialize_requirements.py:220-238; replay solo sobre copia del estado previo, nunca sobre DB actual."
AP-009,03_Compliance/reports/phase_2/materialization/CONTROLLED_TRANSACTION.sql,827,WINDOWS_ABSOLUTE_SQL_READ_BLOB,FROZEN_EVIDENCE_REFERENCE,NO,YES,YES,"Conservar el artefacto congelado; si se autoriza replay histórico, preparar una copia portable aislada con raíz configurable y mismos hashes esperados.",NO,"Validar el hash del PDF jurídico EU-REG-2011-454. Transacción histórica generada y ejecutada por materialize_requirements.py:220-238; replay solo sobre copia del estado previo, nunca sobre DB actual."
AP-010,03_Compliance/reports/phase_2/materialization/CONTROLLED_TRANSACTION.sql,829,WINDOWS_ABSOLUTE_SQL_READ_BLOB,FROZEN_EVIDENCE_REFERENCE,NO,YES,YES,"Conservar el artefacto congelado; si se autoriza replay histórico, preparar una copia portable aislada con raíz configurable y mismos hashes esperados.",NO,"Validar el hash del PDF jurídico EU-REG-2014-1305. Transacción histórica generada y ejecutada por materialize_requirements.py:220-238; replay solo sobre copia del estado previo, nunca sobre DB actual."
AP-011,03_Compliance/sql/07_tests/phase_2/test_phase_2_post_materialization_gate.sql,758,WINDOWS_ABSOLUTE_SQL_READ_BLOB,EXECUTABLE_PORTABILITY_RISK,YES,YES,YES,"Crear una variante de validación portable separada, con raíz configurable y mismos hashes esperados; conservar el SQL congelado y los local_file históricos.",NO,Validar el hash del PDF jurídico EU-DIR-2010-40. Gate vigente del estado congelado: matriz de reproducibilidad y materialize_requirements.py:265. No ejecutado en esta revisión. Limitación documentada; no invalida la baseline histórica.
AP-012,03_Compliance/sql/07_tests/phase_2/test_phase_2_post_materialization_gate.sql,760,WINDOWS_ABSOLUTE_SQL_READ_BLOB,EXECUTABLE_PORTABILITY_RISK,YES,YES,YES,"Crear una variante de validación portable separada, con raíz configurable y mismos hashes esperados; conservar el SQL congelado y los local_file históricos.",NO,Validar el hash del PDF jurídico EU-DIR-2023-2661. Gate vigente del estado congelado: matriz de reproducibilidad y materialize_requirements.py:265. No ejecutado en esta revisión. Limitación documentada; no invalida la baseline histórica.
AP-013,03_Compliance/sql/07_tests/phase_2/test_phase_2_post_materialization_gate.sql,762,WINDOWS_ABSOLUTE_SQL_READ_BLOB,EXECUTABLE_PORTABILITY_RISK,YES,YES,YES,"Crear una variante de validación portable separada, con raíz configurable y mismos hashes esperados; conservar el SQL congelado y los local_file históricos.",NO,Validar el hash del PDF jurídico EU-REG-2017-1926. Gate vigente del estado congelado: matriz de reproducibilidad y materialize_requirements.py:265. No ejecutado en esta revisión. Limitación documentada; no invalida la baseline histórica.
AP-014,03_Compliance/sql/07_tests/phase_2/test_phase_2_post_materialization_gate.sql,764,WINDOWS_ABSOLUTE_SQL_READ_BLOB,EXECUTABLE_PORTABILITY_RISK,YES,YES,YES,"Crear una variante de validación portable separada, con raíz configurable y mismos hashes esperados; conservar el SQL congelado y los local_file históricos.",NO,Validar el hash del PDF jurídico EU-REG-2024-490. Gate vigente del estado congelado: matriz de reproducibilidad y materialize_requirements.py:265. No ejecutado en esta revisión. Limitación documentada; no invalida la baseline histórica.
AP-015,03_Compliance/sql/07_tests/phase_2/test_phase_2_post_materialization_gate.sql,766,WINDOWS_ABSOLUTE_SQL_READ_BLOB,EXECUTABLE_PORTABILITY_RISK,YES,YES,YES,"Crear una variante de validación portable separada, con raíz configurable y mismos hashes esperados; conservar el SQL congelado y los local_file históricos.",NO,Validar el hash del PDF jurídico ES-LAW-9-2025. Gate vigente del estado congelado: matriz de reproducibilidad y materialize_requirements.py:265. No ejecutado en esta revisión. Limitación documentada; no invalida la baseline histórica.
AP-016,03_Compliance/sql/07_tests/phase_2/test_phase_2_post_materialization_gate.sql,768,WINDOWS_ABSOLUTE_SQL_READ_BLOB,EXECUTABLE_PORTABILITY_RISK,YES,YES,YES,"Crear una variante de validación portable separada, con raíz configurable y mismos hashes esperados; conservar el SQL congelado y los local_file históricos.",NO,Validar el hash del PDF jurídico EU-REG-2024-1679. Gate vigente del estado congelado: matriz de reproducibilidad y materialize_requirements.py:265. No ejecutado en esta revisión. Limitación documentada; no invalida la baseline histórica.
AP-017,03_Compliance/sql/07_tests/phase_2/test_phase_2_post_materialization_gate.sql,770,WINDOWS_ABSOLUTE_SQL_READ_BLOB,EXECUTABLE_PORTABILITY_RISK,YES,YES,YES,"Crear una variante de validación portable separada, con raíz configurable y mismos hashes esperados; conservar el SQL congelado y los local_file históricos.",NO,Validar el hash del PDF jurídico EU-REG-IMPL-2026-1554. Gate vigente del estado congelado: matriz de reproducibilidad y materialize_requirements.py:265. No ejecutado en esta revisión. Limitación documentada; no invalida la baseline histórica.
AP-018,03_Compliance/sql/07_tests/phase_2/test_phase_2_post_materialization_gate.sql,772,WINDOWS_ABSOLUTE_SQL_READ_BLOB,EXECUTABLE_PORTABILITY_RISK,YES,YES,YES,"Crear una variante de validación portable separada, con raíz configurable y mismos hashes esperados; conservar el SQL congelado y los local_file históricos.",NO,Validar el hash del PDF jurídico EU-REG-IMPL-2026-253. Gate vigente del estado congelado: matriz de reproducibilidad y materialize_requirements.py:265. No ejecutado en esta revisión. Limitación documentada; no invalida la baseline histórica.
AP-019,03_Compliance/sql/07_tests/phase_2/test_phase_2_post_materialization_gate.sql,774,WINDOWS_ABSOLUTE_SQL_READ_BLOB,EXECUTABLE_PORTABILITY_RISK,YES,YES,YES,"Crear una variante de validación portable separada, con raíz configurable y mismos hashes esperados; conservar el SQL congelado y los local_file históricos.",NO,Validar el hash del PDF jurídico EU-REG-2011-454. Gate vigente del estado congelado: matriz de reproducibilidad y materialize_requirements.py:265. No ejecutado en esta revisión. Limitación documentada; no invalida la baseline histórica.
AP-020,03_Compliance/sql/07_tests/phase_2/test_phase_2_post_materialization_gate.sql,776,WINDOWS_ABSOLUTE_SQL_READ_BLOB,EXECUTABLE_PORTABILITY_RISK,YES,YES,YES,"Crear una variante de validación portable separada, con raíz configurable y mismos hashes esperados; conservar el SQL congelado y los local_file históricos.",NO,Validar el hash del PDF jurídico EU-REG-2014-1305. Gate vigente del estado congelado: matriz de reproducibilidad y materialize_requirements.py:265. No ejecutado en esta revisión. Limitación documentada; no invalida la baseline histórica.
AP-021,03_Compliance/sql/07_tests/phase_2/test_phase_2_pre_materialization_gate.sql,81,WINDOWS_ABSOLUTE_SQL_READ_BLOB,FROZEN_EVIDENCE_REFERENCE,NO,YES,YES,"Conservar el artefacto congelado; si se autoriza replay histórico, preparar una copia portable aislada con raíz configurable y mismos hashes esperados.",NO,Validar el hash del PDF jurídico EU-REG-2024-1679. Gate anterior a la materialización; assertions mutables superadas según PHASE_2_FORMAL_FREEZE.md y review_phase_2_freeze.py:237. Retenido para su etapa histórica; no se declara código muerto.
AP-022,03_Compliance/sql/07_tests/phase_2/test_phase_2_pre_materialization_gate.sql,82,WINDOWS_ABSOLUTE_SQL_READ_BLOB,FROZEN_EVIDENCE_REFERENCE,NO,YES,YES,"Conservar el artefacto congelado; si se autoriza replay histórico, preparar una copia portable aislada con raíz configurable y mismos hashes esperados.",NO,Validar el hash del PDF jurídico EU-REG-IMPL-2026-1554. Gate anterior a la materialización; assertions mutables superadas según PHASE_2_FORMAL_FREEZE.md y review_phase_2_freeze.py:237. Retenido para su etapa histórica; no se declara código muerto.
AP-023,03_Compliance/sql/07_tests/phase_2/test_phase_2_pre_materialization_gate.sql,83,WINDOWS_ABSOLUTE_SQL_READ_BLOB,FROZEN_EVIDENCE_REFERENCE,NO,YES,YES,"Conservar el artefacto congelado; si se autoriza replay histórico, preparar una copia portable aislada con raíz configurable y mismos hashes esperados.",NO,Validar el hash del PDF jurídico EU-REG-IMPL-2026-253. Gate anterior a la materialización; assertions mutables superadas según PHASE_2_FORMAL_FREEZE.md y review_phase_2_freeze.py:237. Retenido para su etapa histórica; no se declara código muerto.
