path,line,category,disposition
07_Business/03_Market/evidence/entur_siri.html,1805,JWT,PROBABLE_REAL_CREDENTIAL; STOP_NO_STAGE_NO_COMMIT; values omitted
07_Business/03_Market/evidence/entur_siri.html,1806,JWT,PROBABLE_REAL_CREDENTIAL; STOP_NO_STAGE_NO_COMMIT; values omitted
reports/repository_integrity/PATH_MIGRATION_FINDINGS.csv,3,DOCUMENTATION_REFERENCE,PRESERVE
reports/repository_integrity/PATH_MIGRATION_FINDINGS.csv,4,DOCUMENTATION_REFERENCE,PRESERVE
reports/repository_integrity/PATH_MIGRATION_FINDINGS.csv,5,DOCUMENTATION_REFERENCE,PRESERVE
reports/repository_integrity/PATH_MIGRATION_FINDINGS.csv,6,DOCUMENTATION_REFERENCE,PRESERVE
reports/repository_integrity/PATH_MIGRATION_FINDINGS.csv,7,DOCUMENTATION_REFERENCE,PRESERVE
reports/repository_integrity/PATH_MIGRATION_FINDINGS.csv,8,DOCUMENTATION_REFERENCE,PRESERVE
reports/repository_integrity/PATH_MIGRATION_FINDINGS.csv,9,DOCUMENTATION_REFERENCE,PRESERVE
reports/repository_integrity/PATH_MIGRATION_FINDINGS.csv,10,DOCUMENTATION_REFERENCE,PRESERVE
reports/repository_integrity/PATH_MIGRATION_FINDINGS.csv,11,DOCUMENTATION_REFERENCE,PRESERVE
reports/repository_integrity/PATH_MIGRATION_FINDINGS.csv,12,DOCUMENTATION_REFERENCE,PRESERVE
reports/repository_integrity/PATH_MIGRATION_FINDINGS.csv,13,DOCUMENTATION_REFERENCE,PRESERVE
reports/repository_integrity/PATH_MIGRATION_FINDINGS.csv,14,DOCUMENTATION_REFERENCE,PRESERVE
reports/repository_integrity/PATH_MIGRATION_FINDINGS.csv,15,DOCUMENTATION_REFERENCE,PRESERVE
reports/repository_integrity/PATH_MIGRATION_FINDINGS.csv,17,DOCUMENTATION_REFERENCE,PRESERVE
reports/repository_integrity/PATH_MIGRATION_FINDINGS.csv,18,DOCUMENTATION_REFERENCE,PRESERVE
reports/repository_integrity/PATH_MIGRATION_FINDINGS.csv,19,DOCUMENTATION_REFERENCE,PRESERVE
reports/repository_integrity/PATH_MIGRATION_FINDINGS.csv,20,DOCUMENTATION_REFERENCE,PRESERVE
reports/repository_integrity/PATH_MIGRATION_FINDINGS.csv,21,DOCUMENTATION_REFERENCE,PRESERVE
reports/repository_integrity/PATH_MIGRATION_FINDINGS.csv,22,DOCUMENTATION_REFERENCE,PRESERVE
reports/repository_integrity/PATH_MIGRATION_FINDINGS.csv,23,DOCUMENTATION_REFERENCE,PRESERVE
reports/repository_integrity/PATH_MIGRATION_FINDINGS.csv,24,DOCUMENTATION_REFERENCE,PRESERVE
03_Compliance/reports/phase_1/PHASE_1_FILE_HASHES.csv,2,INTENTIONAL_HISTORICAL_METADATA,PRESERVE
03_Compliance/reports/phase_1/PHASE_1_FILE_HASHES.csv,3,INTENTIONAL_HISTORICAL_METADATA,PRESERVE
03_Compliance/reports/phase_1/PHASE_1_FILE_HASHES.csv,4,INTENTIONAL_HISTORICAL_METADATA,PRESERVE
03_Compliance/reports/phase_1/PHASE_1_FILE_HASHES.csv,5,INTENTIONAL_HISTORICAL_METADATA,PRESERVE
03_Compliance/reports/phase_1/PHASE_1_FILE_HASHES.csv,6,INTENTIONAL_HISTORICAL_METADATA,PRESERVE
03_Compliance/reports/phase_1/PHASE_1_FILE_HASHES.csv,7,INTENTIONAL_HISTORICAL_METADATA,PRESERVE
03_Compliance/reports/phase_1/PHASE_1_FILE_HASHES.csv,8,INTENTIONAL_HISTORICAL_METADATA,PRESERVE
03_Compliance/reports/phase_1/PHASE_1_FILE_HASHES.csv,9,INTENTIONAL_HISTORICAL_METADATA,PRESERVE
03_Compliance/reports/phase_1/PHASE_1_FILE_HASHES.csv,10,INTENTIONAL_HISTORICAL_METADATA,PRESERVE
03_Compliance/reports/phase_1/PHASE_1_FILE_HASHES.csv,11,INTENTIONAL_HISTORICAL_METADATA,PRESERVE
03_Compliance/reports/phase_1/PHASE_1_MANIFEST.csv,8,INTENTIONAL_HISTORICAL_METADATA,PRESERVE
03_Compliance/reports/phase_1/PHASE_1_MANIFEST.csv,10,INTENTIONAL_HISTORICAL_METADATA,PRESERVE
03_Compliance/reports/phase_1/PHASE_1_MANIFEST.csv,11,INTENTIONAL_HISTORICAL_METADATA,PRESERVE
07_Business/03_Market/evidence/boe_original.html,2669,INTENTIONAL_HISTORICAL_METADATA,PRESERVE
07_Business/03_Market/evidence/boe_original.html,2670,INTENTIONAL_HISTORICAL_METADATA,PRESERVE
07_Business/03_Market/evidence/boe_original.html,2671,INTENTIONAL_HISTORICAL_METADATA,PRESERVE
07_Business/03_Market/evidence/boe_original.html,2672,INTENTIONAL_HISTORICAL_METADATA,PRESERVE
07_Business/03_Market/evidence/boe_original.html,2673,INTENTIONAL_HISTORICAL_METADATA,PRESERVE
07_Business/03_Market/evidence/ley9_consolidated.html,463,INTENTIONAL_HISTORICAL_METADATA,PRESERVE
07_Business/03_Market/evidence/ley9_consolidated.html,3493,INTENTIONAL_HISTORICAL_METADATA,PRESERVE
07_Business/03_Market/evidence/ley9_consolidated.html,3494,INTENTIONAL_HISTORICAL_METADATA,PRESERVE
07_Business/03_Market/evidence/ley9_consolidated.html,3495,INTENTIONAL_HISTORICAL_METADATA,PRESERVE
07_Business/03_Market/evidence/ley9_consolidated.html,3496,INTENTIONAL_HISTORICAL_METADATA,PRESERVE
07_Business/03_Market/evidence/ley9_consolidated.html,3497,INTENTIONAL_HISTORICAL_METADATA,PRESERVE
07_Business/03_Market/evidence/northamerica_511.html,93,INTENTIONAL_HISTORICAL_METADATA,PRESERVE
reports/repository_integrity/phase_1_5/compliance_phase1_master.txt,47,DOCUMENTATION_REFERENCE,PRESERVE
reports/repository_integrity/phase_1_5/compliance_phase1_master.txt,49,DOCUMENTATION_REFERENCE,PRESERVE
reports/repository_integrity/phase_1_5/compliance_phase1_master.txt,50,DOCUMENTATION_REFERENCE,PRESERVE
03_Compliance/reports/phase_2/baseline/PHASE_1_SOURCE_DOCUMENTS.csv,8,INTENTIONAL_HISTORICAL_METADATA,PRESERVE
03_Compliance/reports/phase_2/baseline/PHASE_1_SOURCE_DOCUMENTS.csv,10,INTENTIONAL_HISTORICAL_METADATA,PRESERVE
03_Compliance/reports/phase_2/baseline/PHASE_1_SOURCE_DOCUMENTS.csv,11,INTENTIONAL_HISTORICAL_METADATA,PRESERVE
03_Compliance/reports/phase_2/freeze/DATABASE_READ_ONLY_SNAPSHOT.json,3882,INTENTIONAL_HISTORICAL_METADATA,PRESERVE
03_Compliance/reports/phase_2/freeze/DATABASE_READ_ONLY_SNAPSHOT.json,3902,INTENTIONAL_HISTORICAL_METADATA,PRESERVE
03_Compliance/reports/phase_2/freeze/DATABASE_READ_ONLY_SNAPSHOT.json,3922,INTENTIONAL_HISTORICAL_METADATA,PRESERVE
03_Compliance/reports/phase_2/freeze/LEGAL_SOURCE_HASH_CHECKS.csv,2,INTENTIONAL_HISTORICAL_METADATA,PRESERVE
03_Compliance/reports/phase_2/freeze/LEGAL_SOURCE_HASH_CHECKS.csv,3,INTENTIONAL_HISTORICAL_METADATA,PRESERVE
03_Compliance/reports/phase_2/freeze/LEGAL_SOURCE_HASH_CHECKS.csv,4,INTENTIONAL_HISTORICAL_METADATA,PRESERVE
03_Compliance/reports/phase_2/freeze/LEGAL_SOURCE_HASH_CHECKS.csv,5,INTENTIONAL_HISTORICAL_METADATA,PRESERVE
03_Compliance/reports/phase_2/freeze/LEGAL_SOURCE_HASH_CHECKS.csv,6,INTENTIONAL_HISTORICAL_METADATA,PRESERVE
03_Compliance/reports/phase_2/freeze/LEGAL_SOURCE_HASH_CHECKS.csv,7,INTENTIONAL_HISTORICAL_METADATA,PRESERVE
03_Compliance/reports/phase_2/freeze/LEGAL_SOURCE_HASH_CHECKS.csv,8,INTENTIONAL_HISTORICAL_METADATA,PRESERVE
03_Compliance/reports/phase_2/freeze/LEGAL_SOURCE_HASH_CHECKS.csv,9,INTENTIONAL_HISTORICAL_METADATA,PRESERVE
03_Compliance/reports/phase_2/freeze/LEGAL_SOURCE_HASH_CHECKS.csv,10,INTENTIONAL_HISTORICAL_METADATA,PRESERVE
03_Compliance/reports/phase_2/freeze/LEGAL_SOURCE_HASH_CHECKS.csv,11,INTENTIONAL_HISTORICAL_METADATA,PRESERVE
03_Compliance/reports/phase_2/materialization/CONTROLLED_TRANSACTION.sql,581,INTENTIONAL_HISTORICAL_METADATA,PRESERVE
03_Compliance/reports/phase_2/materialization/CONTROLLED_TRANSACTION.sql,583,INTENTIONAL_HISTORICAL_METADATA,PRESERVE
03_Compliance/reports/phase_2/materialization/CONTROLLED_TRANSACTION.sql,585,INTENTIONAL_HISTORICAL_METADATA,PRESERVE
03_Compliance/reports/phase_2/materialization/CONTROLLED_TRANSACTION.sql,811,EXECUTABLE_PORTABILITY_RISK,PRESERVE; frozen/historical context; portability remediation requires future controlled review
03_Compliance/reports/phase_2/materialization/CONTROLLED_TRANSACTION.sql,813,EXECUTABLE_PORTABILITY_RISK,PRESERVE; frozen/historical context; portability remediation requires future controlled review
03_Compliance/reports/phase_2/materialization/CONTROLLED_TRANSACTION.sql,815,EXECUTABLE_PORTABILITY_RISK,PRESERVE; frozen/historical context; portability remediation requires future controlled review
03_Compliance/reports/phase_2/materialization/CONTROLLED_TRANSACTION.sql,817,EXECUTABLE_PORTABILITY_RISK,PRESERVE; frozen/historical context; portability remediation requires future controlled review
03_Compliance/reports/phase_2/materialization/CONTROLLED_TRANSACTION.sql,819,EXECUTABLE_PORTABILITY_RISK,PRESERVE; frozen/historical context; portability remediation requires future controlled review
03_Compliance/reports/phase_2/materialization/CONTROLLED_TRANSACTION.sql,821,EXECUTABLE_PORTABILITY_RISK,PRESERVE; frozen/historical context; portability remediation requires future controlled review
03_Compliance/reports/phase_2/materialization/CONTROLLED_TRANSACTION.sql,823,EXECUTABLE_PORTABILITY_RISK,PRESERVE; frozen/historical context; portability remediation requires future controlled review
03_Compliance/reports/phase_2/materialization/CONTROLLED_TRANSACTION.sql,825,EXECUTABLE_PORTABILITY_RISK,PRESERVE; frozen/historical context; portability remediation requires future controlled review
03_Compliance/reports/phase_2/materialization/CONTROLLED_TRANSACTION.sql,827,EXECUTABLE_PORTABILITY_RISK,PRESERVE; frozen/historical context; portability remediation requires future controlled review
03_Compliance/reports/phase_2/materialization/CONTROLLED_TRANSACTION.sql,829,EXECUTABLE_PORTABILITY_RISK,PRESERVE; frozen/historical context; portability remediation requires future controlled review
03_Compliance/reports/phase_2/materialization/DATABASE_AFTER.json,3882,INTENTIONAL_HISTORICAL_METADATA,PRESERVE
03_Compliance/reports/phase_2/materialization/DATABASE_AFTER.json,3902,INTENTIONAL_HISTORICAL_METADATA,PRESERVE
03_Compliance/reports/phase_2/materialization/DATABASE_AFTER.json,3922,INTENTIONAL_HISTORICAL_METADATA,PRESERVE
03_Compliance/reports/phase_2/materialization/DATABASE_BEFORE.json,2379,INTENTIONAL_HISTORICAL_METADATA,PRESERVE
03_Compliance/reports/phase_2/materialization/DATABASE_BEFORE.json,2399,INTENTIONAL_HISTORICAL_METADATA,PRESERVE
03_Compliance/reports/phase_2/materialization/DATABASE_BEFORE.json,2419,INTENTIONAL_HISTORICAL_METADATA,PRESERVE
03_Compliance/reports/phase_2/materialization/test_phase_1_invariants.json,29,INTENTIONAL_HISTORICAL_METADATA,PRESERVE
03_Compliance/reports/phase_2/materialization/test_phase_1_invariants.json,31,INTENTIONAL_HISTORICAL_METADATA,PRESERVE
03_Compliance/reports/phase_2/materialization/test_phase_1_invariants.json,32,INTENTIONAL_HISTORICAL_METADATA,PRESERVE
03_Compliance/reports/phase_2/materialization/test_phase_1_master.json,32,INTENTIONAL_HISTORICAL_METADATA,PRESERVE
03_Compliance/reports/phase_2/materialization/test_phase_1_master.json,34,INTENTIONAL_HISTORICAL_METADATA,PRESERVE
03_Compliance/reports/phase_2/materialization/test_phase_1_master.json,35,INTENTIONAL_HISTORICAL_METADATA,PRESERVE
03_Compliance/sql/07_tests/phase_2/test_phase_2_post_materialization_gate.sql,528,INTENTIONAL_HISTORICAL_METADATA,PRESERVE
03_Compliance/sql/07_tests/phase_2/test_phase_2_post_materialization_gate.sql,530,INTENTIONAL_HISTORICAL_METADATA,PRESERVE
03_Compliance/sql/07_tests/phase_2/test_phase_2_post_materialization_gate.sql,532,INTENTIONAL_HISTORICAL_METADATA,PRESERVE
03_Compliance/sql/07_tests/phase_2/test_phase_2_post_materialization_gate.sql,758,EXECUTABLE_PORTABILITY_RISK,PRESERVE; frozen/historical context; portability remediation requires future controlled review
03_Compliance/sql/07_tests/phase_2/test_phase_2_post_materialization_gate.sql,760,EXECUTABLE_PORTABILITY_RISK,PRESERVE; frozen/historical context; portability remediation requires future controlled review
03_Compliance/sql/07_tests/phase_2/test_phase_2_post_materialization_gate.sql,762,EXECUTABLE_PORTABILITY_RISK,PRESERVE; frozen/historical context; portability remediation requires future controlled review
03_Compliance/sql/07_tests/phase_2/test_phase_2_post_materialization_gate.sql,764,EXECUTABLE_PORTABILITY_RISK,PRESERVE; frozen/historical context; portability remediation requires future controlled review
03_Compliance/sql/07_tests/phase_2/test_phase_2_post_materialization_gate.sql,766,EXECUTABLE_PORTABILITY_RISK,PRESERVE; frozen/historical context; portability remediation requires future controlled review
03_Compliance/sql/07_tests/phase_2/test_phase_2_post_materialization_gate.sql,768,EXECUTABLE_PORTABILITY_RISK,PRESERVE; frozen/historical context; portability remediation requires future controlled review
03_Compliance/sql/07_tests/phase_2/test_phase_2_post_materialization_gate.sql,770,EXECUTABLE_PORTABILITY_RISK,PRESERVE; frozen/historical context; portability remediation requires future controlled review
03_Compliance/sql/07_tests/phase_2/test_phase_2_post_materialization_gate.sql,772,EXECUTABLE_PORTABILITY_RISK,PRESERVE; frozen/historical context; portability remediation requires future controlled review
03_Compliance/sql/07_tests/phase_2/test_phase_2_post_materialization_gate.sql,774,EXECUTABLE_PORTABILITY_RISK,PRESERVE; frozen/historical context; portability remediation requires future controlled review
03_Compliance/sql/07_tests/phase_2/test_phase_2_post_materialization_gate.sql,776,EXECUTABLE_PORTABILITY_RISK,PRESERVE; frozen/historical context; portability remediation requires future controlled review
03_Compliance/sql/07_tests/phase_2/test_phase_2_pre_materialization_gate.sql,81,EXECUTABLE_PORTABILITY_RISK,PRESERVE; frozen/historical context; portability remediation requires future controlled review
03_Compliance/sql/07_tests/phase_2/test_phase_2_pre_materialization_gate.sql,82,EXECUTABLE_PORTABILITY_RISK,PRESERVE; frozen/historical context; portability remediation requires future controlled review
03_Compliance/sql/07_tests/phase_2/test_phase_2_pre_materialization_gate.sql,83,EXECUTABLE_PORTABILITY_RISK,PRESERVE; frozen/historical context; portability remediation requires future controlled review
03_Compliance/reports/phase_2/freeze/attempts/run_001/DATABASE_READ_ONLY_SNAPSHOT.json,3882,INTENTIONAL_HISTORICAL_METADATA,PRESERVE
03_Compliance/reports/phase_2/freeze/attempts/run_001/DATABASE_READ_ONLY_SNAPSHOT.json,3902,INTENTIONAL_HISTORICAL_METADATA,PRESERVE
03_Compliance/reports/phase_2/freeze/attempts/run_001/DATABASE_READ_ONLY_SNAPSHOT.json,3922,INTENTIONAL_HISTORICAL_METADATA,PRESERVE
03_Compliance/reports/phase_2/freeze/attempts/run_001/LEGAL_SOURCE_HASH_CHECKS.csv,2,INTENTIONAL_HISTORICAL_METADATA,PRESERVE
03_Compliance/reports/phase_2/freeze/attempts/run_001/LEGAL_SOURCE_HASH_CHECKS.csv,3,INTENTIONAL_HISTORICAL_METADATA,PRESERVE
03_Compliance/reports/phase_2/freeze/attempts/run_001/LEGAL_SOURCE_HASH_CHECKS.csv,4,INTENTIONAL_HISTORICAL_METADATA,PRESERVE
03_Compliance/reports/phase_2/freeze/attempts/run_001/LEGAL_SOURCE_HASH_CHECKS.csv,5,INTENTIONAL_HISTORICAL_METADATA,PRESERVE
03_Compliance/reports/phase_2/freeze/attempts/run_001/LEGAL_SOURCE_HASH_CHECKS.csv,6,INTENTIONAL_HISTORICAL_METADATA,PRESERVE
03_Compliance/reports/phase_2/freeze/attempts/run_001/LEGAL_SOURCE_HASH_CHECKS.csv,7,INTENTIONAL_HISTORICAL_METADATA,PRESERVE
03_Compliance/reports/phase_2/freeze/attempts/run_001/LEGAL_SOURCE_HASH_CHECKS.csv,8,INTENTIONAL_HISTORICAL_METADATA,PRESERVE
03_Compliance/reports/phase_2/freeze/attempts/run_001/LEGAL_SOURCE_HASH_CHECKS.csv,9,INTENTIONAL_HISTORICAL_METADATA,PRESERVE
03_Compliance/reports/phase_2/freeze/attempts/run_001/LEGAL_SOURCE_HASH_CHECKS.csv,10,INTENTIONAL_HISTORICAL_METADATA,PRESERVE
03_Compliance/reports/phase_2/freeze/attempts/run_001/LEGAL_SOURCE_HASH_CHECKS.csv,11,INTENTIONAL_HISTORICAL_METADATA,PRESERVE
03_Compliance/reports/phase_2/freeze/promotion_resume/run_001/LEGAL_SOURCE_HASH_CHECKS.csv,2,INTENTIONAL_HISTORICAL_METADATA,PRESERVE
03_Compliance/reports/phase_2/freeze/promotion_resume/run_001/LEGAL_SOURCE_HASH_CHECKS.csv,3,INTENTIONAL_HISTORICAL_METADATA,PRESERVE
03_Compliance/reports/phase_2/freeze/promotion_resume/run_001/LEGAL_SOURCE_HASH_CHECKS.csv,4,INTENTIONAL_HISTORICAL_METADATA,PRESERVE
03_Compliance/reports/phase_2/freeze/promotion_resume/run_001/LEGAL_SOURCE_HASH_CHECKS.csv,5,INTENTIONAL_HISTORICAL_METADATA,PRESERVE
03_Compliance/reports/phase_2/freeze/promotion_resume/run_001/LEGAL_SOURCE_HASH_CHECKS.csv,6,INTENTIONAL_HISTORICAL_METADATA,PRESERVE
03_Compliance/reports/phase_2/freeze/promotion_resume/run_001/LEGAL_SOURCE_HASH_CHECKS.csv,7,INTENTIONAL_HISTORICAL_METADATA,PRESERVE
03_Compliance/reports/phase_2/freeze/promotion_resume/run_001/LEGAL_SOURCE_HASH_CHECKS.csv,8,INTENTIONAL_HISTORICAL_METADATA,PRESERVE
03_Compliance/reports/phase_2/freeze/promotion_resume/run_001/LEGAL_SOURCE_HASH_CHECKS.csv,9,INTENTIONAL_HISTORICAL_METADATA,PRESERVE
03_Compliance/reports/phase_2/freeze/promotion_resume/run_001/LEGAL_SOURCE_HASH_CHECKS.csv,10,INTENTIONAL_HISTORICAL_METADATA,PRESERVE
03_Compliance/reports/phase_2/freeze/promotion_resume/run_001/LEGAL_SOURCE_HASH_CHECKS.csv,11,INTENTIONAL_HISTORICAL_METADATA,PRESERVE
03_Compliance/reports/phase_2/freeze/promotion_resume/run_001/PHASE_2_BASELINE_PROMOTION.csv,2,INTENTIONAL_HISTORICAL_METADATA,PRESERVE
03_Compliance/reports/phase_2/freeze/promotion_resume/run_001/snapshot_source_documents.json,11,INTENTIONAL_HISTORICAL_METADATA,PRESERVE
03_Compliance/reports/phase_2/freeze/promotion_resume/run_001/snapshot_source_documents.json,13,INTENTIONAL_HISTORICAL_METADATA,PRESERVE
03_Compliance/reports/phase_2/freeze/promotion_resume/run_001/snapshot_source_documents.json,15,INTENTIONAL_HISTORICAL_METADATA,PRESERVE
03_Compliance/reports/phase_2/freeze/promotion_resume/run_001/test_phase_1_invariants.json,57,INTENTIONAL_HISTORICAL_METADATA,PRESERVE
03_Compliance/reports/phase_2/freeze/promotion_resume/run_001/test_phase_1_invariants.json,61,INTENTIONAL_HISTORICAL_METADATA,PRESERVE
03_Compliance/reports/phase_2/freeze/promotion_resume/run_001/test_phase_1_invariants.json,63,INTENTIONAL_HISTORICAL_METADATA,PRESERVE
03_Compliance/reports/phase_2/review/gate_2/materialization/DATABASE_AFTER.json,2379,INTENTIONAL_HISTORICAL_METADATA,PRESERVE
03_Compliance/reports/phase_2/review/gate_2/materialization/DATABASE_AFTER.json,2399,INTENTIONAL_HISTORICAL_METADATA,PRESERVE
03_Compliance/reports/phase_2/review/gate_2/materialization/DATABASE_AFTER.json,2419,INTENTIONAL_HISTORICAL_METADATA,PRESERVE
03_Compliance/reports/phase_2/review/gate_2/materialization/DATABASE_BEFORE.json,2369,INTENTIONAL_HISTORICAL_METADATA,PRESERVE
03_Compliance/reports/phase_2/review/gate_2/materialization/DATABASE_BEFORE.json,2389,INTENTIONAL_HISTORICAL_METADATA,PRESERVE
03_Compliance/reports/phase_2/review/gate_2/materialization/DATABASE_BEFORE.json,2409,INTENTIONAL_HISTORICAL_METADATA,PRESERVE
03_Compliance/reports/phase_2/review/gate_2/materialization/test_phase_1_master.json,63,INTENTIONAL_HISTORICAL_METADATA,PRESERVE
03_Compliance/reports/phase_2/review/gate_2/materialization/test_phase_1_master.json,67,INTENTIONAL_HISTORICAL_METADATA,PRESERVE
03_Compliance/reports/phase_2/review/gate_2/materialization/test_phase_1_master.json,69,INTENTIONAL_HISTORICAL_METADATA,PRESERVE
02_Data_Engineering/GTFS_Lab/20_clientes_reales/FAMILY_D_MATURE_BENCHMARK/019_bizkaibus/03_gtfs_explorer/Bizkaibus_RC002_Canonical/rc002_launch_provenance.txt,2,DOCUMENTATION_REFERENCE,PRESERVE
02_Data_Engineering/GTFS_Lab/20_clientes_reales/FAMILY_D_MATURE_BENCHMARK/019_bizkaibus/03_gtfs_explorer/run_004_gtfs023_candidate001/candidate_launch_provenance_addendum.txt,7,DOCUMENTATION_REFERENCE,PRESERVE
02_Data_Engineering/GTFS_Lab/20_clientes_reales/FAMILY_D_MATURE_BENCHMARK/019_bizkaibus/03_gtfs_explorer/run_004_gtfs023_candidate001/candidate_launch_provenance_addendum.txt,11,DOCUMENTATION_REFERENCE,PRESERVE
02_Data_Engineering/GTFS_Lab/20_clientes_reales/FAMILY_D_MATURE_BENCHMARK/019_bizkaibus/03_gtfs_explorer/run_004_gtfs023_candidate001/rc002_launch_provenance.txt,2,DOCUMENTATION_REFERENCE,PRESERVE
03_Compliance/reports/phase_2/review/gate_2/materialization/test_baseline_reconciliation_evidence/test_phase_1_invariants.json,29,INTENTIONAL_HISTORICAL_METADATA,PRESERVE
03_Compliance/reports/phase_2/review/gate_2/materialization/test_baseline_reconciliation_evidence/test_phase_1_invariants.json,31,INTENTIONAL_HISTORICAL_METADATA,PRESERVE
03_Compliance/reports/phase_2/review/gate_2/materialization/test_baseline_reconciliation_evidence/test_phase_1_invariants.json,32,INTENTIONAL_HISTORICAL_METADATA,PRESERVE
03_Compliance/reports/phase_2/review/gate_2/materialization/test_baseline_reconciliation_evidence/test_phase_1_master.json,32,INTENTIONAL_HISTORICAL_METADATA,PRESERVE
03_Compliance/reports/phase_2/review/gate_2/materialization/test_baseline_reconciliation_evidence/test_phase_1_master.json,34,INTENTIONAL_HISTORICAL_METADATA,PRESERVE
03_Compliance/reports/phase_2/review/gate_2/materialization/test_baseline_reconciliation_evidence/test_phase_1_master.json,35,INTENTIONAL_HISTORICAL_METADATA,PRESERVE
