"finding_id","severity","area","file","line","reference","target_exists","status","recommendation","classification"
"PATH-001","LOW","GTFS_Lab","02_Data_Engineering/GTFS_Lab/sql/01_import/20260924_020003_import_consorcio_asturias.sql","8;16;24;32;40;48;56","feeds/extracted/20260924_020003_Consorcio_Asturias/*.txt","TRUE","RESOLVED_RELATIVE","Documentar o resolver desde el root de GTFS_Lab","SAFE_TO_RELATIVIZE"
"PATH-002","LOW","Compliance","03_Compliance/sql/00_setup/setup_transit_compliance.ps1","3","C:/Users/yeiso/Desktop/Folder/VSCode/Proyectos/Transit Data Lab/03_Compliance","TRUE","RESOLVED_RELATIVE","Derivar root desde PSScriptRoot en una tarea posterior","SAFE_TO_RELATIVIZE"
"PATH-003","LOW","Compliance","03_Compliance/sql/00_setup/close_phase_1.ps1","3","C:/Users/yeiso/Desktop/Folder/VSCode/Proyectos/Transit Data Lab/03_Compliance","TRUE","RESOLVED_RELATIVE","Derivar root desde PSScriptRoot en una tarea posterior","SAFE_TO_RELATIVIZE"
"PATH-004","LOW","Compliance","03_Compliance/sql/00_setup/finalize_phase_1.ps1","18","C:/Users/yeiso/Desktop/Folder/VSCode/Proyectos/Transit Data Lab/03_Compliance","TRUE","RESOLVED_RELATIVE","Derivar root desde PSScriptRoot en una tarea posterior","SAFE_TO_RELATIVIZE"
"PATH-005","LOW","Compliance","03_Compliance/sql/00_setup/load_annex_1_2.ps1","13","C:/Users/yeiso/Desktop/Folder/VSCode/Proyectos/Transit Data Lab/03_Compliance","TRUE","RESOLVED_RELATIVE","Derivar root desde PSScriptRoot en una tarea posterior","SAFE_TO_RELATIVIZE"
"PATH-006","LOW","Compliance","03_Compliance/sql/00_setup/load_annex_1_3.ps1","13","C:/Users/yeiso/Desktop/Folder/VSCode/Proyectos/Transit Data Lab/03_Compliance","TRUE","RESOLVED_RELATIVE","Derivar root desde PSScriptRoot en una tarea posterior","SAFE_TO_RELATIVIZE"
"PATH-007","LOW","Compliance","03_Compliance/sql/00_setup/load_annex_1_4.ps1","12","C:/Users/yeiso/Desktop/Folder/VSCode/Proyectos/Transit Data Lab/03_Compliance","TRUE","RESOLVED_RELATIVE","Derivar root desde PSScriptRoot en una tarea posterior","SAFE_TO_RELATIVIZE"
"PATH-008","LOW","Compliance","03_Compliance/sql/00_setup/load_annex_2_1.ps1","12","C:/Users/yeiso/Desktop/Folder/VSCode/Proyectos/Transit Data Lab/03_Compliance","TRUE","RESOLVED_RELATIVE","Derivar root desde PSScriptRoot en una tarea posterior","SAFE_TO_RELATIVIZE"
"PATH-009","LOW","Compliance","03_Compliance/sql/00_setup/load_annex_2_2.ps1","13","C:/Users/yeiso/Desktop/Folder/VSCode/Proyectos/Transit Data Lab/03_Compliance","TRUE","RESOLVED_RELATIVE","Derivar root desde PSScriptRoot en una tarea posterior","SAFE_TO_RELATIVIZE"
"PATH-010","LOW","Compliance","03_Compliance/sql/00_setup/load_annex_2_3.ps1","13","C:/Users/yeiso/Desktop/Folder/VSCode/Proyectos/Transit Data Lab/03_Compliance","TRUE","RESOLVED_RELATIVE","Derivar root desde PSScriptRoot en una tarea posterior","SAFE_TO_RELATIVIZE"
"PATH-011","LOW","Compliance","03_Compliance/sql/00_setup/repair_phase_1_metadata.ps1","3","C:/Users/yeiso/Desktop/Folder/VSCode/Proyectos/Transit Data Lab/03_Compliance","TRUE","RESOLVED_RELATIVE","Derivar root desde PSScriptRoot en una tarea posterior","SAFE_TO_RELATIVIZE"
"PATH-012","LOW","Compliance","03_Compliance/sql/00_setup/test_eu_2017_1926_master.ps1","14","C:/Users/yeiso/Desktop/Folder/VSCode/Proyectos/Transit Data Lab/03_Compliance","TRUE","RESOLVED_RELATIVE","Derivar root desde PSScriptRoot en una tarea posterior","SAFE_TO_RELATIVIZE"
"PATH-013","LOW","Compliance","03_Compliance/sql/00_setup/update_compliance_2026.ps1","19","C:/Users/yeiso/Desktop/Folder/VSCode/Proyectos/Transit Data Lab/03_Compliance","TRUE","RESOLVED_RELATIVE","Derivar root desde PSScriptRoot en una tarea posterior","SAFE_TO_RELATIVIZE"
"PATH-014","LOW","Compliance","03_Compliance/sql/00_setup/002_update_compliance_2026.sql","63;107;151","C:/Users/yeiso/Desktop/Folder/VSCode/Proyectos/Transit Data Lab/03_Compliance/EU/01_Primary_Law/...","TRUE","RESOLVED_RELATIVE","Usar local_file relativo en una tarea posterior","SAFE_TO_RELATIVIZE"
"PATH-015","LOW","Compliance","source.documents.local_file","N/A","EU-REG-2024-1679;EU-REG-IMPL-2026-1554;EU-REG-IMPL-2026-253","TRUE","ABSOLUTE_CURRENT","Migrar a rutas relativas sin cambiar hashes del corpus","CURRENT_ABSOLUTE"
"PATH-016","MEDIUM","Products","06_Products/GTFS Explorer/GTFS Explorer Engineering/engineering/REPRODUCIBILITY.md","11","C:/Users/yeiso/Desktop/Folder/VSCode/Proyectos/GTFS Explorer Artifacts","FALSE","BROKEN_AFTER_MOVE","Actualizar documentación al root bajo Transit Data Lab","INTENTIONAL"
"PATH-017","MEDIUM","Products","06_Products/GTFS Explorer/GTFS Explorer Engineering/engineering/current/GTFS-023_BIZKAIBUS_EXTERNAL_ACCEPTANCE.md","19","C:/Users/yeiso/Desktop/Folder/VSCode/Proyectos/GTFS Explorer Artifacts/...","FALSE","BROKEN_AFTER_MOVE","Actualizar o marcar como evidencia histórica inmutable","INTENTIONAL"
"PATH-018","MEDIUM","Products","06_Products/GTFS Explorer/GTFS Explorer Engineering/engineering/current/GTFS-023_IMPLEMENTATION_EVIDENCE.md","112","C:/Users/yeiso/Desktop/Folder/VSCode/Proyectos/GTFS Explorer Desktop/...","FALSE","BROKEN_AFTER_MOVE","Actualizar o marcar como evidencia histórica inmutable","INTENTIONAL"
"PATH-019","MEDIUM","Products","06_Products/GTFS Explorer/GTFS Explorer Engineering/engineering/current/GTFS-023_RUN004_PROVENANCE_REEVALUATION.md","33","C:/Users/yeiso/Desktop/Folder/VSCode/Proyectos/GTFS Explorer Artifacts/...","FALSE","BROKEN_AFTER_MOVE","Actualizar o marcar como evidencia histórica inmutable","INTENTIONAL"
"PATH-020","MEDIUM","Products","06_Products/GTFS Explorer/GTFS Explorer Engineering/engineering/current/GTFS-023_VERIFICATION_AND_CANDIDATE.md","122","C:/Users/yeiso/Desktop/Folder/VSCode/Proyectos/GTFS Explorer Desktop/...","FALSE","BROKEN_AFTER_MOVE","Actualizar o marcar como evidencia histórica inmutable","INTENTIONAL"
"PATH-021","MEDIUM","Products","06_Products/GTFS Explorer/GTFS Explorer Engineering/engineering/evidence/v0.2.2/*run*.ps1","multiple","C:/Users/yeiso/Desktop/Folder/VSCode/Proyectos/GTFS Explorer Desktop|Engineering","FALSE","RESOLVED_RELATIVE","No ejecutar sin parametrizar; conservar evidencia","SAFE_TO_RELATIVIZE"
"PATH-022","INFO","Products","06_Products/GTFS Explorer/GTFS Explorer Desktop/AGENTS.md","62;64","C:/Users/yeiso/.codex/task-telemetry.mjs","TRUE","VALID_EXTERNAL","Sin acción","EXTERNAL_REFERENCE"
"PATH-023","INFO","Products","06_Products/GTFS Explorer/GTFS Explorer Desktop/docs/PHASE2_RELEASE_READINESS.md","31","C:/Users/yeiso/Downloads/ctm-mallorca-es.zip","TRUE","VALID_LOCAL_SNAPSHOT","No confundir con fuente portable","EXTERNAL_REFERENCE"
