path,sha256
03_Compliance/reports/phase_2/freeze/promotion_resume/run_001/GIT_STATUS_BEFORE.txt,692753effeb8fdcae10e2e074ca0d547509874a95512c06ad37d317036a29db6
03_Compliance/reports/phase_2/freeze/promotion_resume/run_001/PROTECTED_FILES_BEFORE.json,9ed7c0a94a65dd0513f3a42661c4633fd245607f1d1f679c51842604cb9b8bf3
03_Compliance/reports/phase_2/freeze/promotion_resume/run_001/project_baseline.json.before,b8407edbf637071a6d9f64aab29fd5a096dab7b845c3f16345e288dddf1ca0b8
03_Compliance/reports/phase_2/freeze/promotion_resume/run_001/PROJECT_CURRENT_STATE.md.before,ca99183ae75095d43741aee71410e0b51342c7fba51a1e4f6137bc1478865e55
03_Compliance/reports/phase_2/freeze/promotion_resume/run_001/schema.json,e53e5f0d403f09c2f351cf7b61cc1597ccec3c751750f53f17ce03a1bfbf139b
03_Compliance/reports/phase_2/freeze/promotion_resume/run_001/schema.stderr.txt,e3b0c44298fc1c149afbf4c8996fb92427ae41e4649b934ca495991b7852b855
03_Compliance/reports/phase_2/freeze/promotion_resume/run_001/schema.exit_code.txt,5feceb66ffc86f38d952786c6d696c79c2dbc239dd4e91b46729d73a27fb57e9
03_Compliance/reports/phase_2/freeze/promotion_resume/run_001/snapshot_audit_evidence.json,3720eedc16ee687c1e1723c8263330e9d9252bc53b5ece4f31a35b85bac75d32
03_Compliance/reports/phase_2/freeze/promotion_resume/run_001/snapshot_audit_evidence.stderr.txt,e3b0c44298fc1c149afbf4c8996fb92427ae41e4649b934ca495991b7852b855
03_Compliance/reports/phase_2/freeze/promotion_resume/run_001/snapshot_audit_evidence.exit_code.txt,5feceb66ffc86f38d952786c6d696c79c2dbc239dd4e91b46729d73a27fb57e9
03_Compliance/reports/phase_2/freeze/promotion_resume/run_001/snapshot_audit_results.json,3720eedc16ee687c1e1723c8263330e9d9252bc53b5ece4f31a35b85bac75d32
03_Compliance/reports/phase_2/freeze/promotion_resume/run_001/snapshot_audit_results.stderr.txt,e3b0c44298fc1c149afbf4c8996fb92427ae41e4649b934ca495991b7852b855
03_Compliance/reports/phase_2/freeze/promotion_resume/run_001/snapshot_audit_results.exit_code.txt,5feceb66ffc86f38d952786c6d696c79c2dbc239dd4e91b46729d73a27fb57e9
03_Compliance/reports/phase_2/freeze/promotion_resume/run_001/snapshot_audit_rules.json,3720eedc16ee687c1e1723c8263330e9d9252bc53b5ece4f31a35b85bac75d32
03_Compliance/reports/phase_2/freeze/promotion_resume/run_001/snapshot_audit_rules.stderr.txt,e3b0c44298fc1c149afbf4c8996fb92427ae41e4649b934ca495991b7852b855
03_Compliance/reports/phase_2/freeze/promotion_resume/run_001/snapshot_audit_rules.exit_code.txt,5feceb66ffc86f38d952786c6d696c79c2dbc239dd4e91b46729d73a27fb57e9
03_Compliance/reports/phase_2/freeze/promotion_resume/run_001/snapshot_audit_runs.json,3720eedc16ee687c1e1723c8263330e9d9252bc53b5ece4f31a35b85bac75d32
03_Compliance/reports/phase_2/freeze/promotion_resume/run_001/snapshot_audit_runs.stderr.txt,e3b0c44298fc1c149afbf4c8996fb92427ae41e4649b934ca495991b7852b855
03_Compliance/reports/phase_2/freeze/promotion_resume/run_001/snapshot_audit_runs.exit_code.txt,5feceb66ffc86f38d952786c6d696c79c2dbc239dd4e91b46729d73a27fb57e9
03_Compliance/reports/phase_2/freeze/promotion_resume/run_001/snapshot_compliance_deadlines.json,7ab08470acad2aa72e16f3d886b9145225b32e47a3e8fea90cad2a883af20ae7
03_Compliance/reports/phase_2/freeze/promotion_resume/run_001/snapshot_compliance_deadlines.stderr.txt,e3b0c44298fc1c149afbf4c8996fb92427ae41e4649b934ca495991b7852b855
03_Compliance/reports/phase_2/freeze/promotion_resume/run_001/snapshot_compliance_deadlines.exit_code.txt,5feceb66ffc86f38d952786c6d696c79c2dbc239dd4e91b46729d73a27fb57e9
03_Compliance/reports/phase_2/freeze/promotion_resume/run_001/snapshot_compliance_nap_requirements.json,3720eedc16ee687c1e1723c8263330e9d9252bc53b5ece4f31a35b85bac75d32
03_Compliance/reports/phase_2/freeze/promotion_resume/run_001/snapshot_compliance_nap_requirements.stderr.txt,e3b0c44298fc1c149afbf4c8996fb92427ae41e4649b934ca495991b7852b855
03_Compliance/reports/phase_2/freeze/promotion_resume/run_001/snapshot_compliance_nap_requirements.exit_code.txt,5feceb66ffc86f38d952786c6d696c79c2dbc239dd4e91b46729d73a27fb57e9
03_Compliance/reports/phase_2/freeze/promotion_resume/run_001/snapshot_compliance_provision_classifications.json,01a11586e9e11eda91f490bbd0afa0b111db62a2bd4afc29ddbace1500c1ab0b
03_Compliance/reports/phase_2/freeze/promotion_resume/run_001/snapshot_compliance_provision_classifications.stderr.txt,e3b0c44298fc1c149afbf4c8996fb92427ae41e4649b934ca495991b7852b855
03_Compliance/reports/phase_2/freeze/promotion_resume/run_001/snapshot_compliance_provision_classifications.exit_code.txt,5feceb66ffc86f38d952786c6d696c79c2dbc239dd4e91b46729d73a27fb57e9
03_Compliance/reports/phase_2/freeze/promotion_resume/run_001/snapshot_compliance_requirement_candidate_sources.json,92c10aec3e87ae584ee18e830abe4cbadd0e430f335cd6ba729b621a32d78216
03_Compliance/reports/phase_2/freeze/promotion_resume/run_001/snapshot_compliance_requirement_candidate_sources.stderr.txt,e3b0c44298fc1c149afbf4c8996fb92427ae41e4649b934ca495991b7852b855
03_Compliance/reports/phase_2/freeze/promotion_resume/run_001/snapshot_compliance_requirement_candidate_sources.exit_code.txt,5feceb66ffc86f38d952786c6d696c79c2dbc239dd4e91b46729d73a27fb57e9
03_Compliance/reports/phase_2/freeze/promotion_resume/run_001/snapshot_compliance_requirement_candidates.json,ffe3f6f0fa04074c50424ee95501f8969e7cbedec328b46aa53a60dad6a2063b
03_Compliance/reports/phase_2/freeze/promotion_resume/run_001/snapshot_compliance_requirement_candidates.stderr.txt,e3b0c44298fc1c149afbf4c8996fb92427ae41e4649b934ca495991b7852b855
03_Compliance/reports/phase_2/freeze/promotion_resume/run_001/snapshot_compliance_requirement_candidates.exit_code.txt,5feceb66ffc86f38d952786c6d696c79c2dbc239dd4e91b46729d73a27fb57e9
03_Compliance/reports/phase_2/freeze/promotion_resume/run_001/snapshot_compliance_requirements.json,44fd989bfa1bddb053a42601569eeef8c283cab1554ce1347eef7c30eec5b161
03_Compliance/reports/phase_2/freeze/promotion_resume/run_001/snapshot_compliance_requirements.stderr.txt,e3b0c44298fc1c149afbf4c8996fb92427ae41e4649b934ca495991b7852b855
03_Compliance/reports/phase_2/freeze/promotion_resume/run_001/snapshot_compliance_requirements.exit_code.txt,5feceb66ffc86f38d952786c6d696c79c2dbc239dd4e91b46729d73a27fb57e9
03_Compliance/reports/phase_2/freeze/promotion_resume/run_001/snapshot_compliance_source_facts.json,308f372d3fb289150a15c8a7177a41b9ce0b4a5ae9a011333c2ca5e3ec6fc009
03_Compliance/reports/phase_2/freeze/promotion_resume/run_001/snapshot_compliance_source_facts.stderr.txt,e3b0c44298fc1c149afbf4c8996fb92427ae41e4649b934ca495991b7852b855
03_Compliance/reports/phase_2/freeze/promotion_resume/run_001/snapshot_compliance_source_facts.exit_code.txt,5feceb66ffc86f38d952786c6d696c79c2dbc239dd4e91b46729d73a27fb57e9
03_Compliance/reports/phase_2/freeze/promotion_resume/run_001/snapshot_mapping_format_coverage.json,3720eedc16ee687c1e1723c8263330e9d9252bc53b5ece4f31a35b85bac75d32
03_Compliance/reports/phase_2/freeze/promotion_resume/run_001/snapshot_mapping_format_coverage.stderr.txt,e3b0c44298fc1c149afbf4c8996fb92427ae41e4649b934ca495991b7852b855
03_Compliance/reports/phase_2/freeze/promotion_resume/run_001/snapshot_mapping_format_coverage.exit_code.txt,5feceb66ffc86f38d952786c6d696c79c2dbc239dd4e91b46729d73a27fb57e9
03_Compliance/reports/phase_2/freeze/promotion_resume/run_001/snapshot_mapping_format_equivalences.json,3720eedc16ee687c1e1723c8263330e9d9252bc53b5ece4f31a35b85bac75d32
03_Compliance/reports/phase_2/freeze/promotion_resume/run_001/snapshot_mapping_format_equivalences.stderr.txt,e3b0c44298fc1c149afbf4c8996fb92427ae41e4649b934ca495991b7852b855
03_Compliance/reports/phase_2/freeze/promotion_resume/run_001/snapshot_mapping_format_equivalences.exit_code.txt,5feceb66ffc86f38d952786c6d696c79c2dbc239dd4e91b46729d73a27fb57e9
03_Compliance/reports/phase_2/freeze/promotion_resume/run_001/snapshot_source_documents.json,9ebad05c1b7de8eeec864d8357e9b44b5759e45a74f607ecbfdacda6ac65a6ec
03_Compliance/reports/phase_2/freeze/promotion_resume/run_001/snapshot_source_documents.stderr.txt,e3b0c44298fc1c149afbf4c8996fb92427ae41e4649b934ca495991b7852b855
03_Compliance/reports/phase_2/freeze/promotion_resume/run_001/snapshot_source_documents.exit_code.txt,5feceb66ffc86f38d952786c6d696c79c2dbc239dd4e91b46729d73a27fb57e9
03_Compliance/reports/phase_2/freeze/promotion_resume/run_001/snapshot_source_provisions.json,70bfb0871d82e0f39fe2a81c239f923fd2770509750121c6be8abdf0f4b11630
03_Compliance/reports/phase_2/freeze/promotion_resume/run_001/snapshot_source_provisions.stderr.txt,e3b0c44298fc1c149afbf4c8996fb92427ae41e4649b934ca495991b7852b855
03_Compliance/reports/phase_2/freeze/promotion_resume/run_001/snapshot_source_provisions.exit_code.txt,5feceb66ffc86f38d952786c6d696c79c2dbc239dd4e91b46729d73a27fb57e9
03_Compliance/reports/phase_2/freeze/promotion_resume/run_001/snapshot_source_relationships.json,f3b093e640285199c2d8c094c404f2d64293c5c470fc9d758088fa9644dec90b
03_Compliance/reports/phase_2/freeze/promotion_resume/run_001/snapshot_source_relationships.stderr.txt,e3b0c44298fc1c149afbf4c8996fb92427ae41e4649b934ca495991b7852b855
03_Compliance/reports/phase_2/freeze/promotion_resume/run_001/snapshot_source_relationships.exit_code.txt,5feceb66ffc86f38d952786c6d696c79c2dbc239dd4e91b46729d73a27fb57e9
03_Compliance/reports/phase_2/freeze/promotion_resume/run_001/LEGAL_SOURCE_HASH_CHECKS.csv,324b1801107dd5313f8b66ce83305f368f2048d3d3ab0c0fb0ee7c2732273908
03_Compliance/reports/phase_2/freeze/promotion_resume/run_001/test_phase_1_invariants.json,28a8671fae7d5ee04160c935e34895c635e719c9d8f5bf6f43c3d6d6c1b835c6
03_Compliance/reports/phase_2/freeze/promotion_resume/run_001/test_phase_1_invariants.stderr.txt,e3b0c44298fc1c149afbf4c8996fb92427ae41e4649b934ca495991b7852b855
03_Compliance/reports/phase_2/freeze/promotion_resume/run_001/test_phase_1_invariants.exit_code.txt,5feceb66ffc86f38d952786c6d696c79c2dbc239dd4e91b46729d73a27fb57e9
03_Compliance/reports/phase_2/freeze/promotion_resume/run_001/test_eu_2017_1926_master_structure.json,bc796cce428bf722e6670a1528f7d4d7cf767b852e1f967cb5903925e6acfab7
03_Compliance/reports/phase_2/freeze/promotion_resume/run_001/test_eu_2017_1926_master_structure.stderr.txt,e3b0c44298fc1c149afbf4c8996fb92427ae41e4649b934ca495991b7852b855
03_Compliance/reports/phase_2/freeze/promotion_resume/run_001/test_eu_2017_1926_master_structure.exit_code.txt,5feceb66ffc86f38d952786c6d696c79c2dbc239dd4e91b46729d73a27fb57e9
03_Compliance/reports/phase_2/freeze/promotion_resume/run_001/test_eu_2017_1926_annex_1_1.json,0e2cce8c5060c202ced50976d4d45103a987df00e2e4e411b2ed8a25d76170e3
03_Compliance/reports/phase_2/freeze/promotion_resume/run_001/test_eu_2017_1926_annex_1_1.stderr.txt,e3b0c44298fc1c149afbf4c8996fb92427ae41e4649b934ca495991b7852b855
03_Compliance/reports/phase_2/freeze/promotion_resume/run_001/test_eu_2017_1926_annex_1_1.exit_code.txt,5feceb66ffc86f38d952786c6d696c79c2dbc239dd4e91b46729d73a27fb57e9
03_Compliance/reports/phase_2/freeze/promotion_resume/run_001/test_eu_2017_1926_annex_1_2.json,b9d2731721fa01cf08c82d1c06d1e9d211806c91e341af74b579b934240fed89
03_Compliance/reports/phase_2/freeze/promotion_resume/run_001/test_eu_2017_1926_annex_1_2.stderr.txt,e3b0c44298fc1c149afbf4c8996fb92427ae41e4649b934ca495991b7852b855
03_Compliance/reports/phase_2/freeze/promotion_resume/run_001/test_eu_2017_1926_annex_1_2.exit_code.txt,5feceb66ffc86f38d952786c6d696c79c2dbc239dd4e91b46729d73a27fb57e9
03_Compliance/reports/phase_2/freeze/promotion_resume/run_001/test_eu_2017_1926_annex_1_3.json,6976688459780905208ab896ed8cc4a90ff4f485169e1c34571aea3dc4929370
03_Compliance/reports/phase_2/freeze/promotion_resume/run_001/test_eu_2017_1926_annex_1_3.stderr.txt,e3b0c44298fc1c149afbf4c8996fb92427ae41e4649b934ca495991b7852b855
03_Compliance/reports/phase_2/freeze/promotion_resume/run_001/test_eu_2017_1926_annex_1_3.exit_code.txt,5feceb66ffc86f38d952786c6d696c79c2dbc239dd4e91b46729d73a27fb57e9
03_Compliance/reports/phase_2/freeze/promotion_resume/run_001/test_eu_2017_1926_annex_1_4.json,e50b4bd78a26f35b181e97b9a05cf5256c7d7105a3d8890b005b19b88a073ba4
03_Compliance/reports/phase_2/freeze/promotion_resume/run_001/test_eu_2017_1926_annex_1_4.stderr.txt,e3b0c44298fc1c149afbf4c8996fb92427ae41e4649b934ca495991b7852b855
03_Compliance/reports/phase_2/freeze/promotion_resume/run_001/test_eu_2017_1926_annex_1_4.exit_code.txt,5feceb66ffc86f38d952786c6d696c79c2dbc239dd4e91b46729d73a27fb57e9
03_Compliance/reports/phase_2/freeze/promotion_resume/run_001/test_eu_2017_1926_annex_2_1.json,c06e25122855e077b4396ba6686e504c82b7af3e493508ceacf8c00545c50049
03_Compliance/reports/phase_2/freeze/promotion_resume/run_001/test_eu_2017_1926_annex_2_1.stderr.txt,e3b0c44298fc1c149afbf4c8996fb92427ae41e4649b934ca495991b7852b855
03_Compliance/reports/phase_2/freeze/promotion_resume/run_001/test_eu_2017_1926_annex_2_1.exit_code.txt,5feceb66ffc86f38d952786c6d696c79c2dbc239dd4e91b46729d73a27fb57e9
03_Compliance/reports/phase_2/freeze/promotion_resume/run_001/test_eu_2017_1926_annex_2_2.json,5562a146a804e38e740d1ff59c35d135ced94caa836ac4efec65bf8d634fce8c
03_Compliance/reports/phase_2/freeze/promotion_resume/run_001/test_eu_2017_1926_annex_2_2.stderr.txt,e3b0c44298fc1c149afbf4c8996fb92427ae41e4649b934ca495991b7852b855
03_Compliance/reports/phase_2/freeze/promotion_resume/run_001/test_eu_2017_1926_annex_2_2.exit_code.txt,5feceb66ffc86f38d952786c6d696c79c2dbc239dd4e91b46729d73a27fb57e9
03_Compliance/reports/phase_2/freeze/promotion_resume/run_001/test_eu_2017_1926_annex_2_3.json,39d608920a18a280a46fbff0b1ad36099cbee7fe19da8702ce90e969fd4d8f60
03_Compliance/reports/phase_2/freeze/promotion_resume/run_001/test_eu_2017_1926_annex_2_3.stderr.txt,e3b0c44298fc1c149afbf4c8996fb92427ae41e4649b934ca495991b7852b855
03_Compliance/reports/phase_2/freeze/promotion_resume/run_001/test_eu_2017_1926_annex_2_3.exit_code.txt,5feceb66ffc86f38d952786c6d696c79c2dbc239dd4e91b46729d73a27fb57e9
03_Compliance/reports/phase_2/freeze/promotion_resume/run_001/test_phase_2_post_materialization_gate.json,a556697bf92c4e8f4462c1bf8be7b4a1a54bb8fe22749e8484bc627bd19c80a6
03_Compliance/reports/phase_2/freeze/promotion_resume/run_001/test_phase_2_post_materialization_gate.stderr.txt,e3b0c44298fc1c149afbf4c8996fb92427ae41e4649b934ca495991b7852b855
03_Compliance/reports/phase_2/freeze/promotion_resume/run_001/test_phase_2_post_materialization_gate.exit_code.txt,5feceb66ffc86f38d952786c6d696c79c2dbc239dd4e91b46729d73a27fb57e9
03_Compliance/reports/phase_2/freeze/promotion_resume/run_001/FINAL_TEST_RESULTS.csv,65e878da5a99b0d325a0b66fb71f054956419863101960707c4ce9c041a281f7
03_Compliance/reports/phase_2/freeze/PROJECT_BASELINE_VALIDATION.json,7b98adb5504cb57e7db0462dc5f252da1e1cdbe462ffd9419f7fc041ec1ecdc8
03_Compliance/reports/phase_2/freeze/PROJECT_CURRENT_STATE_VALIDATION.json,6de65ff9d675bf09453275e5bfaf84d93de84eea44c2479f1d77e67c9d0eeaa8
03_Compliance/reports/phase_2/freeze/PHASE_2_FORMAL_FREEZE.json,117837aacfba3f136f5c0cd171d7e1dd00c34e3cdf531eee43e0b202cdf80a05
03_Compliance/reports/phase_2/freeze/PHASE_2_FORMAL_FREEZE.md,d15a91ba1099305e67a8479ec7ef87b23d541775ce2e6ccc7120758dadb5b7b3
03_Compliance/reports/phase_2/freeze/promotion_resume/run_001/PHASE_2_BASELINE_PROMOTION.md,192253978a3fa84150db78908a584d771c9067f3303d36643aa2ca46b408ecce
03_Compliance/reports/phase_2/freeze/promotion_resume/run_001/PHASE_2_BASELINE_PROMOTION.csv,c894ceb00239506c43df02c7845259a19079e7b895d4a1256f63440265e3aa70
03_Compliance/reports/phase_2/freeze/PHASE_2_BASELINE_PROMOTION_RESUME.md,855993384bac210551f7a9b7cdd4005d1b0369067e70a2fd155ea2448a659dc2
03_Compliance/reports/phase_2/freeze/promotion_resume/run_001/GIT_STATUS_AFTER.txt,692753effeb8fdcae10e2e074ca0d547509874a95512c06ad37d317036a29db6
03_Compliance/reports/phase_2/freeze/PHASE_2_FREEZE_HASHES.csv,b202b88897e184403d892d7132c80a24bf1657a4174f531358f9511406030255
03_Compliance/reports/phase_2/freeze/promotion_resume/run_001/FINAL_RESULT.json,f6b342af29363ff231b2b9d669bb48f5c92d4ff83ed40a442692ac1e82af31fc
03_Compliance/reports/phase_2/freeze/promotion_resume/run_001/promote_baseline.py,f9fcf04dde096dafea48a8e5943cf71b0a2c244c256e9ff21b1279ab4b1aebe7
