gtfs_file,origin_artifact,origin_category,owner,origin_status,transformation,limitation
agency.txt,agency_origen.csv,Ficha maestra sintética del operador,CS Autobuses (ficticia),SINTETICO_PARA_DEMOSTRACION,seleccionar los campos GTFS definidos y descartar columnas source_*,"Razón social/nombre público, portal y zona horaria definidos para el ejercicio."
stops.txt,stops_origen.csv,Inventario sintético de paradas,CS Autobuses (ficticia),SINTETICO_PARA_DEMOSTRACION,seleccionar los campos GTFS definidos y descartar columnas source_*,Ubicaciones y jerarquía creadas para el municipio demostrativo; no proceden de una concesión real.
routes.txt,routes_origen.csv,Catálogo sintético de líneas,CS Autobuses (ficticia),SINTETICO_PARA_DEMOSTRACION,seleccionar los campos GTFS definidos y descartar columnas source_*,"Nombres, modo y presentación de rutas diseñados para el ejercicio."
trips.txt,trips_origen.csv,Plan sintético de explotación,CS Autobuses (ficticia),SINTETICO_PARA_DEMOSTRACION,seleccionar los campos GTFS definidos y descartar columnas source_*,Viajes regulares y flexibles definidos para el periodo demostrativo.
stop_times.txt,stop_times_origen.csv,Cuadro horario sintético,CS Autobuses (ficticia),SINTETICO_PARA_DEMOSTRACION,seleccionar los campos GTFS definidos y descartar columnas source_*,Tiempos y ventanas de servicio inventados; no son horarios autorizados.
calendar.txt,calendar_origen.csv,Calendario sintético de servicio,CS Autobuses (ficticia),SINTETICO_PARA_DEMOSTRACION,seleccionar los campos GTFS definidos y descartar columnas source_*,Vigencia creada para la muestra y compartida por los viajes.
calendar_dates.txt,calendar_dates_origen.csv,Registro sintético de excepciones,CS Autobuses (ficticia),SINTETICO_PARA_DEMOSTRACION,seleccionar los campos GTFS definidos y descartar columnas source_*,Excepción ficticia para demostrar la relación con el calendario base.
fare_attributes.txt,fare_attributes_origen.csv,Tarifario sintético Fares V1,CS Autobuses (ficticia),SINTETICO_PARA_DEMOSTRACION,seleccionar los campos GTFS definidos y descartar columnas source_*,Importe ficticio de demostración; no representa una tarifa aprobada.
fare_rules.txt,fare_rules_origen.csv,Matriz sintética Fares V1,CS Autobuses (ficticia),SINTETICO_PARA_DEMOSTRACION,seleccionar los campos GTFS definidos y descartar columnas source_*,Regla de aplicación enlazada a rutas ficticias.
timeframes.txt,timeframes_origen.csv,Franjas sintéticas de tarifa,CS Autobuses (ficticia),SINTETICO_PARA_DEMOSTRACION,seleccionar los campos GTFS definidos y descartar columnas source_*,Ventana diaria ficticia para las reglas Fares V2.
rider_categories.txt,rider_categories_origen.csv,Catálogo sintético de categorías,CS Autobuses (ficticia),SINTETICO_PARA_DEMOSTRACION,seleccionar los campos GTFS definidos y descartar columnas source_*,Categoría general creada para ejemplificar productos tarifarios.
fare_media.txt,fare_media_origen.csv,Catálogo sintético de soportes,CS Autobuses (ficticia),SINTETICO_PARA_DEMOSTRACION,seleccionar los campos GTFS definidos y descartar columnas source_*,Billete y aplicación simulados; no afirman aceptación comercial real.
fare_products.txt,fare_products_origen.csv,Catálogo sintético Fares V2,CS Autobuses (ficticia),SINTETICO_PARA_DEMOSTRACION,seleccionar los campos GTFS definidos y descartar columnas source_*,Productos y precios inventados para el ejemplo.
fare_leg_rules.txt,fare_leg_rules_origen.csv,Reglas sintéticas de tarifa por tramo,CS Autobuses (ficticia),SINTETICO_PARA_DEMOSTRACION,seleccionar los campos GTFS definidos y descartar columnas source_*,Reglas de red y franja asociadas al producto sintético.
fare_leg_join_rules.txt,fare_leg_join_rules_origen.csv,Reglas sintéticas de combinación,CS Autobuses (ficticia),SINTETICO_PARA_DEMOSTRACION,seleccionar los campos GTFS definidos y descartar columnas source_*,Unión de tramos dentro de una red ficticia.
fare_transfer_rules.txt,fare_transfer_rules_origen.csv,Reglas sintéticas de transbordo tarifario,CS Autobuses (ficticia),SINTETICO_PARA_DEMOSTRACION,seleccionar los campos GTFS definidos y descartar columnas source_*,Ventana y tratamiento de transferencia de demostración.
areas.txt,areas_origen.csv,Zonas tarifarias sintéticas,CS Autobuses (ficticia),SINTETICO_PARA_DEMOSTRACION,seleccionar los campos GTFS definidos y descartar columnas source_*,Zonas creadas para cubrir la estructura Fares V2.
stop_areas.txt,stop_areas_origen.csv,Asignación sintética de paradas a zonas,CS Autobuses (ficticia),SINTETICO_PARA_DEMOSTRACION,seleccionar los campos GTFS definidos y descartar columnas source_*,Correspondencia inventada de paradas y áreas tarifarias.
networks.txt,networks_origen.csv,Red tarifaria sintética,CS Autobuses (ficticia),SINTETICO_PARA_DEMOSTRACION,seleccionar los campos GTFS definidos y descartar columnas source_*,Red creada para la demostración; se usa con route_networks.txt.
route_networks.txt,route_networks_origen.csv,Matriz sintética ruta-red,CS Autobuses (ficticia),SINTETICO_PARA_DEMOSTRACION,seleccionar los campos GTFS definidos y descartar columnas source_*,Asociación inventada de las rutas a la red tarifaria.
shapes.txt,shapes_origen.csv,Trazados sintéticos,CS Autobuses (ficticia),SINTETICO_PARA_DEMOSTRACION,seleccionar los campos GTFS definidos y descartar columnas source_*,Geometrías inventadas para ilustración; no se han contrastado con calles reales.
frequencies.txt,frequencies_origen.csv,Plan de frecuencias sintético,CS Autobuses (ficticia),SINTETICO_PARA_DEMOSTRACION,seleccionar los campos GTFS definidos y descartar columnas source_*,Intervalo creado para un viaje de ejemplo.
transfers.txt,transfers_origen.csv,Regla sintética de conexión,CS Autobuses (ficticia),SINTETICO_PARA_DEMOSTRACION,seleccionar los campos GTFS definidos y descartar columnas source_*,"Tiempo mínimo ilustrativo, sin levantamiento de estación."
pathways.txt,pathways_origen.csv,Grafo interior sintético,CS Autobuses (ficticia),SINTETICO_PARA_DEMOSTRACION,seleccionar los campos GTFS definidos y descartar columnas source_*,Conexión de ascensor inventada para ilustrar niveles; no acredita accesibilidad.
levels.txt,levels_origen.csv,Niveles sintéticos,CS Autobuses (ficticia),SINTETICO_PARA_DEMOSTRACION,seleccionar los campos GTFS definidos y descartar columnas source_*,Niveles creados para el ejemplo del intercambiador.
location_groups.txt,location_groups_origen.csv,Grupos sintéticos de demanda,CS Autobuses (ficticia),SINTETICO_PARA_DEMOSTRACION,seleccionar los campos GTFS definidos y descartar columnas source_*,Grupo ficticio de puntos de recogida y bajada.
location_group_stops.txt,location_group_stops_origen.csv,Miembros sintéticos de grupo,CS Autobuses (ficticia),SINTETICO_PARA_DEMOSTRACION,seleccionar los campos GTFS definidos y descartar columnas source_*,Paradas asociadas al grupo flexible de ejemplo.
booking_rules.txt,booking_rules_origen.csv,Condiciones sintéticas de reserva,CS Autobuses (ficticia),SINTETICO_PARA_DEMOSTRACION,seleccionar los campos GTFS definidos y descartar columnas source_*,"Antelación y URLs de ejemplo, no servicio activo."
translations.txt,translations_origen.csv,Traducción sintética,CS Autobuses (ficticia),SINTETICO_PARA_DEMOSTRACION,seleccionar los campos GTFS definidos y descartar columnas source_*,Nombre traducido para ilustrar el mecanismo de traducciones.
feed_info.txt,feed_info_origen.csv,Ficha sintética de publicación,CS Autobuses (ficticia),SINTETICO_PARA_DEMOSTRACION,seleccionar los campos GTFS definidos y descartar columnas source_*,"Editor, periodo y versión identifican la edición de demostración."
attributions.txt,attributions_origen.csv,Atribución sintética,CS Autobuses (ficticia),SINTETICO_PARA_DEMOSTRACION,seleccionar los campos GTFS definidos y descartar columnas source_*,Roles atribuidos a una organización ficticia.
locations.geojson,locations_origen.geojson,Capa GIS sintética,CS Autobuses (ficticia),SINTETICO_PARA_DEMOSTRACION,copiar FeatureCollection y retener solo propiedades GTFS admitidas,Polígono de ejemplo en WGS84; no representa un área de servicio autorizada.
