provision_id,document_id,provision_type,article,paragraph,annex,section,heading,text_content,source_reference,notes,created_at
EU-2017-1926-ANNEX,EU-REG-2017-1926,ANNEX,,,ANNEX,,Categorías de datos,,ANEXO,Anexo del texto consolidado 04/03/2024,2026-09-26 23:36:04.13036
EU-2017-1926-ANNEX-1,EU-REG-2017-1926,ANNEX_SECTION,,,ANNEX,1,"Tipos de datos estáticos, históricos y observados sobre desplazamientos y tráfico",,ANEXO 1,,2026-09-26 23:36:04.13036
EU-2017-1926-ANNEX-1.1,EU-REG-2017-1926,ANNEX_LEVEL,,,ANNEX,1.1,Nivel de servicio 1,,ANEXO 1.1,,2026-09-26 23:36:04.13036
EU-2017-1926-ANNEX-1.1-A,EU-REG-2017-1926,ANNEX_GROUP,,,ANNEX,1.1(a),Búsqueda de ubicación (origen/destino),,ANEXO 1.1(a),,2026-09-26 23:39:57.964454
EU-2017-1926-ANNEX-1.1-A-I,EU-REG-2017-1926,DATA_ELEMENT,,,ANNEX,1.1(a)(i),Direcciones,"Direcciones: calle, número y código postal.",ANEXO 1.1(a)(i),,2026-09-26 23:39:57.964454
EU-2017-1926-ANNEX-1.1-A-II,EU-REG-2017-1926,DATA_ELEMENT,,,ANNEX,1.1(a)(ii),Lugares topográficos,"Lugares topográficos: ciudad, pueblo, suburbio y demarcación administrativa.",ANEXO 1.1(a)(ii),,2026-09-26 23:39:57.964454
EU-2017-1926-ANNEX-1.1-A-III,EU-REG-2017-1926,DATA_ELEMENT,,,ANNEX,1.1(a)(iii),Puntos de interés relacionados con transporte,Puntos de interés relacionados con información de transporte a los que las personas pueden desear desplazarse.,ANEXO 1.1(a)(iii),,2026-09-26 23:39:57.964454
EU-2017-1926-ANNEX-1.1-B,EU-REG-2017-1926,DATA_ELEMENT,,,ANNEX,1.1(b),Calendario operativo,"Planes de viaje: calendario operativo, asociando tipos de día con fechas de calendario.",ANEXO 1.1(b),,2026-09-26 23:39:57.969178
EU-2017-1926-ANNEX-1.1-C,EU-REG-2017-1926,ANNEX_GROUP,,,ANNEX,1.1(c),Búsqueda de ubicación - nodos de acceso,Aplicable al transporte programado y al transporte a la demanda cuando proceda.,ANEXO 1.1(c),,2026-09-26 23:39:57.970684
EU-2017-1926-ANNEX-1.1-C-I,EU-REG-2017-1926,DATA_ELEMENT,,,ANNEX,1.1(c)(i),Nodos de acceso identificados,Nodos de acceso identificados.,ANEXO 1.1(c)(i),,2026-09-26 23:39:57.970684
EU-2017-1926-ANNEX-1.1-C-II,EU-REG-2017-1926,DATA_ELEMENT,,,ANNEX,1.1(c)(ii),Geometría de los nodos de acceso,Geometría o estructura cartográfica de los nodos de acceso.,ANEXO 1.1(c)(ii),,2026-09-26 23:39:57.970684
EU-2017-1926-ANNEX-1.1-D,EU-REG-2017-1926,ANNEX_GROUP,,,ANNEX,1.1(d),Cálculo de planes de viaje - transporte programado y a demanda,Aplicable al transporte programado y al transporte a la demanda cuando proceda.,ANEXO 1.1(d),,2026-09-26 23:39:57.972309
EU-2017-1926-ANNEX-1.1-D-I,EU-REG-2017-1926,DATA_ELEMENT,,,ANNEX,1.1(d)(i),Conexión para correspondencias,Conexión para las correspondencias.,ANEXO 1.1(d)(i),,2026-09-26 23:39:57.972309
EU-2017-1926-ANNEX-1.1-D-II,EU-REG-2017-1926,DATA_ELEMENT,,,ANNEX,1.1(d)(ii),Tiempos de correspondencia por defecto,Tiempos de correspondencia por defecto en los intercambiadores.,ANEXO 1.1(d)(ii),,2026-09-26 23:39:57.972309
EU-2017-1926-ANNEX-1.1-D-III,EU-REG-2017-1926,DATA_ELEMENT,,,ANNEX,1.1(d)(iii),Topología de redes y rutas/líneas,Topología de las redes y rutas/líneas.,ANEXO 1.1(d)(iii),,2026-09-26 23:39:57.972309
EU-2017-1926-ANNEX-1.1-D-IV,EU-REG-2017-1926,DATA_ELEMENT,,,ANNEX,1.1(d)(iv),Operadores de transporte,Operadores de transporte.,ANEXO 1.1(d)(iv),,2026-09-26 23:39:57.972309
EU-2017-1926-ANNEX-1.1-D-IX,EU-REG-2017-1926,DATA_ELEMENT,,,ANNEX,1.1(d)(ix),Vehículos y accesibilidad,"Información sobre vehículos, su accesibilidad y la accesibilidad de los servicios a bordo.",ANEXO 1.1(d)(ix),,2026-09-26 23:39:57.972309
EU-2017-1926-ANNEX-1.1-D-V,EU-REG-2017-1926,DATA_ELEMENT,,,ANNEX,1.1(d)(v),Horarios,Horarios.,ANEXO 1.1(d)(v),,2026-09-26 23:39:57.972309
EU-2017-1926-ANNEX-1.1-D-VI,EU-REG-2017-1926,DATA_ELEMENT,,,ANNEX,1.1(d)(vi),Correspondencias previstas entre servicios garantizados,Correspondencias previstas entre servicios programados garantizados.,ANEXO 1.1(d)(vi),,2026-09-26 23:39:57.972309
EU-2017-1926-ANNEX-1.1-D-VII,EU-REG-2017-1926,DATA_ELEMENT,,,ANNEX,1.1(d)(vii),Horario de funcionamiento,Horario de funcionamiento.,ANEXO 1.1(d)(vii),,2026-09-26 23:39:57.972309
EU-2017-1926-ANNEX-1.1-D-VIII,EU-REG-2017-1926,DATA_ELEMENT,,,ANNEX,1.1(d)(viii),Servicios en los nodos de acceso,Información sobre servicios e instalaciones disponibles en los nodos de acceso.,ANEXO 1.1(d)(viii),,2026-09-26 23:39:57.972309
EU-2017-1926-ANNEX-1.1-D-X,EU-REG-2017-1926,DATA_ELEMENT,,,ANNEX,1.1(d)(x),Accesibilidad de nodos e intercambiadores,Accesibilidad de los nodos de acceso y recorridos dentro de un intercambiador.,ANEXO 1.1(d)(x),,2026-09-26 23:39:57.972309
EU-2017-1926-ANNEX-1.1-D-XI,EU-REG-2017-1926,DATA_ELEMENT,,,ANNEX,1.1(d)(xi),Servicios de asistencia,Servicios de asistencia disponibles.,ANEXO 1.1(d)(xi),,2026-09-26 23:39:57.972309
EU-2017-1926-ANNEX-1.1-E,EU-REG-2017-1926,ANNEX_GROUP,,,ANNEX,1.1(e),Redes para cálculo de planes de viaje,,ANEXO 1.1(e),,2026-09-26 23:39:57.974306
EU-2017-1926-ANNEX-1.1-E-I,EU-REG-2017-1926,DATA_ELEMENT,,,ANNEX,1.1(e)(i),Red de carreteras,"Red de carreteras, incluidos carriles separados para autobús o taxi.",ANEXO 1.1(e)(i),,2026-09-26 23:39:57.974306
EU-2017-1926-ANNEX-1.1-E-II,EU-REG-2017-1926,DATA_ELEMENT,,,ANNEX,1.1(e)(ii),Red para bicicletas,Red para bicicletas y sus diferentes tipos de infraestructura compartida o segregada.,ANEXO 1.1(e)(ii),,2026-09-26 23:39:57.974306
EU-2017-1926-ANNEX-1.1-E-III,EU-REG-2017-1926,DATA_ELEMENT,,,ANNEX,1.1(e)(iii),Red para peatones e instalaciones de accesibilidad,Red para peatones e instalaciones de accesibilidad.,ANEXO 1.1(e)(iii),,2026-09-26 23:39:57.974306
EU-2017-1926-ANNEX-1.2,EU-REG-2017-1926,ANNEX_LEVEL,,,ANNEX,1.2,Nivel de servicio 2,,ANEXO 1.2,,2026-09-26 23:36:04.13036
EU-2017-1926-ANNEX-1.2-A,EU-REG-2017-1926,ANNEX_GROUP,,,1.2,1.2(a),Búsqueda de ubicación — transporte a demanda y transporte personal,Búsqueda de ubicación para transporte a demanda y transporte personal.,Annex 1.2(a),Normalized description from consolidated Annex.,2026-09-26 23:57:08.865695
EU-2017-1926-ANNEX-1.2-A-I,EU-REG-2017-1926,DATA_ELEMENT,,,1.2,1.2(a)(i),Ubicación de plazas de estacionamiento,"Ubicación de plazas de estacionamiento en vía pública y fuera de ella, incluidas plazas accesibles para personas con discapacidad y movilidad reducida.",Annex 1.2(a)(i),Normalized description from consolidated Annex.,2026-09-26 23:57:08.865695
EU-2017-1926-ANNEX-1.2-A-II,EU-REG-2017-1926,DATA_ELEMENT,,,1.2,1.2(a)(ii),Paradas Park & Ride,Localización de paradas o instalaciones Park & Ride.,Annex 1.2(a)(ii),Normalized description from consolidated Annex.,2026-09-26 23:57:08.865695
EU-2017-1926-ANNEX-1.2-A-III,EU-REG-2017-1926,DATA_ELEMENT,,,1.2,1.2(a)(iii),Paradas Park & Drive,Localización de paradas o instalaciones Park & Drive.,Annex 1.2(a)(iii),Normalized description from consolidated Annex.,2026-09-26 23:57:08.865695
EU-2017-1926-ANNEX-1.2-A-IV,EU-REG-2017-1926,DATA_ELEMENT,,,1.2,1.2(a)(iv),Estaciones de bicicletas compartidas,Localización de estaciones de bicicletas compartidas.,Annex 1.2(a)(iv),Normalized description from consolidated Annex.,2026-09-26 23:57:08.865695
EU-2017-1926-ANNEX-1.2-A-V,EU-REG-2017-1926,DATA_ELEMENT,,,1.2,1.2(a)(v),Estaciones de coches compartidos,Localización de estaciones de coches compartidos.,Annex 1.2(a)(v),Normalized description from consolidated Annex.,2026-09-26 23:57:08.865695
EU-2017-1926-ANNEX-1.2-A-VI,EU-REG-2017-1926,DATA_ELEMENT,,,1.2,1.2(a)(vi),Estacionamiento seguro para bicicletas,"Localización de estacionamiento seguro para bicicletas, como garajes cerrados.",Annex 1.2(a)(vi),Normalized description from consolidated Annex.,2026-09-26 23:57:08.865695
EU-2017-1926-ANNEX-1.2-A-VII,EU-REG-2017-1926,DATA_ELEMENT,,,1.2,1.2(a)(vii),Zonas de estacionamiento de patinetes,Localización de zonas de estacionamiento de patinetes.,Annex 1.2(a)(vii),Normalized description from consolidated Annex.,2026-09-26 23:57:08.865695
EU-2017-1926-ANNEX-1.2-B,EU-REG-2017-1926,ANNEX_GROUP,,,1.2,1.2(b),Servicio de información,Información relativa a adquisición de billetes y pago de estacionamiento.,Annex 1.2(b),Normalized description from consolidated Annex.,2026-09-26 23:57:08.865695
EU-2017-1926-ANNEX-1.2-B-I,EU-REG-2017-1926,DATA_ELEMENT,,,1.2,1.2(b)(i),Dónde y cómo comprar billetes,"Dónde y cómo comprar billetes para transporte programado, incluidos canales de venta, métodos de entrega y métodos de pago.",Annex 1.2(b)(i),Normalized description from consolidated Annex.,2026-09-26 23:57:08.865695
EU-2017-1926-ANNEX-1.2-B-II,EU-REG-2017-1926,DATA_ELEMENT,,,1.2,1.2(b)(ii),Dónde y cómo pagar el estacionamiento,"Dónde y cómo pagar el estacionamiento, incluidos canales de venta, métodos de entrega y métodos de pago.",Annex 1.2(b)(ii),Normalized description from consolidated Annex.,2026-09-26 23:57:08.865695
EU-2017-1926-ANNEX-1.2-C,EU-REG-2017-1926,ANNEX_GROUP,,,1.2,1.2(c),Información auxiliar,Información auxiliar para transporte programado y transporte a demanda cuando resulte pertinente.,Annex 1.2(c),Normalized description from consolidated Annex.,2026-09-26 23:57:08.865695
EU-2017-1926-ANNEX-1.2-C-I,EU-REG-2017-1926,DATA_ELEMENT,,,1.2,1.2(c)(i),Tarifas estándar comunes básicas,"Datos de red tarifaria y estructuras tarifarias estándar, incluidas zonas, paradas, etapas tarifarias y tarifas punto a punto, diarias, semanales, zonales o planas.",Annex 1.2(c)(i),Normalized description from consolidated Annex.,2026-09-26 23:57:08.865695
EU-2017-1926-ANNEX-1.2-C-II,EU-REG-2017-1926,DATA_ELEMENT,,,1.2,1.2(c)(ii),Equipamiento de los vehículos,"Equipamiento del vehículo, incluidas clases de transporte, Wi-Fi a bordo, capacidad y condiciones de acceso para bicicletas.",Annex 1.2(c)(ii),Normalized description from consolidated Annex.,2026-09-26 23:57:08.865695
EU-2017-1926-ANNEX-1.3,EU-REG-2017-1926,ANNEX_LEVEL,,,ANNEX,1.3,Nivel de servicio 3,,ANEXO 1.3,,2026-09-26 23:36:04.13036
EU-2017-1926-ANNEX-1.3-A,EU-REG-2017-1926,ANNEX_GROUP,,,1.3,1.3(a),Consulta detallada de tarifas normales comunes y tarifas especiales,Consulta detallada de tarifas normales comunes y tarifas especiales para transporte programado y transporte a la demanda cuando proceda.,Annex 1.3(a),Normalized description from consolidated Annex.,2026-09-26 23:58:50.713864
EU-2017-1926-ANNEX-1.3-A-I,EU-REG-2017-1926,DATA_ELEMENT,,,1.3,1.3(a)(i),Clases de pasajeros,"Clases de pasajeros, condiciones de cualificación y clases de viaje.",Annex 1.3(a)(i),Normalized description from consolidated Annex.,2026-09-26 23:58:50.713864
EU-2017-1926-ANNEX-1.3-A-II,EU-REG-2017-1926,DATA_ELEMENT,,,1.3,1.3(a)(ii),Productos tarifarios comunes,"Productos tarifarios comunes: derechos de acceso, elegibilidad, condiciones básicas de uso y precios estándar.",Annex 1.3(a)(ii),Normalized description from consolidated Annex.,2026-09-26 23:58:50.713864
EU-2017-1926-ANNEX-1.3-A-III,EU-REG-2017-1926,DATA_ELEMENT,,,1.3,1.3(a)(iii),Productos tarifarios especiales,"Productos tarifarios con condiciones especiales, como promociones, grupos, abonos, productos agregados y productos suplementarios.",Annex 1.3(a)(iii),Normalized description from consolidated Annex.,2026-09-26 23:58:50.713864
EU-2017-1926-ANNEX-1.3-A-IV,EU-REG-2017-1926,DATA_ELEMENT,,,1.3,1.3(a)(iv),Condiciones comerciales básicas,"Condiciones comerciales básicas, como reembolso, sustitución, cambio o transferencia.",Annex 1.3(a)(iv),Normalized description from consolidated Annex.,2026-09-26 23:58:50.713864
EU-2017-1926-ANNEX-1.3-A-V,EU-REG-2017-1926,DATA_ELEMENT,,,1.3,1.3(a)(v),Condiciones básicas de reserva,"Condiciones básicas de reserva: ventanas de compra, períodos de validez, restricciones de itinerario, secuencias zonales y estancia mínima.",Annex 1.3(a)(v),Normalized description from consolidated Annex.,2026-09-26 23:58:50.713864
EU-2017-1926-ANNEX-1.3-B,EU-REG-2017-1926,ANNEX_GROUP,,,1.3,1.3(b),Servicio de información para transporte a la demanda,Información sobre cómo reservar servicios de transporte a la demanda.,Annex 1.3(b),Normalized description from consolidated Annex.,2026-09-26 23:58:50.713864
EU-2017-1926-ANNEX-1.3-B-I,EU-REG-2017-1926,DATA_ELEMENT,,,1.3,1.3(b)(i),Reserva de transporte a la demanda,"Cómo reservar servicios de transporte a la demanda, incluidos canales minoristas, métodos de ejecución y métodos de pago.",Annex 1.3(b),"Normalized terminal data element. The legal Annex expresses this content directly under point (b), without a numbered subpoint.",2026-09-26 23:58:50.713864
EU-2017-1926-ANNEX-1.3-C,EU-REG-2017-1926,ANNEX_GROUP,,,1.3,1.3(c),Planes de viaje,Datos adicionales utilizados en planes de viaje.,Annex 1.3(c),Normalized description from consolidated Annex.,2026-09-26 23:58:50.713864
EU-2017-1926-ANNEX-1.3-C-I,EU-REG-2017-1926,DATA_ELEMENT,,,1.3,1.3(c)(i),Características detalladas de la red ciclista,"Características detalladas de la red ciclista, como firme, circulación en paralelo, superficies compartidas y restricciones de giro o acceso.",Annex 1.3(c)(i),Normalized description from consolidated Annex.,2026-09-26 23:58:50.713864
EU-2017-1926-ANNEX-1.3-C-II,EU-REG-2017-1926,DATA_ELEMENT,,,1.3,1.3(c)(ii),Parámetros para calcular factores medioambientales,"Parámetros necesarios para calcular factores medioambientales, como emisiones de gases de efecto invernadero.",Annex 1.3(c)(ii),Normalized description from consolidated Annex.,2026-09-26 23:58:50.713864
EU-2017-1926-ANNEX-1.3-C-III,EU-REG-2017-1926,DATA_ELEMENT,,,1.3,1.3(c)(iii),Parámetros para calcular el consumo de combustible,Parámetros necesarios para calcular el consumo de combustibles convencionales y alternativos.,Annex 1.3(c)(iii),Normalized description from consolidated Annex.,2026-09-26 23:58:50.713864
EU-2017-1926-ANNEX-1.3-D,EU-REG-2017-1926,ANNEX_GROUP,,,1.3,1.3(d),Cálculo de planes de viaje,Cálculo de planes de viaje mediante tiempos de viaje estimados.,Annex 1.3(d),Normalized description from consolidated Annex.,2026-09-26 23:58:50.713864
EU-2017-1926-ANNEX-1.3-D-I,EU-REG-2017-1926,DATA_ELEMENT,,,1.3,1.3(d)(i),Tiempos de viaje estimados,"Tiempos de viaje estimados por tipo de día, franja horaria y modo o combinación de modos de transporte.",Annex 1.3(d),"Normalized terminal data element. The legal Annex expresses this content directly under point (d), without a numbered subpoint.",2026-09-26 23:58:50.713864
EU-2017-1926-ANNEX-1.4,EU-REG-2017-1926,ANNEX_LEVEL,,,ANNEX,1.4,Nivel de servicio 4,,ANEXO 1.4,,2026-09-26 23:36:04.13036
EU-2017-1926-ANNEX-1.4-A,EU-REG-2017-1926,DATA_ELEMENT,,,1.4,1.4(a),Datos históricos de desplazamientos y tráfico sobre retrasos,Datos históricos de desplazamientos y tráfico sobre retrasos para transporte programado y transporte a la demanda cuando proceda.,Annex 1.4(a),Normalized description from consolidated Annex.,2026-09-27 00:00:27.044583
EU-2017-1926-ANNEX-1.4-B,EU-REG-2017-1926,ANNEX_GROUP,,,1.4,1.4(b),Datos observados sobre retrasos y tiempos de paso,Datos observados sobre retrasos y tiempos de paso para transporte programado.,Annex 1.4(b),Normalized description from consolidated Annex.,2026-09-27 00:00:27.044583
EU-2017-1926-ANNEX-1.4-B-I,EU-REG-2017-1926,DATA_ELEMENT,,,1.4,1.4(b)(i),Retrasos ferroviarios de al menos 60 minutos,"Duración y, cuando sea posible, motivo de los retrasos de al menos 60 minutos en servicios ferroviarios de viajeros.",Annex 1.4(b)(i),Threshold linked by the Regulation to Regulation (EU) 2021/782.,2026-09-27 00:00:27.044583
EU-2017-1926-ANNEX-1.4-B-II,EU-REG-2017-1926,DATA_ELEMENT,,,1.4,1.4(b)(ii),Retrasos marítimos y por vías navegables superiores a 90 minutos,"Duración y, cuando sea posible, motivo de los retrasos en la salida superiores a 90 minutos en servicios de pasajeros por mar y vías navegables interiores.",Annex 1.4(b)(ii),Threshold linked by the Regulation to Regulation (EU) No 1177/2010.,2026-09-27 00:00:27.044583
EU-2017-1926-ANNEX-1.4-B-III,EU-REG-2017-1926,DATA_ELEMENT,,,1.4,1.4(b)(iii),Retrasos de autobús y autocar superiores a 120 minutos,"Duración y, cuando sea posible, motivo de los retrasos en la salida desde una terminal superiores a 120 minutos para servicios regulares de autobús y autocar con distancia programada de 250 km o más.",Annex 1.4(b)(iii),Threshold linked by the Regulation to Regulation (EU) No 181/2011.,2026-09-27 00:00:27.044583
EU-2017-1926-ANNEX-1.4-B-IV,EU-REG-2017-1926,DATA_ELEMENT,,,1.4,1.4(b)(iv),Retrasos de vuelos,"Duración y, cuando sea posible, motivo de retrasos de vuelos en salida de al menos 120 minutos y en llegada de al menos 180 minutos.",Annex 1.4(b)(iv),Threshold linked by the Regulation to Regulation (EC) No 261/2004.,2026-09-27 00:00:27.044583
EU-2017-1926-ANNEX-1.4-C,EU-REG-2017-1926,ANNEX_GROUP,,,1.4,1.4(c),Datos observados sobre cancelaciones,Datos observados sobre cancelaciones para transporte programado.,Annex 1.4(c),Normalized description from consolidated Annex.,2026-09-27 00:00:27.044583
EU-2017-1926-ANNEX-1.4-C-I,EU-REG-2017-1926,DATA_ELEMENT,,,1.4,1.4(c)(i),Cancelaciones ferroviarias,"Cancelaciones y, cuando sea posible, motivo de la cancelación de servicios ferroviarios de viajeros.",Annex 1.4(c)(i),Normalized description from consolidated Annex.,2026-09-27 00:00:27.044583
EU-2017-1926-ANNEX-1.4-C-II,EU-REG-2017-1926,DATA_ELEMENT,,,1.4,1.4(c)(ii),Cancelaciones marítimas y por vías navegables,"Cancelaciones y, cuando sea posible, motivo de servicios de pasajeros por mar y vías navegables interiores.",Annex 1.4(c)(ii),Normalized description from consolidated Annex.,2026-09-27 00:00:27.044583
EU-2017-1926-ANNEX-1.4-C-III,EU-REG-2017-1926,DATA_ELEMENT,,,1.4,1.4(c)(iii),Cancelaciones de autobús y autocar,"Cancelaciones y, cuando sea posible, motivo de servicios regulares de autobús y autocar con distancia programada de 250 km o más.",Annex 1.4(c)(iii),Normalized description from consolidated Annex.,2026-09-27 00:00:27.044583
EU-2017-1926-ANNEX-1.4-C-IV,EU-REG-2017-1926,DATA_ELEMENT,,,1.4,1.4(c)(iv),Cancelaciones de vuelos,"Cancelaciones y, cuando sea posible, motivo de cancelación de vuelos.",Annex 1.4(c)(iv),Normalized description from consolidated Annex.,2026-09-27 00:00:27.044583
EU-2017-1926-ANNEX-1.4-D,EU-REG-2017-1926,DATA_ELEMENT,,,1.4,1.4(d),Información sobre tarifas de estacionamiento,Información sobre tarifas de estacionamiento.,Annex 1.4(d),Terminal legal element.,2026-09-27 00:00:27.044583
EU-2017-1926-ANNEX-2,EU-REG-2017-1926,ANNEX_SECTION,,,ANNEX,2,Tipos de datos dinámicos de desplazamientos y tráfico,,ANEXO 2,,2026-09-26 23:36:04.13036
EU-2017-1926-ANNEX-2.1,EU-REG-2017-1926,ANNEX_LEVEL,,,ANNEX,2.1,Nivel de servicio 1,,ANEXO 2.1,,2026-09-26 23:36:04.13036
EU-2017-1926-ANNEX-2.1-I,EU-REG-2017-1926,DATA_ELEMENT,,,2.1,2.1(i),Perturbaciones,"Perturbaciones, como cierres de redes o desvíos y, cuando sea posible, el motivo de la perturbación.",Annex 2.1(i),Normalized description from consolidated Annex.,2026-09-27 00:02:39.145248
EU-2017-1926-ANNEX-2.1-II,EU-REG-2017-1926,DATA_ELEMENT,,,2.1,2.1(ii),Información sobre la situación en tiempo real,"Información sobre la situación en tiempo real, como horas estimadas de salida y llegada de los servicios, retrasos, anulaciones y seguimiento de correspondencias garantizadas.",Annex 2.1(ii),Normalized description from consolidated Annex.,2026-09-27 00:02:39.145248
EU-2017-1926-ANNEX-2.1-III,EU-REG-2017-1926,DATA_ELEMENT,,,2.1,2.1(iii),Estado de los servicios en los nodos de acceso,"Estado de los servicios en los nodos de acceso, incluida información dinámica sobre andenes, ascensores o escaleras mecánicas en funcionamiento y entradas y salidas cerradas, para los transportes programados.",Annex 2.1(iii),Normalized description from consolidated Annex.,2026-09-27 00:02:39.145248
EU-2017-1926-ANNEX-2.2,EU-REG-2017-1926,ANNEX_LEVEL,,,ANNEX,2.2,Nivel de servicio 2,,ANEXO 2.2,,2026-09-26 23:36:04.13036
EU-2017-1926-ANNEX-2.2-A,EU-REG-2017-1926,DATA_ELEMENT,,,2.2,2.2(a),Información sobre tarifas de estacionamiento,Servicio de información sobre tarifas de estacionamiento para transporte a la demanda y transporte personal.,Annex 2.2(a),Terminal legal element. Normalized description from consolidated Annex.,2026-09-27 00:04:19.014761
EU-2017-1926-ANNEX-2.2-B,EU-REG-2017-1926,ANNEX_GROUP,,,2.2,2.2(b),Consulta de disponibilidad y localización,Consulta de disponibilidad y localización para transporte a la demanda y transporte personal cuando proceda.,Annex 2.2(b),Normalized description from consolidated Annex.,2026-09-27 00:04:19.014761
EU-2017-1926-ANNEX-2.2-B-I,EU-REG-2017-1926,DATA_ELEMENT,,,2.2,2.2(b)(i),Disponibilidad y localización de vehículos compartidos,"Disponibilidad y localización de coches compartidos, bicicletas compartidas, patinetes compartidos y otros vehículos compartidos.",Annex 2.2(b)(i),Normalized description from consolidated Annex.,2026-09-27 00:04:19.014761
EU-2017-1926-ANNEX-2.2-B-II,EU-REG-2017-1926,DATA_ELEMENT,,,2.2,2.2(b)(ii),Plazas de estacionamiento disponibles,"Plazas de estacionamiento disponibles, tanto en vía pública como fuera de ella.",Annex 2.2(b)(ii),Normalized description from consolidated Annex.,2026-09-27 00:04:19.014761
EU-2017-1926-ANNEX-2.3,EU-REG-2017-1926,ANNEX_LEVEL,,,ANNEX,2.3,Nivel de servicio 3 - Información sobre ocupación del vehículo,"Información sobre la ocupación del vehículo para el transporte programado y el transporte a la demanda, cuando proceda.",Annex 2.3,Terminal ANNEX_LEVEL: the legal source contains the substantive data category directly at point 2.3 and has no child subparagraphs.,2026-09-26 23:36:04.13036
EU-2017-1926-ART01,EU-REG-2017-1926,ARTICLE,1,,,,Objeto y ámbito de aplicación,,Artículo 1,Estructura jurídica del texto consolidado 04/03/2024,2026-09-26 23:36:04.13036
EU-2017-1926-ART02,EU-REG-2017-1926,ARTICLE,2,,,,Definiciones,,Artículo 2,Estructura jurídica del texto consolidado 04/03/2024,2026-09-26 23:36:04.13036
EU-2017-1926-ART03,EU-REG-2017-1926,ARTICLE,3,,,,Puntos de acceso nacionales,,Artículo 3,Estructura jurídica del texto consolidado 04/03/2024,2026-09-26 23:36:04.13036
EU-2017-1926-ART04,EU-REG-2017-1926,ARTICLE,4,,,,"Accesibilidad, intercambio y reutilización de datos estáticos, históricos y observados",,Artículo 4,Estructura jurídica del texto consolidado 04/03/2024,2026-09-26 23:36:04.13036
EU-2017-1926-ART05,EU-REG-2017-1926,ARTICLE,5,,,,"Accesibilidad, intercambio y reutilización de datos dinámicos",,Artículo 5,Estructura jurídica del texto consolidado 04/03/2024,2026-09-26 23:36:04.13036
EU-2017-1926-ART06,EU-REG-2017-1926,ARTICLE,6,,,,Actualizaciones de datos,,Artículo 6,Estructura jurídica del texto consolidado 04/03/2024,2026-09-26 23:36:04.13036
EU-2017-1926-ART07,EU-REG-2017-1926,ARTICLE,7,,,,Conexión de servicios de información sobre desplazamientos,,Artículo 7,Estructura jurídica del texto consolidado 04/03/2024,2026-09-26 23:36:04.13036
EU-2017-1926-ART08,EU-REG-2017-1926,ARTICLE,8,,,,Requisitos para la reutilización de datos y conexión de servicios,,Artículo 8,Estructura jurídica del texto consolidado 04/03/2024,2026-09-26 23:36:04.13036
EU-2017-1926-ART09,EU-REG-2017-1926,ARTICLE,9,,,,Evaluación del cumplimiento,,Artículo 9,Estructura jurídica del texto consolidado 04/03/2024,2026-09-26 23:36:04.13036
EU-2017-1926-ART10,EU-REG-2017-1926,ARTICLE,10,,,,Presentación de informes,,Artículo 10,Estructura jurídica del texto consolidado 04/03/2024,2026-09-26 23:36:04.13036
EU-2017-1926-ART11,EU-REG-2017-1926,ARTICLE,11,,,,Entrada en vigor,,Artículo 11,Estructura jurídica del texto consolidado 04/03/2024,2026-09-26 23:36:04.13036
