"artifact","sha256"
"transit_compliance.duckdb_before_phase2","52CA421C349D4BE85764E84AE1CD08750BBFEE99BBC8424A8379AE60A4B0FEC5"
"PHASE_1_SOURCE_DOCUMENTS.csv","820DC0DAFAE8A6770E4C7EB0668DFB49BCEEBDFCAFFC9E797AA1D0230AB1109E"
"PHASE_1_SOURCE_PROVISIONS.csv","0B12A7F59E901C50827C707ED888949C304DE5254D92885DBB67EB9DB4121C36"
"PHASE_1_SOURCE_RELATIONSHIPS.csv","0104FA13B1A99A0C2F7E5C98ACA22190C4EC01A1AEFA789442C7AE1BD4457AF7"
"legal_source:ES-LAW-9-2025","ba40df196ab7bf2ad74b840784b268cd8e75d213533d6aafdcd8c72c0386048c"
"legal_source:EU-DIR-2010-40","832deb51ce828b65c6e1b951bdae57194769838d47a0cd3013cc28f1bd420e58"
"legal_source:EU-DIR-2023-2661","d9a1a3fb35ae1db13861f8f9c32085bd2f9375d55eb74f979f0c912f86e133ab"
"legal_source:EU-REG-2011-454","8daa0f6f9aa6adc52f3b335d551ee2bf5d3c4572b51a9eb69bbad245f8847f14"
"legal_source:EU-REG-2014-1305","0ab0d946f518cc486a3dc2740865eedd5e616048f5ca674fe1b5de18f6137264"
"legal_source:EU-REG-2017-1926","0a91ab5ffcf0466d588da8a8db7f7e7ed6d97b4d64576c31e083610fcd5b08d5"
"legal_source:EU-REG-2024-1679","73b34f389d4493b62f553d28c740ee499b8feb1d7534dd1356efd9502d669c15"
"legal_source:EU-REG-2024-490","853f3cacdb5c5d4751c36b3938cdd20929a33c83cfe195679c3309fdbbd31eaf"
"legal_source:EU-REG-IMPL-2026-1554","873bd419ebc3769f1d93e466767e971fd25c40caff2c768f98093654f70334e0"
"legal_source:EU-REG-IMPL-2026-253","eb6bfd69199d226758f6940896e0dd5c68ca15b1bf1f18f069827fa1d73de42f"
