document_id,jurisdiction,authority,document_type,title,identifier,celex,boe_id,publication_date,effective_date,consolidated_date,status,language,official_url,local_file,source_hash,notes,created_at
ES-LAW-9-2025,ES,Jefatura del Estado,LAW,"Ley 9/2025, de 3 de diciembre, de Movilidad Sostenible",Ley 9/2025,,,,,,CONSOLIDATED,ES,https://www.boe.es/eli/es/l/2025/12/03/9/con,Spain/01_Primary_Law/Ley_9_2025/Ley_9_2025_CONSOLIDATED_2026-03-21.pdf,ba40df196ab7bf2ad74b840784b268cd8e75d213533d6aafdcd8c72c0386048c,,2026-09-26 23:27:07.305134
EU-DIR-2010-40,EU,European Union,DIRECTIVE,Directive 2010/40/EU,2010/40/EU,02010L0040-20231220,,,,,CONSOLIDATED,ES,https://eur-lex.europa.eu/eli/dir/2010/40/2023-12-20,EU/01_Primary_Law/Directive_2010_40_EU/Directive_2010_40_EU_CONSOLIDATED_2023-12-20_ES.pdf,832deb51ce828b65c6e1b951bdae57194769838d47a0cd3013cc28f1bd420e58,,2026-09-26 23:27:07.305134
EU-DIR-2023-2661,EU,European Union,DIRECTIVE,Directive (EU) 2023/2661,2023/2661,32023L2661,,,,,ORIGINAL,ES,https://eur-lex.europa.eu/eli/dir/2023/2661/oj,EU/01_Primary_Law/Directive_2023_2661/Directive_EU_2023_2661_ES.pdf,d9a1a3fb35ae1db13861f8f9c32085bd2f9375d55eb74f979f0c912f86e133ab,,2026-09-26 23:27:07.305134
EU-REG-2011-454,EU,European Commission,REGULATION,Commission Regulation (EU) No 454/2011 - TAP TSI,454/2011,32011R0454,,,,2019-06-16,REPEALED,ES,https://eur-lex.europa.eu/legal-content/ES/TXT/?uri=CELEX:02011R0454-20190616,EU/01_Primary_Law/Historical/Regulation_454_2011/Regulation_454_2011_CONSOLIDATED_2019-06-16_ES.pdf,8daa0f6f9aa6adc52f3b335d551ee2bf5d3c4572b51a9eb69bbad245f8847f14,Historical reference. Repealed by Implementing Regulation (EU) 2026/253.,2026-09-26 23:51:53.078052
EU-REG-2014-1305,EU,European Commission,REGULATION,Commission Regulation (EU) No 1305/2014 - TAF TSI,1305/2014,32014R1305,,,,2021-04-18,REPEALED,ES,https://eur-lex.europa.eu/legal-content/ES/TXT/?uri=CELEX:02014R1305-20210418,EU/01_Primary_Law/Historical/Regulation_1305_2014/Regulation_1305_2014_CONSOLIDATED_2021-04-18_ES.pdf,0ab0d946f518cc486a3dc2740865eedd5e616048f5ca674fe1b5de18f6137264,Historical reference. Repealed by Implementing Regulation (EU) 2026/253.,2026-09-26 23:51:53.078052
EU-REG-2017-1926,EU,European Commission,DELEGATED_REGULATION,Commission Delegated Regulation (EU) 2017/1926,2017/1926,02017R1926-20240304,,,,,CONSOLIDATED,ES,https://eur-lex.europa.eu/eli/reg_del/2017/1926/2024-03-04,EU/01_Primary_Law/Regulation_2017_1926/Regulation_2017_1926_CONSOLIDATED_2024-03-04_ES.pdf,0a91ab5ffcf0466d588da8a8db7f7e7ed6d97b4d64576c31e083610fcd5b08d5,,2026-09-26 23:27:07.305134
EU-REG-2024-1679,EU,European Parliament and Council,REGULATION,Regulation (EU) 2024/1679 on Union guidelines for the development of the trans-European transport network,2024/1679,32024R1679,,2024-06-28,2024-07-18,,IN_FORCE,ES,https://eur-lex.europa.eu/eli/reg/2024/1679/oj,C:/Users/yeiso/Desktop/Folder/VSCode/Proyectos/Transit Data Lab/03_Compliance/EU/01_Primary_Law/Regulation_2024_1679/Regulation_EU_2024_1679_ES.pdf,73b34f389d4493b62f553d28c740ee499b8feb1d7534dd1356efd9502d669c15,TEN-T framework. Relevant to urban nodes and urban mobility data.,2026-09-26 23:51:53.078052
EU-REG-2024-490,EU,European Commission,DELEGATED_REGULATION,Commission Delegated Regulation (EU) 2024/490,2024/490,32024R0490,,,,,ORIGINAL,ES,https://eur-lex.europa.eu/eli/reg_del/2024/490/oj,EU/01_Primary_Law/Regulation_2024_490/Regulation_2024_490_ES.pdf,853f3cacdb5c5d4751c36b3938cdd20929a33c83cfe195679c3309fdbbd31eaf,,2026-09-26 23:27:07.305134
EU-REG-IMPL-2026-1554,EU,European Commission,IMPLEMENTING_REGULATION,Commission Implementing Regulation (EU) 2026/1554 on collection and submission of urban mobility data per urban node,2026/1554,32026R1554,,2026-07-10,2026-07-30,,IN_FORCE,ES,https://eur-lex.europa.eu/eli/reg_impl/2026/1554/oj,C:/Users/yeiso/Desktop/Folder/VSCode/Proyectos/Transit Data Lab/03_Compliance/EU/01_Primary_Law/Regulation_2026_1554/Implementing_Regulation_EU_2026_1554_ES.pdf,873bd419ebc3769f1d93e466767e971fd25c40caff2c768f98093654f70334e0,"Urban mobility data: sustainability, safety and accessibility. Implements Regulation (EU) 2024/1679.",2026-09-26 23:51:53.078052
EU-REG-IMPL-2026-253,EU,European Commission,IMPLEMENTING_REGULATION,Commission Implementing Regulation (EU) 2026/253 on interoperability of data sharing in rail transport (TEL TSI),2026/253,32026R0253,,2026-02-10,2026-03-01,,IN_FORCE,ES,https://eur-lex.europa.eu/eli/reg_impl/2026/253/oj,C:/Users/yeiso/Desktop/Folder/VSCode/Proyectos/Transit Data Lab/03_Compliance/EU/01_Primary_Law/Regulation_2026_253/Implementing_Regulation_EU_2026_253_ES.pdf,eb6bfd69199d226758f6940896e0dd5c68ca15b1bf1f18f069827fa1d73de42f,TEL TSI. Rail telematics and interoperability of data sharing.,2026-09-26 23:51:53.078052
