path,sha256,bytes
03_Compliance/reports/phase_2/materialization/CONTROLLED_TRANSACTION.sql,353d1480351d4772ba736e2c671e77699f39982e977bb6dd3ce7f7ae61e0b6be,719497
03_Compliance/reports/phase_2/materialization/DATABASE_AFTER.json,dd1371569a13ce7b32a382b7e68662e74e5b44dbb7158f95b75bbec960ed974f,416410
03_Compliance/reports/phase_2/materialization/DATABASE_BEFORE.json,5591fa4eda0013f84301f4def73b20515c00d967ce20eb304db710f98b2fef8d,181308
03_Compliance/reports/phase_2/materialization/DEADLINE_MATERIALIZATION_PLAN.csv,6e836d8641548433d0d8eab53e81eae61ba53966f0a9a33d0564cf7f73948faf,5370
03_Compliance/reports/phase_2/materialization/DEADLINES_AFTER.csv,53f9ff28329a3b3492e34b192f2a675ecbb4c53cc2947a4e0705770a79f36a3a,6761
03_Compliance/reports/phase_2/materialization/DEADLINES_BEFORE.csv,a809c5233faee599f7632eda4fd6d920f2c54de8a35a84ac84cda8a627257ac3,482
03_Compliance/reports/phase_2/materialization/DISCOVERED_SCHEMA.json,10e627695efb769481587f67fff6aebf50f12c8cec0b70b0b187541cc06c0821,6913
03_Compliance/reports/phase_2/materialization/EXECUTION_NOTES.md,1e9b71b67ca16fd09b49426a1e261d46695987995444e1397553d35764570d16,1290
03_Compliance/reports/phase_2/materialization/EXISTING_REQUIREMENTS_RECONCILIATION.json,7fa7a57ce8251ad3aa092a47759bc29120090badde53e8fe3da476f32eb2e14d,3430
03_Compliance/reports/phase_2/materialization/FINAL_RESULT.json,5f03c34af01c794c79278110c09c3d305b614716b8fc4210cb8b4b752ebf91cd,10389
03_Compliance/reports/phase_2/materialization/GIT_STATUS_AFTER.txt,692753effeb8fdcae10e2e074ca0d547509874a95512c06ad37d317036a29db6,127
03_Compliance/reports/phase_2/materialization/GIT_STATUS_BEFORE.txt,692753effeb8fdcae10e2e074ca0d547509874a95512c06ad37d317036a29db6,127
03_Compliance/reports/phase_2/materialization/MATERIALIZATION_POST_WRITE_STATE.json,01c4732bba05217880f258c31378d84b6af090294f8f79ea49e4b440e9c94e09,2565
03_Compliance/reports/phase_2/materialization/MATERIALIZATION_PRE_WRITE_STATE.json,5edc5f88a22cf6669dac56df1edfe6aad4263ccf985c88478b08bd6375227f13,3296
03_Compliance/reports/phase_2/materialization/materialize_requirements.py,418b49b3123a071138687416f87ae7b149d45abc59c0d6294e7c1694e929ff06,27040
03_Compliance/reports/phase_2/materialization/MATERIALIZED_REQUIREMENT_UNIVERSE.csv,d8a440155c1f68a68c39c0079db602951d647f903cd2ccd5107d9446e06e20cc,8820
03_Compliance/reports/phase_2/materialization/PHASE_2_REQUIREMENTS_DATABASE_DELTA.md,387fe2a483cebdd3c92e4338837467008ad1ec78024e6f3d170a3f7bfd329e0b,3082
03_Compliance/reports/phase_2/materialization/PHASE_2_REQUIREMENTS_MATERIALIZATION.md,54c5a374ba735490b8adabbb71e3aef7812e0ff21b40ad987a3fe2909605f016,8125
03_Compliance/reports/phase_2/materialization/PRE_WRITE_DATABASE_BACKUP.duckdb,0c119b4a75e6a0e7954480675cc625659fe65a1878f46dae1e496e0790d8ffec,11022336
03_Compliance/reports/phase_2/materialization/PREPARED_INSERTS.json,5127a6aa5110d9ad6cb24ade402b29cda1dbbb6d1558ed8392d83bedd600752c,236358
03_Compliance/reports/phase_2/materialization/PROTECTED_FILE_HASHES.json,050f5b2064a67c52abd9d330410bc39b1975e6944175307b34e9d37cf86bc577,36308
03_Compliance/reports/phase_2/materialization/REQUIREMENT_ID_MAP.csv,cc030237c1b1111144c2f83ae1a027fd18aba59502b7bd71c2de0a31d5bd9df2,5823
03_Compliance/reports/phase_2/materialization/REQUIREMENTS_AFTER.csv,e71c2c422bed593400b29f9de6d24e5e592cb24c56a3ca3371bbe2bb644578b0,188404
03_Compliance/reports/phase_2/materialization/REQUIREMENTS_BEFORE.csv,54407ac3bc78db324cb7e29435f0e9e4020834c85458f5c616ce53654b450255,1982
03_Compliance/reports/phase_2/materialization/REQUIREMENTS_MATERIALIZATION_DRY_RUN.md,05714313754a9833980e44643e839b8d4aecbdff6b380d773770420e3b74c4a1,1111
03_Compliance/reports/phase_2/materialization/REQUIREMENTS_MATERIALIZATION_INPUT.csv,547ab74aefd34fa359b25ce4648e7188e9a68a78450bcb8736776efc5e0f2057,90083
03_Compliance/reports/phase_2/materialization/SOURCE_FACTS_AFTER.csv,576c96b8e8956f25bcfe7792b172b6ff43119ffd20b3c994bca66ba1ac6bf4a9,20820
03_Compliance/reports/phase_2/materialization/SOURCE_FACTS_BEFORE.csv,576c96b8e8956f25bcfe7792b172b6ff43119ffd20b3c994bca66ba1ac6bf4a9,20820
03_Compliance/reports/phase_2/materialization/test_eu_2017_1926_annex_1_1.exit_code.txt,5feceb66ffc86f38d952786c6d696c79c2dbc239dd4e91b46729d73a27fb57e9,1
03_Compliance/reports/phase_2/materialization/test_eu_2017_1926_annex_1_1.json,5de32ec590e58cde04b38f62772b9dbf3af2287f44013a7bc0c374ef2de7b699,655
03_Compliance/reports/phase_2/materialization/test_eu_2017_1926_annex_1_1.stderr.txt,e3b0c44298fc1c149afbf4c8996fb92427ae41e4649b934ca495991b7852b855,0
03_Compliance/reports/phase_2/materialization/test_eu_2017_1926_annex_1_2.exit_code.txt,5feceb66ffc86f38d952786c6d696c79c2dbc239dd4e91b46729d73a27fb57e9,1
03_Compliance/reports/phase_2/materialization/test_eu_2017_1926_annex_1_2.json,977de70ddf107445cee837836cf66becc8bb095588109a732569b554d2dfdaff,650
03_Compliance/reports/phase_2/materialization/test_eu_2017_1926_annex_1_2.stderr.txt,e3b0c44298fc1c149afbf4c8996fb92427ae41e4649b934ca495991b7852b855,0
03_Compliance/reports/phase_2/materialization/test_eu_2017_1926_annex_1_3.exit_code.txt,5feceb66ffc86f38d952786c6d696c79c2dbc239dd4e91b46729d73a27fb57e9,1
03_Compliance/reports/phase_2/materialization/test_eu_2017_1926_annex_1_3.json,93f2cd1c65c4b8dde8fd0df5a6a92c5d9928609b5a7039c5b5cf000da7355b12,650
03_Compliance/reports/phase_2/materialization/test_eu_2017_1926_annex_1_3.stderr.txt,e3b0c44298fc1c149afbf4c8996fb92427ae41e4649b934ca495991b7852b855,0
03_Compliance/reports/phase_2/materialization/test_eu_2017_1926_annex_1_4.exit_code.txt,5feceb66ffc86f38d952786c6d696c79c2dbc239dd4e91b46729d73a27fb57e9,1
03_Compliance/reports/phase_2/materialization/test_eu_2017_1926_annex_1_4.json,cfab0f4f70e028e553eb471d1431f3db7c52c9f32d7fa20e745b5e1a967f4bb7,650
03_Compliance/reports/phase_2/materialization/test_eu_2017_1926_annex_1_4.stderr.txt,e3b0c44298fc1c149afbf4c8996fb92427ae41e4649b934ca495991b7852b855,0
03_Compliance/reports/phase_2/materialization/test_eu_2017_1926_annex_2_1.exit_code.txt,5feceb66ffc86f38d952786c6d696c79c2dbc239dd4e91b46729d73a27fb57e9,1
03_Compliance/reports/phase_2/materialization/test_eu_2017_1926_annex_2_1.json,9cf14606ff83ab815131ad5e0a7a44f0309a51ee17971063b452f3f6a26b6ccd,646
03_Compliance/reports/phase_2/materialization/test_eu_2017_1926_annex_2_1.stderr.txt,e3b0c44298fc1c149afbf4c8996fb92427ae41e4649b934ca495991b7852b855,0
03_Compliance/reports/phase_2/materialization/test_eu_2017_1926_annex_2_2.exit_code.txt,5feceb66ffc86f38d952786c6d696c79c2dbc239dd4e91b46729d73a27fb57e9,1
03_Compliance/reports/phase_2/materialization/test_eu_2017_1926_annex_2_2.json,2df8fe31461660afa64c712ac9d74b3ba63a0283e83b749b22b6f63c54680623,646
03_Compliance/reports/phase_2/materialization/test_eu_2017_1926_annex_2_2.stderr.txt,e3b0c44298fc1c149afbf4c8996fb92427ae41e4649b934ca495991b7852b855,0
03_Compliance/reports/phase_2/materialization/test_eu_2017_1926_annex_2_3.exit_code.txt,5feceb66ffc86f38d952786c6d696c79c2dbc239dd4e91b46729d73a27fb57e9,1
03_Compliance/reports/phase_2/materialization/test_eu_2017_1926_annex_2_3.json,6bf3c19f171944782c9712518d3613cdb1ce8da3cf6f42cd35aa9530bd660453,643
03_Compliance/reports/phase_2/materialization/test_eu_2017_1926_annex_2_3.stderr.txt,e3b0c44298fc1c149afbf4c8996fb92427ae41e4649b934ca495991b7852b855,0
03_Compliance/reports/phase_2/materialization/test_eu_2017_1926_master_structure.exit_code.txt,5feceb66ffc86f38d952786c6d696c79c2dbc239dd4e91b46729d73a27fb57e9,1
03_Compliance/reports/phase_2/materialization/test_eu_2017_1926_master_structure.json,02ac43dd6325a309490f32fea0dfa80b7f46707a369b60b582ef407487294337,2587
03_Compliance/reports/phase_2/materialization/test_eu_2017_1926_master_structure.stderr.txt,e3b0c44298fc1c149afbf4c8996fb92427ae41e4649b934ca495991b7852b855,0
03_Compliance/reports/phase_2/materialization/test_phase_1_invariants.exit_code.txt,5feceb66ffc86f38d952786c6d696c79c2dbc239dd4e91b46729d73a27fb57e9,1
03_Compliance/reports/phase_2/materialization/test_phase_1_invariants.json,b35e16499b4bbd571c495eb44061ba52b707e73c529e3b5db74f48636a3ea0ac,8278
03_Compliance/reports/phase_2/materialization/test_phase_1_invariants.stderr.txt,e3b0c44298fc1c149afbf4c8996fb92427ae41e4649b934ca495991b7852b855,0
03_Compliance/reports/phase_2/materialization/test_phase_1_master.exit_code.txt,5feceb66ffc86f38d952786c6d696c79c2dbc239dd4e91b46729d73a27fb57e9,1
03_Compliance/reports/phase_2/materialization/test_phase_1_master.json,2031a6ed113f3f00f358716763a4e865abf1ef2426df2365593eaac821110275,8531
03_Compliance/reports/phase_2/materialization/test_phase_1_master.stderr.txt,e3b0c44298fc1c149afbf4c8996fb92427ae41e4649b934ca495991b7852b855,0
03_Compliance/reports/phase_2/materialization/test_phase_2_master.exit_code.txt,5feceb66ffc86f38d952786c6d696c79c2dbc239dd4e91b46729d73a27fb57e9,1
03_Compliance/reports/phase_2/materialization/test_phase_2_master.json,ca9335e00e8af2ea219cfb3c0aef3c2f9c51392a241ee32df16b469efb1547e2,2402
03_Compliance/reports/phase_2/materialization/test_phase_2_master.stderr.txt,e3b0c44298fc1c149afbf4c8996fb92427ae41e4649b934ca495991b7852b855,0
03_Compliance/reports/phase_2/materialization/test_phase_2_post_materialization_gate.exit_code.txt,5feceb66ffc86f38d952786c6d696c79c2dbc239dd4e91b46729d73a27fb57e9,1
03_Compliance/reports/phase_2/materialization/test_phase_2_post_materialization_gate.json,783745d3ed8a7a1013b3fd6ad301d52d3590fcca18e23ea86ce54c7bcf57981e,37247
03_Compliance/reports/phase_2/materialization/test_phase_2_post_materialization_gate.stderr.txt,e3b0c44298fc1c149afbf4c8996fb92427ae41e4649b934ca495991b7852b855,0
03_Compliance/reports/phase_2/materialization/test_phase_2_pre_materialization_gate.exit_code.txt,5feceb66ffc86f38d952786c6d696c79c2dbc239dd4e91b46729d73a27fb57e9,1
03_Compliance/reports/phase_2/materialization/test_phase_2_pre_materialization_gate.json,65ada2c866fd91fa97b094334eba7e0e3d6ff29f89065250d2f4b0e4be526346,4567
03_Compliance/reports/phase_2/materialization/test_phase_2_pre_materialization_gate.stderr.txt,e3b0c44298fc1c149afbf4c8996fb92427ae41e4649b934ca495991b7852b855,0
03_Compliance/reports/phase_2/materialization/TEST_RESULTS.csv,ed1a4282c0e7b7a8c15b9ac5164e4636492be1e61f3188ca7d2b14f738b2c24a,1240
03_Compliance/reports/phase_2/materialization/TRANSACTION.exit_code.txt,5feceb66ffc86f38d952786c6d696c79c2dbc239dd4e91b46729d73a27fb57e9,1
03_Compliance/reports/phase_2/materialization/TRANSACTION.json,413a26e3e06bc1a95cc459a7391ddf44e7ed5d15dc9c1f5d10660641b1e3b85e,37284
03_Compliance/reports/phase_2/materialization/TRANSACTION.stderr.txt,e3b0c44298fc1c149afbf4c8996fb92427ae41e4649b934ca495991b7852b855,0
03_Compliance/reports/phase_2/materialization/TRANSACTION_STATUS.json,84ca5add6df9f33f2aea8873f7002e922f3dbd8b670ed7788ea49abecc829f82,56
03_Compliance/sql/07_tests/phase_2/test_phase_2_post_materialization_gate.sql,974a972340fe8949d69f90f01bb7835265671d4e3ce8fb69c80daf8cb7d3cba8,523696
