final_review_id,requirement_proposal_id,requirement_id,source_document_id,source_provision_id,source_fact_id,action,human_status,materialized_status
G2-001,EU-2017-1926-PROP-A03-P01-001,EU-2017-1926-REQ-A03-P01-001,EU-REG-2017-1926,EU-2017-1926-ART03,EU-2017-1926-SF-A03-P01-ESTABLISH,REUSE_EXISTING,APPROVED_PENDING_MATERIALIZATION,PRESENT
G2-002,EU-2017-1926-PROP-A03-P01-002,EU-2017-1926-REQ-A03-P01-002,EU-REG-2017-1926,EU-2017-1926-ART03,EU-2017-1926-SF-A03-P01-SINGLE,REUSE_EXISTING,APPROVED_PENDING_MATERIALIZATION,PRESENT
G2-003,EU-2017-1926-PROP-A03-P03-001,EU-2017-1926-REQ-A03-P03-001,EU-REG-2017-1926,EU-2017-1926-ART03,EU-2017-1926-SF-A03-P03,INSERT_NEW,APPROVED_PENDING_MATERIALIZATION,PRESENT
G2-004,A03-P04-001-01,EU-2017-1926-REQ-A03-P04-001-01,EU-REG-2017-1926,EU-2017-1926-ART03,EU-2017-1926-SF-A03-P04,INSERT_NEW,APPROVED_PENDING_MATERIALIZATION,PRESENT
G2-005,A03-P04-001-02,EU-2017-1926-REQ-A03-P04-001-02,EU-REG-2017-1926,EU-2017-1926-ART03,EU-2017-1926-SF-A03-P04,INSERT_NEW,APPROVED_PENDING_MATERIALIZATION,PRESENT
G2-006,EU-2017-1926-PROP-A04-P01-001,EU-2017-1926-REQ-A04-P01-001,EU-REG-2017-1926,EU-2017-1926-ART04,EU-2017-1926-SF-A04-P01,INSERT_NEW,APPROVED_PENDING_MATERIALIZATION,PRESENT
G2-007,EU-2017-1926-PROP-A04-P01-002,EU-2017-1926-REQ-A04-P01-002,EU-REG-2017-1926,EU-2017-1926-ART04,EU-2017-1926-SF-A04-P01-ROAD,INSERT_NEW,APPROVED_WITH_EXTERNAL_DEPENDENCY,PRESENT
G2-008,EU-2017-1926-PROP-A04-P01-003,EU-2017-1926-REQ-A04-P01-003,EU-REG-2017-1926,EU-2017-1926-ART04,EU-2017-1926-SF-A04-P01-OTHER,INSERT_NEW,APPROVED_WITH_EXTERNAL_DEPENDENCY,PRESENT
G2-009,EU-2017-1926-PROP-A04-P01-004,EU-2017-1926-REQ-A04-P01-004,EU-REG-2017-1926,EU-2017-1926-ART04,EU-2017-1926-SF-A04-P01-SPATIAL,INSERT_NEW,APPROVED_WITH_EXTERNAL_DEPENDENCY,PRESENT
G2-010,EU-2017-1926-PROP-A04-P02-001,EU-2017-1926-REQ-A04-P02-001,EU-REG-2017-1926,EU-2017-1926-ART04,EU-2017-1926-SF-A04-P02,INSERT_NEW,APPROVED_PENDING_MATERIALIZATION,PRESENT
G2-011,EU-2017-1926-PROP-A04-P03-001,EU-2017-1926-REQ-A04-P03-001,EU-REG-2017-1926,EU-2017-1926-ART04,EU-2017-1926-SF-A04-P03-A,INSERT_NEW,APPROVED_PENDING_MATERIALIZATION,PRESENT
G2-012,EU-2017-1926-PROP-A04-P03-002,EU-2017-1926-REQ-A04-P03-002,EU-REG-2017-1926,EU-2017-1926-ART04,EU-2017-1926-SF-A04-P03-B,INSERT_NEW,APPROVED_PENDING_MATERIALIZATION,PRESENT
G2-013,EU-2017-1926-PROP-A04-P03-003,EU-2017-1926-REQ-A04-P03-003,EU-REG-2017-1926,EU-2017-1926-ART04,EU-2017-1926-SF-A04-P03-C,INSERT_NEW,APPROVED_PENDING_MATERIALIZATION,PRESENT
G2-014,EU-2017-1926-PROP-A04-P03-004,EU-2017-1926-REQ-A04-P03-004,EU-REG-2017-1926,EU-2017-1926-ART04,EU-2017-1926-SF-A04-P03-D,INSERT_NEW,APPROVED_PENDING_MATERIALIZATION,PRESENT
G2-015,EU-2017-1926-PROP-A04-P03-005,EU-2017-1926-REQ-A04-P03-005,EU-REG-2017-1926,EU-2017-1926-ART04,EU-2017-1926-SF-A04-P03-E,INSERT_NEW,APPROVED_PENDING_MATERIALIZATION,PRESENT
G2-016,EU-2017-1926-PROP-A04-P03-006,EU-2017-1926-REQ-A04-P03-006,EU-REG-2017-1926,EU-2017-1926-ART04,EU-2017-1926-SF-A04-P03-F,INSERT_NEW,APPROVED_PENDING_MATERIALIZATION,PRESENT
G2-017,EU-2017-1926-PROP-A04-P04-001,EU-2017-1926-REQ-A04-P04-001,EU-REG-2017-1926,EU-2017-1926-ART04,EU-2017-1926-SF-A04-P04,INSERT_NEW,APPROVED_WITH_CHANGES_PENDING_MATERIALIZATION,PRESENT
G2-018,EU-2017-1926-PROP-A04-P05-001,EU-2017-1926-REQ-A04-P05-001,EU-REG-2017-1926,EU-2017-1926-ART04,EU-2017-1926-SF-A04-P05,INSERT_NEW,APPROVED_PENDING_MATERIALIZATION,PRESENT
G2-019,EU-2017-1926-PROP-A04-P06-001,EU-2017-1926-REQ-A04-P06-001,EU-REG-2017-1926,EU-2017-1926-ART04,EU-2017-1926-SF-A04-P06,INSERT_NEW,APPROVED_WITH_EXTERNAL_DEPENDENCY,PRESENT
G2-020,EU-2017-1926-PROP-A05-P01-001,EU-2017-1926-REQ-A05-P01-001,EU-REG-2017-1926,EU-2017-1926-ART05,EU-2017-1926-SF-A05-P01,INSERT_NEW,APPROVED_PENDING_MATERIALIZATION,PRESENT
G2-021,EU-2017-1926-PROP-A05-P01-002,EU-2017-1926-REQ-A05-P01-002,EU-REG-2017-1926,EU-2017-1926-ART05,EU-2017-1926-SF-A05-P01-ROAD,INSERT_NEW,APPROVED_WITH_EXTERNAL_DEPENDENCY,PRESENT
G2-022,EU-2017-1926-PROP-A05-P01-003,EU-2017-1926-REQ-A05-P01-003,EU-REG-2017-1926,EU-2017-1926-ART05,EU-2017-1926-SF-A05-P01-OTHER,INSERT_NEW,APPROVED_WITH_EXTERNAL_DEPENDENCY,PRESENT
G2-023,EU-2017-1926-PROP-A05-P02-001,EU-2017-1926-REQ-A05-P02-001,EU-REG-2017-1926,EU-2017-1926-ART05,EU-2017-1926-SF-A05-P02,INSERT_NEW,APPROVED_PENDING_MATERIALIZATION,PRESENT
G2-024,EU-2017-1926-PROP-A05-P03-001,EU-2017-1926-REQ-A05-P03-001,EU-REG-2017-1926,EU-2017-1926-ART05,EU-2017-1926-SF-A05-P03-A,INSERT_NEW,APPROVED_PENDING_MATERIALIZATION,PRESENT
G2-025,EU-2017-1926-PROP-A05-P03-002,EU-2017-1926-REQ-A05-P03-002,EU-REG-2017-1926,EU-2017-1926-ART05,EU-2017-1926-SF-A05-P03-B,INSERT_NEW,APPROVED_PENDING_MATERIALIZATION,PRESENT
G2-026,EU-2017-1926-PROP-A05-P03-003,EU-2017-1926-REQ-A05-P03-003,EU-REG-2017-1926,EU-2017-1926-ART05,EU-2017-1926-SF-A05-P03-C,INSERT_NEW,APPROVED_PENDING_MATERIALIZATION,PRESENT
G2-027,EU-2017-1926-PROP-A05-P04-001,EU-2017-1926-REQ-A05-P04-001,EU-REG-2017-1926,EU-2017-1926-ART05,EU-2017-1926-SF-A05-P04,INSERT_NEW,APPROVED_PENDING_MATERIALIZATION,PRESENT
G2-028,A06-P02-001-01,EU-2017-1926-REQ-A06-P02-001-01,EU-REG-2017-1926,EU-2017-1926-ART06,EU-2017-1926-SF-A06-P02,INSERT_NEW,APPROVED_PENDING_MATERIALIZATION,PRESENT
G2-029,A06-P02-001-02,EU-2017-1926-REQ-A06-P02-001-02,EU-REG-2017-1926,EU-2017-1926-ART06,EU-2017-1926-SF-A06-P02,INSERT_NEW,APPROVED_PENDING_MATERIALIZATION,PRESENT
G2-030,A06-P02-001-03,EU-2017-1926-REQ-A06-P02-001-03,EU-REG-2017-1926,EU-2017-1926-ART06,EU-2017-1926-SF-A06-P02,INSERT_NEW,APPROVED_WITH_CHANGES_PENDING_MATERIALIZATION,PRESENT
G2-031,EU-2017-1926-PROP-A07-P01-001,EU-2017-1926-REQ-A07-P01-001,EU-REG-2017-1926,EU-2017-1926-ART07,EU-2017-1926-SF-A07-P01,INSERT_NEW,APPROVED_PENDING_MATERIALIZATION,PRESENT
G2-032-A,A08-P01-001-01-A,EU-2017-1926-REQ-A08-P01-001-01-A,EU-REG-2017-1926,EU-2017-1926-ART08,EU-2017-1926-SF-A08-P01,INSERT_NEW,APPROVED_WITH_CHANGES_PENDING_MATERIALIZATION,PRESENT
G2-032-B,A08-P01-001-01-B,EU-2017-1926-REQ-A08-P01-001-01-B,EU-REG-2017-1926,EU-2017-1926-ART08,EU-2017-1926-SF-A08-P01,INSERT_NEW,APPROVED_WITH_CHANGES_PENDING_MATERIALIZATION,PRESENT
G2-033,A08-P01-001-02,EU-2017-1926-REQ-A08-P01-001-02,EU-REG-2017-1926,EU-2017-1926-ART08,EU-2017-1926-SF-A08-P01,INSERT_NEW,APPROVED_PENDING_MATERIALIZATION,PRESENT
G2-034,A08-P01-001-03,EU-2017-1926-REQ-A08-P01-001-03,EU-REG-2017-1926,EU-2017-1926-ART08,EU-2017-1926-SF-A08-P01,INSERT_NEW,APPROVED_PENDING_MATERIALIZATION,PRESENT
G2-035,A08-P01-001-04,EU-2017-1926-REQ-A08-P01-001-04,EU-REG-2017-1926,EU-2017-1926-ART08,EU-2017-1926-SF-A08-P01,INSERT_NEW,APPROVED_PENDING_MATERIALIZATION,PRESENT
G2-036,A08-P02-001-01,EU-2017-1926-REQ-A08-P02-001-01,EU-REG-2017-1926,EU-2017-1926-ART08,EU-2017-1926-SF-A08-P02,INSERT_NEW,APPROVED_WITH_CHANGES_PENDING_MATERIALIZATION,PRESENT
G2-037-A,A08-P02-001-02-A,EU-2017-1926-REQ-A08-P02-001-02-A,EU-REG-2017-1926,EU-2017-1926-ART08,EU-2017-1926-SF-A08-P02,INSERT_NEW,APPROVED_WITH_CHANGES_PENDING_MATERIALIZATION,PRESENT
G2-037-B,A08-P02-001-02-B,EU-2017-1926-REQ-A08-P02-001-02-B,EU-REG-2017-1926,EU-2017-1926-ART08,EU-2017-1926-SF-A08-P02,INSERT_NEW,APPROVED_WITH_CHANGES_PENDING_MATERIALIZATION,PRESENT
G2-037-C,A08-P02-001-02-C,EU-2017-1926-REQ-A08-P02-001-02-C,EU-REG-2017-1926,EU-2017-1926-ART08,EU-2017-1926-SF-A08-P02,INSERT_NEW,APPROVED_WITH_CHANGES_PENDING_MATERIALIZATION,PRESENT
G2-038,A08-P02-001-03,EU-2017-1926-REQ-A08-P02-001-03,EU-REG-2017-1926,EU-2017-1926-ART08,EU-2017-1926-SF-A08-P02,INSERT_NEW,APPROVED_WITH_CHANGES_PENDING_MATERIALIZATION,PRESENT
G2-039,A08-P03-001-01,EU-2017-1926-REQ-A08-P03-001-01,EU-REG-2017-1926,EU-2017-1926-ART08,EU-2017-1926-SF-A08-P03,INSERT_NEW,APPROVED_PENDING_MATERIALIZATION,PRESENT
G2-040,A08-P03-001-02,EU-2017-1926-REQ-A08-P03-001-02,EU-REG-2017-1926,EU-2017-1926-ART08,EU-2017-1926-SF-A08-P03,INSERT_NEW,APPROVED_PENDING_MATERIALIZATION,PRESENT
G2-041,EU-2017-1926-PROP-A09-P01-001,EU-2017-1926-REQ-A09-P01-001,EU-REG-2017-1926,EU-2017-1926-ART09,EU-2017-1926-SF-A09-P01,INSERT_NEW,APPROVED_PENDING_MATERIALIZATION,PRESENT
G2-042,EU-2017-1926-PROP-A10-P01-001,EU-2017-1926-REQ-A10-P01-001,EU-REG-2017-1926,EU-2017-1926-ART10,EU-2017-1926-SF-A10-P01,REUSE_EXISTING,APPROVED_PENDING_MATERIALIZATION,PRESENT
G2-043,EU-2017-1926-PROP-A10-P02-001,EU-2017-1926-REQ-A10-P02-001,EU-REG-2017-1926,EU-2017-1926-ART10,EU-2017-1926-SF-A10-P02,INSERT_NEW,APPROVED_WITH_EXTERNAL_DEPENDENCY,PRESENT
G2-044,EU-2017-1926-PROP-A09-P02-DOCUMENT_REQUEST,EU-2017-1926-REQ-A09-P02-DOCUMENT_REQUEST,EU-REG-2017-1926,EU-2017-1926-ART09,EU-2017-1926-SF-A09-P02,INSERT_NEW,APPROVED_PENDING_MATERIALIZATION,PRESENT
G2-045,EU-2017-1926-PROP-A09-P03-RANDOM_CHECKS,EU-2017-1926-REQ-A09-P03-RANDOM_CHECKS,EU-REG-2017-1926,EU-2017-1926-ART09,EU-2017-1926-SF-A09-P03,INSERT_NEW,READY_PENDING_SOURCE_FACT_PERSISTENCE,PRESENT
