final_review_id,requirement_proposal_id,requirement_id,origin_candidate_id,action,existing_requirement_id,collision_check,notes
G2-001,EU-2017-1926-PROP-A03-P01-001,EU-2017-1926-REQ-A03-P01-001,EU-2017-1926-CAND-A03-P01-001,REUSE_EXISTING,EU-2017-1926-REQ-A03-P01-001,PASS,COMPATIBLE_MATCH
G2-002,EU-2017-1926-PROP-A03-P01-002,EU-2017-1926-REQ-A03-P01-002,EU-2017-1926-CAND-A03-P01-002,REUSE_EXISTING,EU-2017-1926-REQ-A03-P01-002,PASS,COMPATIBLE_MATCH
G2-003,EU-2017-1926-PROP-A03-P03-001,EU-2017-1926-REQ-A03-P03-001,EU-2017-1926-CAND-A03-P03-001,INSERT_NEW,,PASS,NEW
G2-004,A03-P04-001-01,EU-2017-1926-REQ-A03-P04-001-01,EU-2017-1926-CAND-A03-P04-001,INSERT_NEW,,PASS,NEW
G2-005,A03-P04-001-02,EU-2017-1926-REQ-A03-P04-001-02,EU-2017-1926-CAND-A03-P04-001,INSERT_NEW,,PASS,NEW
G2-006,EU-2017-1926-PROP-A04-P01-001,EU-2017-1926-REQ-A04-P01-001,EU-2017-1926-CAND-A04-P01-001,INSERT_NEW,,PASS,NEW
G2-007,EU-2017-1926-PROP-A04-P01-002,EU-2017-1926-REQ-A04-P01-002,EU-2017-1926-CAND-A04-P01-002,INSERT_NEW,,PASS,NEW
G2-008,EU-2017-1926-PROP-A04-P01-003,EU-2017-1926-REQ-A04-P01-003,EU-2017-1926-CAND-A04-P01-003,INSERT_NEW,,PASS,NEW
G2-009,EU-2017-1926-PROP-A04-P01-004,EU-2017-1926-REQ-A04-P01-004,EU-2017-1926-CAND-A04-P01-004,INSERT_NEW,,PASS,NEW
G2-010,EU-2017-1926-PROP-A04-P02-001,EU-2017-1926-REQ-A04-P02-001,EU-2017-1926-CAND-A04-P02-001,INSERT_NEW,,PASS,NEW
G2-011,EU-2017-1926-PROP-A04-P03-001,EU-2017-1926-REQ-A04-P03-001,EU-2017-1926-CAND-A04-P03-001,INSERT_NEW,,PASS,NEW
G2-012,EU-2017-1926-PROP-A04-P03-002,EU-2017-1926-REQ-A04-P03-002,EU-2017-1926-CAND-A04-P03-002,INSERT_NEW,,PASS,NEW
G2-013,EU-2017-1926-PROP-A04-P03-003,EU-2017-1926-REQ-A04-P03-003,EU-2017-1926-CAND-A04-P03-003,INSERT_NEW,,PASS,NEW
G2-014,EU-2017-1926-PROP-A04-P03-004,EU-2017-1926-REQ-A04-P03-004,EU-2017-1926-CAND-A04-P03-004,INSERT_NEW,,PASS,NEW
G2-015,EU-2017-1926-PROP-A04-P03-005,EU-2017-1926-REQ-A04-P03-005,EU-2017-1926-CAND-A04-P03-005,INSERT_NEW,,PASS,NEW
G2-016,EU-2017-1926-PROP-A04-P03-006,EU-2017-1926-REQ-A04-P03-006,EU-2017-1926-CAND-A04-P03-006,INSERT_NEW,,PASS,NEW
G2-017,EU-2017-1926-PROP-A04-P04-001,EU-2017-1926-REQ-A04-P04-001,EU-2017-1926-CAND-A04-P04-001,INSERT_NEW,,PASS,NEW
G2-018,EU-2017-1926-PROP-A04-P05-001,EU-2017-1926-REQ-A04-P05-001,EU-2017-1926-CAND-A04-P05-001,INSERT_NEW,,PASS,NEW
G2-019,EU-2017-1926-PROP-A04-P06-001,EU-2017-1926-REQ-A04-P06-001,EU-2017-1926-CAND-A04-P06-001,INSERT_NEW,,PASS,NEW
G2-020,EU-2017-1926-PROP-A05-P01-001,EU-2017-1926-REQ-A05-P01-001,EU-2017-1926-CAND-A05-P01-001,INSERT_NEW,,PASS,NEW
G2-021,EU-2017-1926-PROP-A05-P01-002,EU-2017-1926-REQ-A05-P01-002,EU-2017-1926-CAND-A05-P01-002,INSERT_NEW,,PASS,NEW
G2-022,EU-2017-1926-PROP-A05-P01-003,EU-2017-1926-REQ-A05-P01-003,EU-2017-1926-CAND-A05-P01-003,INSERT_NEW,,PASS,NEW
G2-023,EU-2017-1926-PROP-A05-P02-001,EU-2017-1926-REQ-A05-P02-001,EU-2017-1926-CAND-A05-P02-001,INSERT_NEW,,PASS,NEW
G2-024,EU-2017-1926-PROP-A05-P03-001,EU-2017-1926-REQ-A05-P03-001,EU-2017-1926-CAND-A05-P03-001,INSERT_NEW,,PASS,NEW
G2-025,EU-2017-1926-PROP-A05-P03-002,EU-2017-1926-REQ-A05-P03-002,EU-2017-1926-CAND-A05-P03-002,INSERT_NEW,,PASS,NEW
G2-026,EU-2017-1926-PROP-A05-P03-003,EU-2017-1926-REQ-A05-P03-003,EU-2017-1926-CAND-A05-P03-003,INSERT_NEW,,PASS,NEW
G2-027,EU-2017-1926-PROP-A05-P04-001,EU-2017-1926-REQ-A05-P04-001,EU-2017-1926-CAND-A05-P04-001,INSERT_NEW,,PASS,NEW
G2-028,A06-P02-001-01,EU-2017-1926-REQ-A06-P02-001-01,EU-2017-1926-CAND-A06-P02-001,INSERT_NEW,,PASS,NEW
G2-029,A06-P02-001-02,EU-2017-1926-REQ-A06-P02-001-02,EU-2017-1926-CAND-A06-P02-001,INSERT_NEW,,PASS,NEW
G2-030,A06-P02-001-03,EU-2017-1926-REQ-A06-P02-001-03,EU-2017-1926-CAND-A06-P02-001,INSERT_NEW,,PASS,NEW
G2-031,EU-2017-1926-PROP-A07-P01-001,EU-2017-1926-REQ-A07-P01-001,EU-2017-1926-CAND-A07-P01-001,INSERT_NEW,,PASS,NEW
G2-032-A,A08-P01-001-01-A,EU-2017-1926-REQ-A08-P01-001-01-A,EU-2017-1926-CAND-A08-P01-001,INSERT_NEW,,PASS,NEW
G2-032-B,A08-P01-001-01-B,EU-2017-1926-REQ-A08-P01-001-01-B,EU-2017-1926-CAND-A08-P01-001,INSERT_NEW,,PASS,NEW
G2-033,A08-P01-001-02,EU-2017-1926-REQ-A08-P01-001-02,EU-2017-1926-CAND-A08-P01-001,INSERT_NEW,,PASS,NEW
G2-034,A08-P01-001-03,EU-2017-1926-REQ-A08-P01-001-03,EU-2017-1926-CAND-A08-P01-001,INSERT_NEW,,PASS,NEW
G2-035,A08-P01-001-04,EU-2017-1926-REQ-A08-P01-001-04,EU-2017-1926-CAND-A08-P01-001,INSERT_NEW,,PASS,NEW
G2-036,A08-P02-001-01,EU-2017-1926-REQ-A08-P02-001-01,EU-2017-1926-CAND-A08-P02-001,INSERT_NEW,,PASS,NEW
G2-037-A,A08-P02-001-02-A,EU-2017-1926-REQ-A08-P02-001-02-A,EU-2017-1926-CAND-A08-P02-001,INSERT_NEW,,PASS,NEW
G2-037-B,A08-P02-001-02-B,EU-2017-1926-REQ-A08-P02-001-02-B,EU-2017-1926-CAND-A08-P02-001,INSERT_NEW,,PASS,NEW
G2-037-C,A08-P02-001-02-C,EU-2017-1926-REQ-A08-P02-001-02-C,EU-2017-1926-CAND-A08-P02-001,INSERT_NEW,,PASS,NEW
G2-038,A08-P02-001-03,EU-2017-1926-REQ-A08-P02-001-03,EU-2017-1926-CAND-A08-P02-001,INSERT_NEW,,PASS,NEW
G2-039,A08-P03-001-01,EU-2017-1926-REQ-A08-P03-001-01,EU-2017-1926-CAND-A08-P03-001,INSERT_NEW,,PASS,NEW
G2-040,A08-P03-001-02,EU-2017-1926-REQ-A08-P03-001-02,EU-2017-1926-CAND-A08-P03-001,INSERT_NEW,,PASS,NEW
G2-041,EU-2017-1926-PROP-A09-P01-001,EU-2017-1926-REQ-A09-P01-001,EU-2017-1926-CAND-A09-P01-001,INSERT_NEW,,PASS,NEW
G2-042,EU-2017-1926-PROP-A10-P01-001,EU-2017-1926-REQ-A10-P01-001,EU-2017-1926-CAND-A10-P01-001,REUSE_EXISTING,EU-2017-1926-REQ-A10-P01-001,PASS,COMPATIBLE_MATCH
G2-043,EU-2017-1926-PROP-A10-P02-001,EU-2017-1926-REQ-A10-P02-001,EU-2017-1926-CAND-A10-P02-001,INSERT_NEW,,PASS,NEW
G2-044,EU-2017-1926-PROP-A09-P02-DOCUMENT_REQUEST,EU-2017-1926-REQ-A09-P02-DOCUMENT_REQUEST,EU-2017-1926-PROP-A09-P02-DOCUMENT_REQUEST,INSERT_NEW,,PASS,NEW
G2-045,EU-2017-1926-PROP-A09-P03-RANDOM_CHECKS,EU-2017-1926-REQ-A09-P03-RANDOM_CHECKS,EU-2017-1926-PROP-A09-P03-RANDOM_CHECKS,INSERT_NEW,,PASS,NEW
