origin_candidate_id,origin_type,source_document_id,source_provision_id,source_reference,source_fact_id,source_fact_text,normalized_description,requirement_class,responsible_party_current,beneficiary_party_current,legal_modality,is_mandatory,is_conditional,condition_text,source_fidelity_status,source_fidelity_reason,atomicity_status,atomicity_reason,actor_status,actor_reason,conditionality_status,conditionality_reason,temporal_type,deadline_date,deadline_scope,geographic_scope,annex_scope,exceptions,external_dependency,external_document,external_reference,dependency_type,dependency_blocking_level,dependency_reason,legal_core_status,external_detail_status,auditability_class,auditability_reason,source_anomaly_dependency,current_db_state,current_db_state_reason,gate2_proposed_decision,gate2_decision_reason,review_warnings,deadline_source_reference,gate1_decision,external_dependency_from_gate1,final_review_id,origin_gate2_review_id,requirement_proposal_id,responsible_party,beneficiary_party,temporal_expression,human_status,human_decision_reason,concept,materialization_eligible,materialization_blocker,operational_subject,source_subject_text,proposed_source_fact_id,materialization_action
EU-2017-1926-CAND-A03-P01-001,GATE_1_ATOMIC_PROPOSAL,EU-REG-2017-1926,EU-2017-1926-ART03,"Artículo 3, apartado 1",EU-2017-1926-SF-A03-P01-ESTABLISH,Cada Estado miembro deberá crear un punto de acceso nacional.,Cada Estado miembro debe establecer un punto de acceso nacional.,ACCESS,Estado miembro,Usuarios de datos,MANDATORY_DUTY,TRUE,FALSE,,PASS,La proposición se contrasta con el source fact literal disponible.,PASS,Una proposición evaluable.,PASS,Actor conservado según sujeto expreso de la fuente.,NOT_APPLICABLE,No se configura deber condicional.,NONE,,,,,,FALSE,,,,NONE,,READY,NOT_REQUIRED,PROCEDURAL,Evidencia institucional/procedimental; no determina cumplimiento automáticamente.,FALSE,ALREADY_MATERIALIZED_MATCH,"Comparación read-only de descripción, provision, clase, actor, modalidad y fecha; deadline asociada comprobada.",READY_FOR_MATERIALIZATION,Propuesta trazable para revisión humana; no implica aprobación.,,,APPROVE_AS_IS,,G2-001,G2-001,EU-2017-1926-PROP-A03-P01-001,Estado miembro,Usuarios de datos,,APPROVED_PENDING_MATERIALIZATION,"Aprobación humana documental de la propuesta existente, sin reabrir interpretación ni materializar.",,TRUE,,,,,REUSE_EXISTING
EU-2017-1926-CAND-A03-P01-002,GATE_1_ATOMIC_PROPOSAL,EU-REG-2017-1926,EU-2017-1926-ART03,"Artículo 3, apartado 1",EU-2017-1926-SF-A03-P01-SINGLE,"El punto de acceso nacional constituirá un punto de acceso único para los usuarios de datos a los datos estáticos, históricos, observados y dinámicos sobre desplazamientos y tráfico de los diferentes modos de transporte, incluidas las actualizaciones de datos, tal como se indica en el anexo, suministrados por los titulares de datos en el territorio de un Estado miembro determinado.",El punto de acceso nacional debe servir como punto único de acceso a las categorías de datos y actualizaciones enumeradas para el territorio del Estado miembro.,ACCESS,Estado miembro,Usuarios de datos,MANDATORY_DUTY,TRUE,FALSE,,PASS,La proposición se contrasta con el source fact literal disponible.,PASS,Una proposición evaluable.,PASS,Actor conservado según sujeto expreso de la fuente.,NOT_APPLICABLE,No se configura deber condicional.,NONE,,,,,,FALSE,,,,NONE,,READY,NOT_REQUIRED,PROCEDURAL,Evidencia institucional/procedimental; no determina cumplimiento automáticamente.,FALSE,ALREADY_MATERIALIZED_MATCH,"Comparación read-only de descripción, provision, clase, actor, modalidad y fecha; deadline asociada comprobada.",READY_FOR_MATERIALIZATION,Propuesta trazable para revisión humana; no implica aprobación.,,,APPROVE_AS_IS,,G2-002,G2-002,EU-2017-1926-PROP-A03-P01-002,Estado miembro,Usuarios de datos,,APPROVED_PENDING_MATERIALIZATION,"Aprobación humana documental de la propuesta existente, sin reabrir interpretación ni materializar.",,TRUE,,,,,REUSE_EXISTING
EU-2017-1926-CAND-A03-P03-001,GATE_1_ATOMIC_PROPOSAL,EU-REG-2017-1926,EU-2017-1926-ART03,"Artículo 3, apartado 3",EU-2017-1926-SF-A03-P03,Los puntos de acceso nacionales prestarán servicios de localización a los usuarios de datos.,El punto de acceso nacional debe prestar servicios de localización a los usuarios de datos.,DISCOVERY,Punto de acceso nacional,Usuarios de datos,MANDATORY_DUTY,TRUE,FALSE,,PASS,La proposición se contrasta con el source fact literal disponible.,PASS,Una proposición evaluable.,PASS,Actor conservado según sujeto expreso de la fuente.,NOT_APPLICABLE,No se configura deber condicional.,NONE,,,,,,FALSE,,,,NONE,,READY,NOT_REQUIRED,PROCEDURAL,Evidencia institucional/procedimental; no determina cumplimiento automáticamente.,FALSE,NOT_MATERIALIZED,Sin fila equivalente por proposed_requirement_id.,READY_FOR_MATERIALIZATION,Propuesta trazable para revisión humana; no implica aprobación.,,,APPROVE_AS_IS,,G2-003,G2-003,EU-2017-1926-PROP-A03-P03-001,Punto de acceso nacional,Usuarios de datos,,APPROVED_PENDING_MATERIALIZATION,"Aprobación humana documental de la propuesta existente, sin reabrir interpretación ni materializar.",,TRUE,,,,,INSERT_NEW
EU-2017-1926-CAND-A03-P04-001,GATE_1_ATOMIC_PROPOSAL,EU-REG-2017-1926,EU-2017-1926-ART03,"Artículo 3, apartado 4",EU-2017-1926-SF-A03-P04,"Los Estados miembros, en cooperación con las partes interesadas pertinentes de los STI, alcanzarán un acuerdo sobre los requisitos en materia de metadatos. Los titulares de datos se asegurarán de que facilitan los metadatos sobre la base de dichos requisitos.","El Estado miembro, en cooperación con las partes interesadas pertinentes de los STI, alcanzará un acuerdo sobre los requisitos en materia de metadatos.",METADATA,Estado miembro,Partes interesadas pertinentes de los STI,MANDATORY_DUTY,TRUE,FALSE,,PASS,La proposición se contrasta con el source fact literal disponible.,PASS,Una proposición evaluable.,PASS,Actor conservado según sujeto expreso de la fuente.,NOT_APPLICABLE,No se configura deber condicional.,NONE,,,,,,FALSE,,,,NONE,,READY,NOT_REQUIRED,PROCEDURAL,Evidencia institucional/procedimental; no determina cumplimiento automáticamente.,FALSE,NOT_MATERIALIZED,Sin fila equivalente por proposed_requirement_id.,READY_FOR_MATERIALIZATION,Propuesta trazable para revisión humana; no implica aprobación.,,,SPLIT,,G2-004,G2-004,A03-P04-001-01,Estado miembro,Partes interesadas pertinentes de los STI,,APPROVED_PENDING_MATERIALIZATION,"Aprobación humana documental de la propuesta existente, sin reabrir interpretación ni materializar.",,TRUE,,,,,INSERT_NEW
EU-2017-1926-CAND-A03-P04-001,GATE_1_ATOMIC_PROPOSAL,EU-REG-2017-1926,EU-2017-1926-ART03,"Artículo 3, apartado 4",EU-2017-1926-SF-A03-P04,"Los Estados miembros, en cooperación con las partes interesadas pertinentes de los STI, alcanzarán un acuerdo sobre los requisitos en materia de metadatos. Los titulares de datos se asegurarán de que facilitan los metadatos sobre la base de dichos requisitos.",El titular de datos facilitará metadatos sobre la base de los requisitos acordados.,METADATA,Titular de datos,Usuarios de datos,MANDATORY_DUTY,TRUE,FALSE,,PASS,La proposición se contrasta con el source fact literal disponible.,PASS,Una proposición evaluable.,PASS,Actor conservado según sujeto expreso de la fuente.,NOT_APPLICABLE,No se configura deber condicional.,NONE,,,,,,FALSE,,,,NONE,,READY,NOT_REQUIRED,PROCEDURAL,Evidencia institucional/procedimental; no determina cumplimiento automáticamente.,FALSE,NOT_MATERIALIZED,Sin fila equivalente por proposed_requirement_id.,READY_FOR_MATERIALIZATION,Propuesta trazable para revisión humana; no implica aprobación.,,,SPLIT,,G2-005,G2-005,A03-P04-001-02,Titular de datos,Usuarios de datos,,APPROVED_PENDING_MATERIALIZATION,"Aprobación humana documental de la propuesta existente, sin reabrir interpretación ni materializar.",,TRUE,,,,,INSERT_NEW
EU-2017-1926-CAND-A04-P01-001,GATE_1_ATOMIC_PROPOSAL,EU-REG-2017-1926,EU-2017-1926-ART04,"Artículo 4, apartado 1",EU-2017-1926-SF-A04-P01,"Los titulares de datos facilitarán, a través del punto de acceso nacional establecido de conformidad con el artículo 3, acceso a los datos estáticos, históricos y observados sobre desplazamientos y tráfico enumerados en el punto 1 del anexo con respecto a los diferentes modos y medios de transporte.","Los titulares facilitarán por el punto de acceso nacional acceso a los datos estáticos, históricos y observados incluidos en el punto 1 del anexo.",DATA_AVAILABILITY,Titular de datos,Usuarios de datos,MANDATORY_DUTY,TRUE,FALSE,,PASS,La proposición se contrasta con el source fact literal disponible.,PASS,Una proposición evaluable.,PASS,Actor conservado según sujeto expreso de la fuente.,NOT_APPLICABLE,No se configura deber condicional.,NONE,,,,,,FALSE,,,,NONE,,READY,NOT_REQUIRED,TECHNICALLY_AUDITABLE,Puede observarse en datos/interfaz; no es conclusión legal.,FALSE,NOT_MATERIALIZED,Sin fila equivalente por proposed_requirement_id.,READY_FOR_MATERIALIZATION,Propuesta trazable para revisión humana; no implica aprobación.,,,APPROVE_AS_IS,,G2-006,G2-006,EU-2017-1926-PROP-A04-P01-001,Titular de datos,Usuarios de datos,,APPROVED_PENDING_MATERIALIZATION,"Aprobación humana documental de la propuesta existente, sin reabrir interpretación ni materializar.",,TRUE,,,,,INSERT_NEW
EU-2017-1926-CAND-A04-P01-002,GATE_1_ATOMIC_PROPOSAL,EU-REG-2017-1926,EU-2017-1926-ART04,"Artículo 4, apartado 1, letra a)",EU-2017-1926-SF-A04-P01-ROAD,"Por lo que se refiere al transporte por carretera, mediante el formato normalizado a que se refiere el artículo 4 del Reglamento Delegado (UE) 2015/962.",Facilitar los datos de carretera mediante el formato normalizado al que remite el artículo 4.,FORMAT,Titular de datos,Usuarios de datos,MANDATORY_DUTY,TRUE,FALSE,,PASS,La proposición se contrasta con el source fact literal disponible.,PASS,Una proposición evaluable.,PASS,Actor conservado según sujeto expreso de la fuente.,NOT_APPLICABLE,No se configura deber condicional.,NONE,,,,,,TRUE,Reglamento Delegado (UE) 2015/962,formato normalizado / formatos indicados en artículos 4-6,FORMATSPEC,PARTIAL,Núcleo legal identificable; detalle externo pendiente y no interpretado.,READY,REQUIRED_LATER,MIXED,Evidencia técnica y documental de aplicabilidad/compatibilidad.,FALSE,NOT_MATERIALIZED,Sin fila equivalente por proposed_requirement_id.,READY_WITH_EXTERNAL_DEPENDENCY,Núcleo del Reglamento identificable; detalle externo pendiente.,dependencia externa parcial,,HOLD_EXTERNAL,Reglamento Delegado (UE) 2015/962,G2-007,G2-007,EU-2017-1926-PROP-A04-P01-002,Titular de datos,Usuarios de datos,,APPROVED_WITH_EXTERNAL_DEPENDENCY,"Núcleo legal aprobado; detalle externo no interpretado, dependencia PARTIAL conservada.",,TRUE,,,,,INSERT_NEW
EU-2017-1926-CAND-A04-P01-003,GATE_1_ATOMIC_PROPOSAL,EU-REG-2017-1926,EU-2017-1926-ART04,"Artículo 4, apartado 1, letra b)",EU-2017-1926-SF-A04-P01-OTHER,"Por lo que se refiere a otros modos de transporte, mediante una de las siguientes normas y especificaciones técnicas, o mediante cualquier formato digital legible por máquina que pueda demostrarse que es plenamente compatible e interoperable con dichas normas y especificaciones técnicas, por ejemplo, a través de convertidores y validadores automáticos: i) NeTEx CEN/TS 16614 y versiones posteriores; ii) las especificaciones técnicas establecidas en el Reglamento (UE) n.o 454/2011; iii) los documentos técnicos publicados bajo la autoridad de la Conferencia de servicios de pasajeros de la IATA; iv) Transmodel EN 12896, cuando no exista un protocolo de intercambio de referencia.","Para otros modos, utilizar una norma/especificación enumerada o un formato digital legible por máquina que pueda demostrarse plenamente compatible e interoperable con ellas.",INTEROPERABILITY,Titular de datos,Usuarios de datos,MANDATORY_DUTY,TRUE,FALSE,,PASS,La proposición se contrasta con el source fact literal disponible.,PASS,Una proposición evaluable.,PASS,Actor conservado según sujeto expreso de la fuente.,NOT_APPLICABLE,No se configura deber condicional.,NONE,,,,,,TRUE,Reglamento (UE) n.º 454/2011,especificaciones técnicas establecidas en el Reglamento,FORMATSPEC,PARTIAL,Núcleo legal identificable; detalle externo pendiente y no interpretado.,READY,REQUIRED_LATER,MIXED,Evidencia técnica y documental de aplicabilidad/compatibilidad.,FALSE,NOT_MATERIALIZED,Sin fila equivalente por proposed_requirement_id.,READY_WITH_EXTERNAL_DEPENDENCY,Núcleo del Reglamento identificable; detalle externo pendiente.,dependencia externa parcial,,HOLD_EXTERNAL,Reglamento (UE) n.º 454/2011,G2-008,G2-008,EU-2017-1926-PROP-A04-P01-003,Titular de datos,Usuarios de datos,,APPROVED_WITH_EXTERNAL_DEPENDENCY,"Núcleo legal aprobado; detalle externo no interpretado, dependencia PARTIAL conservada.",,TRUE,,,,,INSERT_NEW
EU-2017-1926-CAND-A04-P01-004,GATE_1_ATOMIC_PROPOSAL,EU-REG-2017-1926,EU-2017-1926-ART04,"Artículo 4, apartado 1, letra c)",EU-2017-1926-SF-A04-P01-SPATIAL,"En relación con la red espacial, los requisitos establecidos en el artículo 7 de la Directiva 2007/2/CE.","Para la red espacial, aplicar los requisitos a los que remite el artículo 7 de la Directiva 2007/2/CE.",INTEROPERABILITY,Titular de datos,,MANDATORY_DUTY,TRUE,FALSE,,PASS,La remisión a Directiva 2007/2/CE está expresamente formulada; su detalle externo queda pendiente y no se interpreta aquí.,PASS,Una proposición evaluable.,PASS,Actor conservado según sujeto expreso de la fuente.,NOT_APPLICABLE,No se configura deber condicional.,NONE,,,,,,TRUE,Directiva 2007/2/CE,requisitos establecidos en el artículo 7 de la Directiva 2007/2/CE,TECHNICAL_REQUIREMENT,PARTIAL,Núcleo legal identificable; detalle externo pendiente y no interpretado.,READY,REQUIRED_LATER,MIXED,Evidencia técnica y documental de aplicabilidad/compatibilidad.,FALSE,NOT_MATERIALIZED,Sin fila equivalente por proposed_requirement_id.,READY_WITH_EXTERNAL_DEPENDENCY,Núcleo del Reglamento identificable; detalle externo pendiente.,dependencia externa parcial,,HOLD_EXTERNAL,Directiva 2007/2/CE,G2-009,G2-009,EU-2017-1926-PROP-A04-P01-004,Titular de datos,,,APPROVED_WITH_EXTERNAL_DEPENDENCY,"Núcleo legal aprobado; detalle externo no interpretado, dependencia PARTIAL conservada.",,TRUE,,,,,INSERT_NEW
EU-2017-1926-CAND-A04-P02-001,GATE_1_ATOMIC_PROPOSAL,EU-REG-2017-1926,EU-2017-1926-ART04,"Artículo 4, apartado 2",EU-2017-1926-SF-A04-P02,"Los datos estáticos, históricos y observados sobre desplazamientos y tráfico enumerados en el punto 1 del anexo, a los que son aplicables NeTEx y DATEX II, se representarán mediante perfiles mínimos de la UE o nacionales.","Los datos estáticos, históricos y observados del anexo a los que sean aplicables NeTEx y DATEX II se representarán mediante perfiles mínimos de la UE o nacionales.",FORMAT,Titular de datos,Usuarios de datos,CONDITIONAL_MANDATORY_DUTY,TRUE,TRUE,"Los datos estáticos, históricos y observados enumerados en el punto 1 del anexo a los que sean aplicables NeTEx y DATEX II.",PASS,La proposición se contrasta con el source fact literal disponible.,PASS,Una proposición evaluable.,PASS,Actor conservado según sujeto expreso de la fuente.,PASS,Condición expresada.,NONE,,,,,,FALSE,,,,NONE,,READY,NOT_REQUIRED,MIXED,Evidencia técnica y documental de aplicabilidad/compatibilidad.,FALSE,NOT_MATERIALIZED,Sin fila equivalente por proposed_requirement_id.,READY_FOR_MATERIALIZATION,Propuesta trazable para revisión humana; no implica aprobación.,,,APPROVE_WITH_CHANGES,,G2-010,G2-010,EU-2017-1926-PROP-A04-P02-001,Titular de datos,Usuarios de datos,,APPROVED_PENDING_MATERIALIZATION,"Aprobación humana documental de la propuesta existente, sin reabrir interpretación ni materializar.",,TRUE,,,,,INSERT_NEW
EU-2017-1926-CAND-A04-P03-001,GATE_1_ATOMIC_PROPOSAL,EU-REG-2017-1926,EU-2017-1926-ART04,"Artículo 4, apartado 3, letra a)",EU-2017-1926-SF-A04-P03-A,"En relación con los datos de desplazamientos y tráfico establecidos en el punto 1.1 del anexo, con excepción del punto 1.1, letra d), inciso ix), para la red RTE-T global, a más tardar el 1 de diciembre de 2019.","Para la red RTE-T global, facilitar los datos del punto 1.1 del anexo, salvo el punto 1.1, letra d), inciso ix), a más tardar el 1 de diciembre de 2019.",DEADLINE,Titular de datos,Usuarios de datos,CONDITIONAL_MANDATORY_DUTY,TRUE,TRUE,"En relación con los datos del punto 1.1 del anexo para la red RTE-T global, con excepción del punto 1.1, letra d), inciso ix).",PASS,La proposición se contrasta con el source fact literal disponible.,PASS,Una proposición evaluable.,PASS,Actor conservado según sujeto expreso de la fuente.,PASS,Condición expresada.,EXPLICIT_DATE,2019-12-01,"En relación con los datos de desplazamientos y tráfico establecidos en el punto 1.1 del anexo, con excepción del punto 1.1, letra d), inciso ix), para la red RTE-T global, a más tardar el 1 de diciembre de 2019.",red RTE-T global,punto 1.1,,FALSE,,,,NONE,,READY,NOT_REQUIRED,DOCUMENTARY_AUDITABLE,Evidencia documental o de procedimiento.,FALSE,NOT_MATERIALIZED,Sin fila equivalente por proposed_requirement_id.,READY_FOR_MATERIALIZATION,Propuesta trazable para revisión humana; no implica aprobación.,,"Artículo 4, apartado 3, letra a)",APPROVE_WITH_CHANGES,,G2-011,G2-011,EU-2017-1926-PROP-A04-P03-001,Titular de datos,Usuarios de datos,2019-12-01,APPROVED_PENDING_MATERIALIZATION,"Aprobación humana documental de la propuesta existente, sin reabrir interpretación ni materializar.",,TRUE,,,,,INSERT_NEW
EU-2017-1926-CAND-A04-P03-002,GATE_1_ATOMIC_PROPOSAL,EU-REG-2017-1926,EU-2017-1926-ART04,"Artículo 4, apartado 3, letra b)",EU-2017-1926-SF-A04-P03-B,"En relación con los datos de desplazamientos y tráfico establecidos en el punto 1.2 del anexo, con excepción de los puntos 1.2, letra a), incisos i) y iii), y el punto 1.2, letra c), inciso ii), para la red RTE-T global, a más tardar el 1 de diciembre de 2020.","Para la red RTE-T global, facilitar los datos del punto 1.2 del anexo, salvo los incisos expresamente exceptuados en el artículo 4, apartado 3, letra b), a más tardar el 1 de diciembre de 2020.",DEADLINE,Titular de datos,Usuarios de datos,CONDITIONAL_MANDATORY_DUTY,TRUE,TRUE,"En relación con los datos del punto 1.2 del anexo para la red RTE-T global, con excepción de los puntos 1.2, letra a), incisos i) y iii), y 1.2, letra c), inciso ii).",PASS,La proposición se contrasta con el source fact literal disponible.,PASS,Una proposición evaluable.,PASS,Actor conservado según sujeto expreso de la fuente.,PASS,Condición expresada.,EXPLICIT_DATE,2020-12-01,"En relación con los datos de desplazamientos y tráfico establecidos en el punto 1.2 del anexo, con excepción de los puntos 1.2, letra a), incisos i) y iii), y el punto 1.2, letra c), inciso ii), para la red RTE-T global, a más tardar el 1 de diciembre de 2020.",red RTE-T global,punto 1.2,,FALSE,,,,NONE,,READY,NOT_REQUIRED,DOCUMENTARY_AUDITABLE,Evidencia documental o de procedimiento.,FALSE,NOT_MATERIALIZED,Sin fila equivalente por proposed_requirement_id.,READY_FOR_MATERIALIZATION,Propuesta trazable para revisión humana; no implica aprobación.,,"Artículo 4, apartado 3, letra b)",APPROVE_WITH_CHANGES,,G2-012,G2-012,EU-2017-1926-PROP-A04-P03-002,Titular de datos,Usuarios de datos,2020-12-01,APPROVED_PENDING_MATERIALIZATION,"Aprobación humana documental de la propuesta existente, sin reabrir interpretación ni materializar.",,TRUE,,,,,INSERT_NEW
EU-2017-1926-CAND-A04-P03-003,GATE_1_ATOMIC_PROPOSAL,EU-REG-2017-1926,EU-2017-1926-ART04,"Artículo 4, apartado 3, letra c)",EU-2017-1926-SF-A04-P03-C,"En relación con los datos de desplazamientos y tráfico establecidos en el punto 1.3 del anexo, con excepción del punto 1.3, letra c), inciso iii), para la red RTE-T global, a más tardar el 1 de diciembre de 2021.","Para la red RTE-T global, facilitar los datos del punto 1.3 del anexo, salvo el punto 1.3, letra c), inciso iii), a más tardar el 1 de diciembre de 2021.",DEADLINE,Titular de datos,Usuarios de datos,CONDITIONAL_MANDATORY_DUTY,TRUE,TRUE,"En relación con los datos del punto 1.3 del anexo para la red RTE-T global, con excepción del punto 1.3, letra c), inciso iii).",PASS,La proposición se contrasta con el source fact literal disponible.,PASS,Una proposición evaluable.,PASS,Actor conservado según sujeto expreso de la fuente.,PASS,Condición expresada.,EXPLICIT_DATE,2021-12-01,"En relación con los datos de desplazamientos y tráfico establecidos en el punto 1.3 del anexo, con excepción del punto 1.3, letra c), inciso iii), para la red RTE-T global, a más tardar el 1 de diciembre de 2021.",red RTE-T global,punto 1.3,,FALSE,,,,NONE,,READY,NOT_REQUIRED,DOCUMENTARY_AUDITABLE,Evidencia documental o de procedimiento.,FALSE,NOT_MATERIALIZED,Sin fila equivalente por proposed_requirement_id.,READY_FOR_MATERIALIZATION,Propuesta trazable para revisión humana; no implica aprobación.,,"Artículo 4, apartado 3, letra c)",APPROVE_WITH_CHANGES,,G2-013,G2-013,EU-2017-1926-PROP-A04-P03-003,Titular de datos,Usuarios de datos,2021-12-01,APPROVED_PENDING_MATERIALIZATION,"Aprobación humana documental de la propuesta existente, sin reabrir interpretación ni materializar.",,TRUE,,,,,INSERT_NEW
EU-2017-1926-CAND-A04-P03-004,GATE_1_ATOMIC_PROPOSAL,EU-REG-2017-1926,EU-2017-1926-ART04,"Artículo 4, apartado 3, letra d)",EU-2017-1926-SF-A04-P03-D,"En relación con los datos de desplazamientos y tráfico establecidos en los puntos 1.1, 1.2 y 1.3 del anexo, con excepción del punto 1.1, letra d), inciso ix), el punto 1.2, letra a), incisos i), iii) y vii), y el punto 1.2, letra c), inciso ii), el punto 1.3, letra c), inciso iii), así como el punto 1.2, letra c), inciso i), y el punto 1.3, letra a), incisos ii) y iii), con respecto al transporte a la demanda, para las demás partes de la red de transporte de la Unión, a más tardar el 1 de diciembre de 2023.","Para las demás partes de la red de transporte de la Unión, facilitar los datos de los puntos 1.1 a 1.3 del anexo dentro del alcance y excepciones expresos de la letra d), a más tardar el 1 de diciembre de 2023.",DEADLINE,Titular de datos,Usuarios de datos,CONDITIONAL_MANDATORY_DUTY,TRUE,TRUE,"En relación con los datos de los puntos 1.1, 1.2 y 1.3 del anexo, con las excepciones y el transporte a la demanda enumerados en el artículo 4, apartado 3, letra d), para las demás partes de la red de transporte de la Unión.",PASS,La proposición se contrasta con el source fact literal disponible.,PASS,Una proposición evaluable.,PASS,Actor conservado según sujeto expreso de la fuente.,PASS,Condición expresada.,EXPLICIT_DATE,2023-12-01,"En relación con los datos de desplazamientos y tráfico establecidos en los puntos 1.1, 1.2 y 1.3 del anexo, con excepción del punto 1.1, letra d), inciso ix), el punto 1.2, letra a), incisos i), iii) y vii), y el punto 1.2, letra c), inciso ii), el punto 1.3, letra c), inciso iii), así como el punto 1.2, letra c), inciso i), y el punto 1.3, letra a), incisos ii) y iii), con respecto al transporte a la demanda, para las demás partes de la red de transporte de la Unión, a más tardar el 1 de diciembre de 2023.",,punto 1.1; punto 1.2; punto 1.3,,FALSE,,,,NONE,,READY,NOT_REQUIRED,DOCUMENTARY_AUDITABLE,Evidencia documental o de procedimiento.,FALSE,NOT_MATERIALIZED,Sin fila equivalente por proposed_requirement_id.,READY_FOR_MATERIALIZATION,Propuesta trazable para revisión humana; no implica aprobación.,,"Artículo 4, apartado 3, letra d)",APPROVE_WITH_CHANGES,,G2-014,G2-014,EU-2017-1926-PROP-A04-P03-004,Titular de datos,Usuarios de datos,2023-12-01,APPROVED_PENDING_MATERIALIZATION,"Aprobación humana documental de la propuesta existente, sin reabrir interpretación ni materializar.",,TRUE,,,,,INSERT_NEW
EU-2017-1926-CAND-A04-P03-005,GATE_1_ATOMIC_PROPOSAL,EU-REG-2017-1926,EU-2017-1926-ART04,"Artículo 4, apartado 3, letra e)",EU-2017-1926-SF-A04-P03-E,"En relación con los datos de desplazamientos y tráfico establecidos en el punto 1.1, letra d), inciso ix), el punto 1.2, letra a), incisos i), iii) y vii), el punto 1.2, letra c), inciso ii), el punto 1.3, letra c), inciso iii), y el punto 1.2, letra c), inciso i), y el punto 1.3, letra a), incisos ii) y iii), con respecto al transporte a la demanda del anexo, para toda la red de transporte de la Unión, a más tardar el 1 de diciembre de 2024.","Para toda la red de transporte de la Unión, facilitar las categorías de los puntos 1.1, 1.2 y 1.3 expresamente enumeradas en la letra e), a más tardar el 1 de diciembre de 2024.",DEADLINE,Titular de datos,Usuarios de datos,CONDITIONAL_MANDATORY_DUTY,TRUE,TRUE,"En relación con las categorías y excepciones enumeradas en el artículo 4, apartado 3, letra e), para toda la red de transporte de la Unión.",PASS,La proposición se contrasta con el source fact literal disponible.,PASS,Una proposición evaluable.,PASS,Actor conservado según sujeto expreso de la fuente.,PASS,Condición expresada.,EXPLICIT_DATE,2024-12-01,"En relación con los datos de desplazamientos y tráfico establecidos en el punto 1.1, letra d), inciso ix), el punto 1.2, letra a), incisos i), iii) y vii), el punto 1.2, letra c), inciso ii), el punto 1.3, letra c), inciso iii), y el punto 1.2, letra c), inciso i), y el punto 1.3, letra a), incisos ii) y iii), con respecto al transporte a la demanda del anexo, para toda la red de transporte de la Unión, a más tardar el 1 de diciembre de 2024.",red de transporte de la Unión,punto 1.1; punto 1.2; punto 1.3,,FALSE,,,,NONE,,READY,NOT_REQUIRED,DOCUMENTARY_AUDITABLE,Evidencia documental o de procedimiento.,FALSE,NOT_MATERIALIZED,Sin fila equivalente por proposed_requirement_id.,READY_FOR_MATERIALIZATION,Propuesta trazable para revisión humana; no implica aprobación.,,"Artículo 4, apartado 3, letra e)",APPROVE_WITH_CHANGES,,G2-015,G2-015,EU-2017-1926-PROP-A04-P03-005,Titular de datos,Usuarios de datos,2024-12-01,APPROVED_PENDING_MATERIALIZATION,"Aprobación humana documental de la propuesta existente, sin reabrir interpretación ni materializar.",,TRUE,,,,,INSERT_NEW
EU-2017-1926-CAND-A04-P03-006,GATE_1_ATOMIC_PROPOSAL,EU-REG-2017-1926,EU-2017-1926-ART04,"Artículo 4, apartado 3, letra f)",EU-2017-1926-SF-A04-P03-F,"En relación con los datos de desplazamientos y tráfico establecidos en el punto 1.4 del anexo para toda la red de transporte de la Unión, a más tardar el 1 de diciembre de 2025.",Facilitar el punto 1.4 del anexo en toda la red de la Unión a más tardar el 1 de diciembre de 2025.,DEADLINE,Titular de datos,Usuarios de datos,MANDATORY_DUTY,TRUE,FALSE,,PASS,La proposición se contrasta con el source fact literal disponible.,PASS,Una proposición evaluable.,PASS,Actor conservado según sujeto expreso de la fuente.,NOT_APPLICABLE,No se configura deber condicional.,EXPLICIT_DATE,2025-12-01,"En relación con los datos de desplazamientos y tráfico establecidos en el punto 1.4 del anexo para toda la red de transporte de la Unión, a más tardar el 1 de diciembre de 2025.",red de transporte de la Unión,punto 1.4,,FALSE,,,,NONE,,READY,NOT_REQUIRED,DOCUMENTARY_AUDITABLE,Evidencia documental o de procedimiento.,FALSE,NOT_MATERIALIZED,Sin fila equivalente por proposed_requirement_id.,READY_FOR_MATERIALIZATION,Propuesta trazable para revisión humana; no implica aprobación.,,"Artículo 4, apartado 3, letra f)",APPROVE_AS_IS,,G2-016,G2-016,EU-2017-1926-PROP-A04-P03-006,Titular de datos,Usuarios de datos,2025-12-01,APPROVED_PENDING_MATERIALIZATION,"Aprobación humana documental de la propuesta existente, sin reabrir interpretación ni materializar.",,TRUE,,,,,INSERT_NEW
EU-2017-1926-CAND-A04-P04-001,GATE_1_ATOMIC_PROPOSAL,EU-REG-2017-1926,EU-2017-1926-ART04,"Artículo 4, apartado 4",EU-2017-1926-SF-A04-P04,"Las API que proporcionen acceso a los datos estáticos, históricos y observados de desplazamientos y tráfico enumerados en el anexo a través del punto de acceso nacional establecido de conformidad con el artículo 3 serán públicamente accesibles para los usuarios de datos, cuando proceda, previamente registrados.","Las API que proporcionen acceso a los datos estáticos, históricos y observados del anexo a través del punto de acceso nacional serán públicamente accesibles para los usuarios de datos; cuando proceda, estos estarán previamente registrados.",ACCESS,Proveedor de API,Usuarios de datos,CONDITIONAL_MANDATORY_DUTY,TRUE,TRUE,"Cuando proceda, los usuarios de datos estarán previamente registrados.",PASS,La proposición se contrasta con el source fact literal disponible.,PASS,Una proposición evaluable.,RESOLVED,"La disposición predica la regla del sujeto textual indicado, sin identificar expresamente una categoría única de actor jurídicamente responsable. Se aplica la decisión humana conservadora; no se infiere actor operativo.",PASS,Condición expresada.,NONE,,,,,,FALSE,,,,NONE,,READY,NOT_REQUIRED,TECHNICALLY_AUDITABLE,Puede observarse en datos/interfaz; no es conclusión legal.,FALSE,NOT_MATERIALIZED,Sin fila equivalente por proposed_requirement_id.,NEEDS_HUMAN_CHANGE,"Requiere decisión humana sobre fidelidad, actor, condición o fila existente.",actor,,APPROVE_WITH_CHANGES,,G2-017,G2-017,EU-2017-1926-PROP-A04-P04-001,UNSPECIFIED_IN_PROVISION,Usuarios de datos,,APPROVED_WITH_CHANGES_PENDING_MATERIALIZATION,Decisión humana: actor conservador y/o división atómica y/o METADATA_CORRECTION según informes específicos.,,TRUE,,API providing access through NAP,"Las API que proporcionen acceso a los datos estáticos, históricos y observados de desplazamientos y tráfico enumerados en el anexo a través del punto de acceso nacional establecido de conformidad con el artículo 3",,INSERT_NEW
EU-2017-1926-CAND-A04-P05-001,GATE_1_ATOMIC_PROPOSAL,EU-REG-2017-1926,EU-2017-1926-ART04,"Artículo 4, apartado 5",EU-2017-1926-SF-A04-P05,"Los usuarios de datos y los titulares de datos colaborarán para garantizar que cualquier inexactitud relacionada con los datos estáticos, históricos y observados sobre desplazamientos y tráfico se notifique sin demora al titular de datos del que proceden los datos.",Usuarios y titulares colaborarán para notificar sin demora las inexactitudes al titular de origen.,QUALITY,Usuarios de datos y titulares de datos,Titular de datos de origen,MANDATORY_DUTY,TRUE,FALSE,,PASS,La proposición se contrasta con el source fact literal disponible.,PASS,Una proposición evaluable.,PASS,Actor conservado según sujeto expreso de la fuente.,NOT_APPLICABLE,No se configura deber condicional.,FUNCTIONAL_TIME_REQUIREMENT,,"sin demora — Los usuarios de datos y los titulares de datos colaborarán para garantizar que cualquier inexactitud relacionada con los datos estáticos, históricos y observados sobre desplazamientos y tráfico se notifique sin demora al titular de datos del que proceden los datos.",,,,FALSE,,,,NONE,,READY,NOT_REQUIRED,MIXED,Combina evidencia técnica/documental o criterio cualitativo.,FALSE,NOT_MATERIALIZED,Sin fila equivalente por proposed_requirement_id.,READY_FOR_MATERIALIZATION,Propuesta trazable para revisión humana; no implica aprobación.,,,APPROVE_AS_IS,,G2-018,G2-018,EU-2017-1926-PROP-A04-P05-001,Usuarios de datos y titulares de datos,Titular de datos de origen,sin demora,APPROVED_PENDING_MATERIALIZATION,"Aprobación humana documental de la propuesta existente, sin reabrir interpretación ni materializar.",,TRUE,,,,,INSERT_NEW
EU-2017-1926-CAND-A04-P06-001,GATE_1_ATOMIC_PROPOSAL,EU-REG-2017-1926,EU-2017-1926-ART04,"Artículo 4, apartado 6",EU-2017-1926-SF-A04-P06,"Los datos facilitados por los titulares de datos a través del punto de acceso nacional no incluirán datos personales, tal como se definen en el artículo 4, apartado 1, del Reglamento (UE) 2016/679.",Los datos facilitados por titulares a través del punto de acceso nacional no incluirán datos personales conforme a la definición remitida.,OTHER,Titular de datos,,MANDATORY_DUTY,TRUE,FALSE,,PASS,La exclusión de datos personales y la remisión a la definición del Reglamento 2016/679 están expresamente formuladas; el detalle definicional queda pendiente.,PASS,Una proposición evaluable.,PASS,Actor conservado según sujeto expreso de la fuente.,NOT_APPLICABLE,No se configura deber condicional.,NONE,,,,,,TRUE,Reglamento (UE) 2016/679,"datos personales, tal como se definen en el artículo 4, apartado 1",DEFINITION,PARTIAL,Núcleo legal identificable; detalle externo pendiente y no interpretado.,READY,REQUIRED_LATER,NOT_AUTOMATICALLY_AUDITABLE,Requiere interpretación documental.,FALSE,NOT_MATERIALIZED,Sin fila equivalente por proposed_requirement_id.,READY_WITH_EXTERNAL_DEPENDENCY,Núcleo del Reglamento identificable; detalle externo pendiente.,dependencia externa parcial,,HOLD_EXTERNAL,Reglamento (UE) 2016/679,G2-019,G2-019,EU-2017-1926-PROP-A04-P06-001,Titular de datos,,,APPROVED_WITH_EXTERNAL_DEPENDENCY,"Núcleo legal aprobado; detalle externo no interpretado, dependencia PARTIAL conservada.",,TRUE,,,,,INSERT_NEW
EU-2017-1926-CAND-A05-P01-001,GATE_1_ATOMIC_PROPOSAL,EU-REG-2017-1926,EU-2017-1926-ART05,"Artículo 5, apartado 1",EU-2017-1926-SF-A05-P01,"Los titulares de datos proporcionarán, a través del punto de acceso nacional establecido de conformidad con el artículo 3, acceso a los datos dinámicos de desplazamientos y tráfico enumerados en los puntos 2.1 y 2.2 del anexo, con respecto a los diferentes modos y medios de transporte.",Los titulares proporcionarán por el punto de acceso nacional acceso a los datos dinámicos de los puntos 2.1 y 2.2 del anexo.,DATA_AVAILABILITY,Titular de datos,Usuarios de datos,MANDATORY_DUTY,TRUE,FALSE,,PASS,La proposición se contrasta con el source fact literal disponible.,PASS,Una proposición evaluable.,PASS,Actor conservado según sujeto expreso de la fuente.,NOT_APPLICABLE,No se configura deber condicional.,NONE,,,,,,FALSE,,,,NONE,,READY,NOT_REQUIRED,TECHNICALLY_AUDITABLE,Puede observarse en datos/interfaz; no es conclusión legal.,FALSE,NOT_MATERIALIZED,Sin fila equivalente por proposed_requirement_id.,READY_FOR_MATERIALIZATION,Propuesta trazable para revisión humana; no implica aprobación.,,,APPROVE_AS_IS,,G2-020,G2-020,EU-2017-1926-PROP-A05-P01-001,Titular de datos,Usuarios de datos,,APPROVED_PENDING_MATERIALIZATION,"Aprobación humana documental de la propuesta existente, sin reabrir interpretación ni materializar.",,TRUE,,,,,INSERT_NEW
EU-2017-1926-CAND-A05-P01-002,GATE_1_ATOMIC_PROPOSAL,EU-REG-2017-1926,EU-2017-1926-ART05,"Artículo 5, apartado 1, letra a)",EU-2017-1926-SF-A05-P01-ROAD,"Por lo que se refiere al transporte por carretera, mediante los formatos indicados en los artículos 5 y 6 del Reglamento Delegado (UE) 2015/962.",Facilitar datos dinámicos de carretera mediante los formatos a los que remiten los artículos 5 y 6.,FORMAT,Titular de datos,Usuarios de datos,MANDATORY_DUTY,TRUE,FALSE,,PASS,La proposición se contrasta con el source fact literal disponible.,PASS,Una proposición evaluable.,PASS,Actor conservado según sujeto expreso de la fuente.,NOT_APPLICABLE,No se configura deber condicional.,NONE,,,,,,TRUE,Reglamento Delegado (UE) 2015/962,formato normalizado / formatos indicados en artículos 4-6,FORMATSPEC,PARTIAL,Núcleo legal identificable; detalle externo pendiente y no interpretado.,READY,REQUIRED_LATER,MIXED,Evidencia técnica y documental de aplicabilidad/compatibilidad.,FALSE,NOT_MATERIALIZED,Sin fila equivalente por proposed_requirement_id.,READY_WITH_EXTERNAL_DEPENDENCY,Núcleo del Reglamento identificable; detalle externo pendiente.,dependencia externa parcial,,HOLD_EXTERNAL,Reglamento Delegado (UE) 2015/962,G2-021,G2-021,EU-2017-1926-PROP-A05-P01-002,Titular de datos,Usuarios de datos,,APPROVED_WITH_EXTERNAL_DEPENDENCY,"Núcleo legal aprobado; detalle externo no interpretado, dependencia PARTIAL conservada.",,TRUE,,,,,INSERT_NEW
EU-2017-1926-CAND-A05-P01-003,GATE_1_ATOMIC_PROPOSAL,EU-REG-2017-1926,EU-2017-1926-ART05,"Artículo 5, apartado 1, letra b)",EU-2017-1926-SF-A05-P01-OTHER,"Por lo que se refiere a los demás modos de transporte, mediante cualquiera de las siguientes normas y especificaciones técnicas, o mediante cualquier formato digital legible por máquina que pueda demostrarse que es plenamente compatible e interoperable con dichas normas y especificaciones técnicas, por ejemplo, a través de convertidores y validadores automáticos: i) SIRI CEN/TS 15531 y versiones posteriores; ii) las especificaciones técnicas establecidas en el Reglamento (UE) n.o 454/2011.","Para otros modos, utilizar una norma/especificación enumerada o un formato digital legible por máquina que pueda demostrarse plenamente compatible e interoperable.",INTEROPERABILITY,Titular de datos,Usuarios de datos,MANDATORY_DUTY,TRUE,FALSE,,PASS,La proposición se contrasta con el source fact literal disponible.,PASS,Una proposición evaluable.,PASS,Actor conservado según sujeto expreso de la fuente.,NOT_APPLICABLE,No se configura deber condicional.,NONE,,,,,,TRUE,Reglamento (UE) n.º 454/2011,especificaciones técnicas establecidas en el Reglamento,FORMATSPEC,PARTIAL,Núcleo legal identificable; detalle externo pendiente y no interpretado.,READY,REQUIRED_LATER,MIXED,Evidencia técnica y documental de aplicabilidad/compatibilidad.,FALSE,NOT_MATERIALIZED,Sin fila equivalente por proposed_requirement_id.,READY_WITH_EXTERNAL_DEPENDENCY,Núcleo del Reglamento identificable; detalle externo pendiente.,dependencia externa parcial,,HOLD_EXTERNAL,Reglamento (UE) n.º 454/2011,G2-022,G2-022,EU-2017-1926-PROP-A05-P01-003,Titular de datos,Usuarios de datos,,APPROVED_WITH_EXTERNAL_DEPENDENCY,"Núcleo legal aprobado; detalle externo no interpretado, dependencia PARTIAL conservada.",,TRUE,,,,,INSERT_NEW
EU-2017-1926-CAND-A05-P02-001,GATE_1_ATOMIC_PROPOSAL,EU-REG-2017-1926,EU-2017-1926-ART05,"Artículo 5, apartado 2",EU-2017-1926-SF-A05-P02,"Los datos dinámicos sobre desplazamientos y tráfico a que se refieren los puntos 2.1 y 2.2 del anexo, a los que son aplicables SIRI y DATEX II, se representarán mediante perfiles mínimos de la UE o nacionales.",Los datos dinámicos de los puntos 2.1 y 2.2 del anexo a los que sean aplicables SIRI y DATEX II se representarán mediante perfiles mínimos de la UE o nacionales.,FORMAT,Titular de datos,Usuarios de datos,CONDITIONAL_MANDATORY_DUTY,TRUE,TRUE,Los datos dinámicos de los puntos 2.1 y 2.2 del anexo a los que sean aplicables SIRI y DATEX II.,PASS,La proposición se contrasta con el source fact literal disponible.,PASS,Una proposición evaluable.,PASS,Actor conservado según sujeto expreso de la fuente.,PASS,Condición expresada.,NONE,,,,,,FALSE,,,,NONE,,READY,NOT_REQUIRED,MIXED,Evidencia técnica y documental de aplicabilidad/compatibilidad.,FALSE,NOT_MATERIALIZED,Sin fila equivalente por proposed_requirement_id.,READY_FOR_MATERIALIZATION,Propuesta trazable para revisión humana; no implica aprobación.,,,APPROVE_WITH_CHANGES,,G2-023,G2-023,EU-2017-1926-PROP-A05-P02-001,Titular de datos,Usuarios de datos,,APPROVED_PENDING_MATERIALIZATION,"Aprobación humana documental de la propuesta existente, sin reabrir interpretación ni materializar.",,TRUE,,,,,INSERT_NEW
EU-2017-1926-CAND-A05-P03-001,GATE_1_ATOMIC_PROPOSAL,EU-REG-2017-1926,EU-2017-1926-ART05,"Artículo 5, apartado 3, letra a)",EU-2017-1926-SF-A05-P03-A,"En relación con los datos de desplazamientos y tráfico establecidos en el punto 2.1 del anexo para la red RTE-T global, a más tardar el 1 de diciembre de 2025.",Facilitar los datos del punto 2.1 del anexo para la red RTE-T global a más tardar el 1 de diciembre de 2025.,DEADLINE,Titular de datos,Usuarios de datos,MANDATORY_DUTY,TRUE,FALSE,,PASS,La proposición se contrasta con el source fact literal disponible.,PASS,Una proposición evaluable.,PASS,Actor conservado según sujeto expreso de la fuente.,NOT_APPLICABLE,No se configura deber condicional.,EXPLICIT_DATE,2025-12-01,"En relación con los datos de desplazamientos y tráfico establecidos en el punto 2.1 del anexo para la red RTE-T global, a más tardar el 1 de diciembre de 2025.",red RTE-T global,punto 2.1,,FALSE,,,,NONE,,READY,NOT_REQUIRED,DOCUMENTARY_AUDITABLE,Evidencia documental o de procedimiento.,FALSE,NOT_MATERIALIZED,Sin fila equivalente por proposed_requirement_id.,READY_FOR_MATERIALIZATION,Propuesta trazable para revisión humana; no implica aprobación.,,"Artículo 5, apartado 3, letra a)",APPROVE_AS_IS,,G2-024,G2-024,EU-2017-1926-PROP-A05-P03-001,Titular de datos,Usuarios de datos,2025-12-01,APPROVED_PENDING_MATERIALIZATION,"Aprobación humana documental de la propuesta existente, sin reabrir interpretación ni materializar.",,TRUE,,,,,INSERT_NEW
EU-2017-1926-CAND-A05-P03-002,GATE_1_ATOMIC_PROPOSAL,EU-REG-2017-1926,EU-2017-1926-ART05,"Artículo 5, apartado 3, letra b)",EU-2017-1926-SF-A05-P03-B,"En relación con los datos de desplazamientos y tráfico establecidos en el punto 2.2 del anexo para la red RTE-T global, a más tardar el 1 de diciembre de 2026.",Facilitar los datos del punto 2.2 del anexo para la red RTE-T global a más tardar el 1 de diciembre de 2026.,DEADLINE,Titular de datos,Usuarios de datos,MANDATORY_DUTY,TRUE,FALSE,,PASS,La proposición se contrasta con el source fact literal disponible.,PASS,Una proposición evaluable.,PASS,Actor conservado según sujeto expreso de la fuente.,NOT_APPLICABLE,No se configura deber condicional.,EXPLICIT_DATE,2026-12-01,"En relación con los datos de desplazamientos y tráfico establecidos en el punto 2.2 del anexo para la red RTE-T global, a más tardar el 1 de diciembre de 2026.",red RTE-T global,punto 2.2,,FALSE,,,,NONE,,READY,NOT_REQUIRED,DOCUMENTARY_AUDITABLE,Evidencia documental o de procedimiento.,FALSE,NOT_MATERIALIZED,Sin fila equivalente por proposed_requirement_id.,READY_FOR_MATERIALIZATION,Propuesta trazable para revisión humana; no implica aprobación.,,"Artículo 5, apartado 3, letra b)",APPROVE_AS_IS,,G2-025,G2-025,EU-2017-1926-PROP-A05-P03-002,Titular de datos,Usuarios de datos,2026-12-01,APPROVED_PENDING_MATERIALIZATION,"Aprobación humana documental de la propuesta existente, sin reabrir interpretación ni materializar.",,TRUE,,,,,INSERT_NEW
EU-2017-1926-CAND-A05-P03-003,GATE_1_ATOMIC_PROPOSAL,EU-REG-2017-1926,EU-2017-1926-ART05,"Artículo 5, apartado 3, letra c)",EU-2017-1926-SF-A05-P03-C,"En relación con los datos de desplazamientos y tráfico establecidos en los puntos 2.1 y 2.2 del anexo para las demás partes de la red de transporte de la Unión, a más tardar el 1 de diciembre de 2028.",Facilitar datos de los puntos 2.1 y 2.2 para las demás partes de la red de la Unión a más tardar el 1 de diciembre de 2028.,DEADLINE,Titular de datos,Usuarios de datos,MANDATORY_DUTY,TRUE,FALSE,,PASS,La proposición se contrasta con el source fact literal disponible.,PASS,Una proposición evaluable.,PASS,Actor conservado según sujeto expreso de la fuente.,NOT_APPLICABLE,No se configura deber condicional.,EXPLICIT_DATE,2028-12-01,"En relación con los datos de desplazamientos y tráfico establecidos en los puntos 2.1 y 2.2 del anexo para las demás partes de la red de transporte de la Unión, a más tardar el 1 de diciembre de 2028.",,,,FALSE,,,,NONE,,READY,NOT_REQUIRED,DOCUMENTARY_AUDITABLE,Evidencia documental o de procedimiento.,FALSE,NOT_MATERIALIZED,Sin fila equivalente por proposed_requirement_id.,READY_FOR_MATERIALIZATION,Propuesta trazable para revisión humana; no implica aprobación.,,"Artículo 5, apartado 3, letra c)",APPROVE_AS_IS,,G2-026,G2-026,EU-2017-1926-PROP-A05-P03-003,Titular de datos,Usuarios de datos,2028-12-01,APPROVED_PENDING_MATERIALIZATION,"Aprobación humana documental de la propuesta existente, sin reabrir interpretación ni materializar.",,TRUE,,,,,INSERT_NEW
EU-2017-1926-CAND-A05-P04-001,GATE_1_ATOMIC_PROPOSAL,EU-REG-2017-1926,EU-2017-1926-ART05,"Artículo 5, apartado 4",EU-2017-1926-SF-A05-P04,"Cada Estado miembro podrá decidir que los titulares de datos faciliten los datos dinámicos de desplazamientos y tráfico de los diferentes modos de transporte enumerados en el punto 2.3 del anexo, en el territorio de dicho Estado miembro, a través del punto de acceso nacional establecido de conformidad con el artículo 3. En ese caso, los titulares de datos utilizarán SIRI CEN/TS 15531 y versiones posteriores o cualquier formato digital legible por máquina que pueda demostrarse que es plenamente compatible e interoperable con dichas normas y especificaciones técnicas.","Si el Estado miembro decide que los titulares faciliten por el punto de acceso nacional los datos dinámicos del punto 2.3 del anexo, los titulares utilizarán SIRI o un formato digital legible por máquina demostrablemente plenamente compatible e interoperable.",FORMAT,Titular de datos,Usuarios de datos,CONDITIONAL_MANDATORY_DUTY,TRUE,TRUE,"El Estado miembro ha decidido que los titulares faciliten, a través del punto de acceso nacional, los datos dinámicos enumerados en el punto 2.3 del anexo.",PASS,La proposición se contrasta con el source fact literal disponible.,PASS,Una proposición evaluable.,PASS,Actor conservado según sujeto expreso de la fuente.,PASS,Condición expresada.,NONE,,,,,,FALSE,,,,NONE,,READY,NOT_REQUIRED,MIXED,Evidencia técnica y documental de aplicabilidad/compatibilidad.,FALSE,NOT_MATERIALIZED,Sin fila equivalente por proposed_requirement_id.,READY_FOR_MATERIALIZATION,Propuesta trazable para revisión humana; no implica aprobación.,,,APPROVE_WITH_CHANGES,,G2-027,G2-027,EU-2017-1926-PROP-A05-P04-001,Titular de datos,Usuarios de datos,,APPROVED_PENDING_MATERIALIZATION,"Aprobación humana documental de la propuesta existente, sin reabrir interpretación ni materializar.",,TRUE,,,,,INSERT_NEW
EU-2017-1926-CAND-A06-P02-001,GATE_1_ATOMIC_PROPOSAL,EU-REG-2017-1926,EU-2017-1926-ART06,"Artículo 6, apartado 2",EU-2017-1926-SF-A06-P02,"Cuando se produzcan cambios en los datos a que se refiere el apartado 1 del presente artículo, los titulares de datos actualizarán los datos estáticos, históricos, observados y dinámicos pertinentes de desplazamientos y tráfico enumerados en el anexo y los harán accesibles a través del punto de acceso nacional establecido de conformidad con el artículo 3 en un plazo que permita su utilización fiable y efectiva, de conformidad con el artículo 8. Cuando los cambios se conozcan con antelación, los titulares de datos también facilitarán dichas actualizaciones a los usuarios de datos con antelación. Además, corregirán oportunamente cualquier inexactitud que detecten o que les indiquen los usuarios de datos y los usuarios finales.","Cuando se produzcan cambios en los datos del artículo 6, apartado 1, el titular actualizará los datos pertinentes enumerados en el anexo y los hará accesibles a través del punto de acceso nacional en un plazo que permita su utilización fiable y efectiva, de conformidad con el artículo 8.",UPDATE,Titular de datos,Usuarios de datos y usuarios finales,CONDITIONAL_MANDATORY_DUTY,TRUE,TRUE,"Cuando se produzcan cambios en los datos a que se refiere el artículo 6, apartado 1.",PASS,La proposición se contrasta con el source fact literal disponible.,PASS,Una proposición evaluable.,PASS,Actor conservado según sujeto expreso de la fuente.,PASS,Condición expresada.,FUNCTIONAL_TIME_REQUIREMENT,,"en un plazo que permita su utilización fiable y efectiva — Cuando se produzcan cambios en los datos a que se refiere el apartado 1 del presente artículo, los titulares de datos actualizarán los datos estáticos, históricos, observados y dinámicos pertinentes de desplazamientos y tráfico enumerados en el anexo y los harán accesibles a través del punto de acceso nacional establecido de conformidad con el artículo 3 en un plazo que permita su utilización fiable y efectiva, de conformidad con el artículo 8. Cuando los cambios se conozcan con antelación, los titulares de datos también facilitarán dichas actualizaciones a los usuarios de datos con antelación. Además, corregirán oportunamente cualquier inexactitud que detecten o que les indiquen los usuarios de datos y los usuarios finales.",,,,FALSE,,,,NONE,,READY,NOT_REQUIRED,TECHNICALLY_AUDITABLE,Puede observarse en datos/interfaz; no es conclusión legal.,FALSE,NOT_MATERIALIZED,Sin fila equivalente por proposed_requirement_id.,READY_FOR_MATERIALIZATION,Propuesta trazable para revisión humana; no implica aprobación.,,,SPLIT,,G2-028,G2-028,A06-P02-001-01,Titular de datos,Usuarios de datos y usuarios finales,en un plazo que permita su utilización fiable y efectiva,APPROVED_PENDING_MATERIALIZATION,"Aprobación humana documental de la propuesta existente, sin reabrir interpretación ni materializar.",,TRUE,,,,,INSERT_NEW
EU-2017-1926-CAND-A06-P02-001,GATE_1_ATOMIC_PROPOSAL,EU-REG-2017-1926,EU-2017-1926-ART06,"Artículo 6, apartado 2",EU-2017-1926-SF-A06-P02,"Cuando se produzcan cambios en los datos a que se refiere el apartado 1 del presente artículo, los titulares de datos actualizarán los datos estáticos, históricos, observados y dinámicos pertinentes de desplazamientos y tráfico enumerados en el anexo y los harán accesibles a través del punto de acceso nacional establecido de conformidad con el artículo 3 en un plazo que permita su utilización fiable y efectiva, de conformidad con el artículo 8. Cuando los cambios se conozcan con antelación, los titulares de datos también facilitarán dichas actualizaciones a los usuarios de datos con antelación. Además, corregirán oportunamente cualquier inexactitud que detecten o que les indiquen los usuarios de datos y los usuarios finales.","Cuando los cambios se conozcan con antelación, el titular facilitará dichas actualizaciones a los usuarios de datos con antelación.",UPDATE,Titular de datos,Usuarios de datos y usuarios finales,CONDITIONAL_MANDATORY_DUTY,TRUE,TRUE,Cuando los cambios se conozcan con antelación.,PASS,La proposición se contrasta con el source fact literal disponible.,PASS,Una proposición evaluable.,PASS,Actor conservado según sujeto expreso de la fuente.,PASS,Condición expresada.,FUNCTIONAL_TIME_REQUIREMENT,,"con antelación — Cuando se produzcan cambios en los datos a que se refiere el apartado 1 del presente artículo, los titulares de datos actualizarán los datos estáticos, históricos, observados y dinámicos pertinentes de desplazamientos y tráfico enumerados en el anexo y los harán accesibles a través del punto de acceso nacional establecido de conformidad con el artículo 3 en un plazo que permita su utilización fiable y efectiva, de conformidad con el artículo 8. Cuando los cambios se conozcan con antelación, los titulares de datos también facilitarán dichas actualizaciones a los usuarios de datos con antelación. Además, corregirán oportunamente cualquier inexactitud que detecten o que les indiquen los usuarios de datos y los usuarios finales.",,,,FALSE,,,,NONE,,READY,NOT_REQUIRED,TECHNICALLY_AUDITABLE,Puede observarse en datos/interfaz; no es conclusión legal.,FALSE,NOT_MATERIALIZED,Sin fila equivalente por proposed_requirement_id.,READY_FOR_MATERIALIZATION,Propuesta trazable para revisión humana; no implica aprobación.,,,SPLIT,,G2-029,G2-029,A06-P02-001-02,Titular de datos,Usuarios de datos y usuarios finales,con antelación,APPROVED_PENDING_MATERIALIZATION,"Aprobación humana documental de la propuesta existente, sin reabrir interpretación ni materializar.",,TRUE,,,,,INSERT_NEW
EU-2017-1926-CAND-A06-P02-001,GATE_1_ATOMIC_PROPOSAL,EU-REG-2017-1926,EU-2017-1926-ART06,"Artículo 6, apartado 2",EU-2017-1926-SF-A06-P02,"Cuando se produzcan cambios en los datos a que se refiere el apartado 1 del presente artículo, los titulares de datos actualizarán los datos estáticos, históricos, observados y dinámicos pertinentes de desplazamientos y tráfico enumerados en el anexo y los harán accesibles a través del punto de acceso nacional establecido de conformidad con el artículo 3 en un plazo que permita su utilización fiable y efectiva, de conformidad con el artículo 8. Cuando los cambios se conozcan con antelación, los titulares de datos también facilitarán dichas actualizaciones a los usuarios de datos con antelación. Además, corregirán oportunamente cualquier inexactitud que detecten o que les indiquen los usuarios de datos y los usuarios finales.",El titular corregirá oportunamente cualquier inexactitud que detecte o que le indiquen los usuarios de datos y los usuarios finales.,UPDATE,Titular de datos,Usuarios de datos y usuarios finales,MANDATORY_DUTY,TRUE,FALSE,,PASS,La proposición se contrasta con el source fact literal disponible.,PASS,Una proposición evaluable.,PASS,Actor conservado según sujeto expreso de la fuente.,NOT_APPLICABLE,No se configura deber condicional.,FUNCTIONAL_TIME_REQUIREMENT,,oportunamente,,,,FALSE,,,,NONE,,READY,NOT_REQUIRED,TECHNICALLY_AUDITABLE,Puede observarse en datos/interfaz; no es conclusión legal.,FALSE,NOT_MATERIALIZED,Sin fila equivalente por proposed_requirement_id.,READY_FOR_MATERIALIZATION,Propuesta trazable para revisión humana; no implica aprobación.,,,SPLIT,,G2-030,G2-030,A06-P02-001-03,Titular de datos,Usuarios de datos y usuarios finales,oportunamente,APPROVED_WITH_CHANGES_PENDING_MATERIALIZATION,Decisión humana: actor conservador y/o división atómica y/o METADATA_CORRECTION según informes específicos.,,TRUE,,,,,INSERT_NEW
EU-2017-1926-CAND-A07-P01-001,GATE_1_ATOMIC_PROPOSAL,EU-REG-2017-1926,EU-2017-1926-ART07,"Artículo 7, apartado 1",EU-2017-1926-SF-A07-P01,"Previa solicitud, los proveedores de servicios de información sobre desplazamientos comunicarán a otro proveedor de servicios de información sobre desplazamientos los resultados de encaminamiento sobre la base de información estática, histórica, observada y dinámica de desplazamientos y tráfico.","A solicitud, los proveedores comunicarán a otro proveedor resultados de encaminamiento basados en los datos enumerados.",ROUTING,Proveedor de servicios de información sobre desplazamientos,Otro proveedor solicitante,CONDITIONAL_MANDATORY_DUTY,TRUE,TRUE,Previa solicitud de otro proveedor de servicios de información sobre desplazamientos.,PASS,La proposición se contrasta con el source fact literal disponible.,PASS,Una proposición evaluable.,PASS,Actor conservado según sujeto expreso de la fuente.,PASS,Condición expresada.,NONE,,,,,,FALSE,,,,NONE,,READY,NOT_REQUIRED,MIXED,Combina evidencia técnica/documental o criterio cualitativo.,FALSE,NOT_MATERIALIZED,Sin fila equivalente por proposed_requirement_id.,READY_FOR_MATERIALIZATION,Propuesta trazable para revisión humana; no implica aprobación.,,,APPROVE_AS_IS,,G2-031,G2-031,EU-2017-1926-PROP-A07-P01-001,Proveedor de servicios de información sobre desplazamientos,Otro proveedor solicitante,,APPROVED_PENDING_MATERIALIZATION,"Aprobación humana documental de la propuesta existente, sin reabrir interpretación ni materializar.",,TRUE,,,,,INSERT_NEW
EU-2017-1926-CAND-A08-P01-001,GATE_1_ATOMIC_PROPOSAL,EU-REG-2017-1926,EU-2017-1926-ART08,"Artículo 8, apartado 1",EU-2017-1926-SF-A08-P01,"Los datos de desplazamientos y tráfico enumerados en el anexo y los metadatos correspondientes, incluida la información sobre su calidad, serán accesibles para su intercambio y reutilización dentro de la Unión de forma no discriminatoria, a través del punto de acceso nacional establecido de conformidad con el artículo 3 y en un plazo que permita la reutilización fiable y efectiva de los datos. Esos datos serán exactos, actualizados y se basarán en requisitos mínimos de calidad. A tal efecto, los Estados miembros, en cooperación con las partes interesadas pertinentes de los STI, alcanzarán un acuerdo sobre dichos requisitos mínimos de calidad de los datos.","Los datos de desplazamientos y tráfico enumerados en el anexo y los metadatos correspondientes, incluida la información sobre su calidad, serán accesibles para su intercambio y reutilización dentro de la Unión de forma no discriminatoria, a través del punto de acceso nacional establecido de conformidad con el artículo 3.",ACCESS,Titular de datos,Usuarios de datos,MANDATORY_DUTY,TRUE,FALSE,,PASS,La proposición se contrasta con el source fact literal disponible.,PASS,Una proposición resultante de la división humana explícita.,RESOLVED,"La disposición predica la regla del sujeto textual indicado, sin identificar expresamente una categoría única de actor jurídicamente responsable. Se aplica la decisión humana conservadora; no se infiere actor operativo.",NOT_APPLICABLE,No se configura deber condicional.,NONE,,,,,,FALSE,,,,NONE,,READY,NOT_REQUIRED,TECHNICALLY_AUDITABLE,Puede observarse en datos/interfaz; no es conclusión legal.,FALSE,NOT_MATERIALIZED,Hijo documental nuevo; no persistido.,NEEDS_SPLIT,Separar criterios evaluables antes de materializar.,atomicidad; actor,,SPLIT,,G2-032-A,G2-032,A08-P01-001-01-A,UNSPECIFIED_IN_PROVISION,Usuarios de datos,,APPROVED_WITH_CHANGES_PENDING_MATERIALIZATION,Decisión humana: actor conservador y/o división atómica y/o METADATA_CORRECTION según informes específicos.,DATA_ACCESS_REUSE,TRUE,,"Los datos de desplazamientos y tráfico enumerados en el anexo y los metadatos correspondientes, incluida la información sobre su calidad","Los datos de desplazamientos y tráfico enumerados en el anexo y los metadatos correspondientes, incluida la información sobre su calidad",,INSERT_NEW
EU-2017-1926-CAND-A08-P01-001,GATE_1_ATOMIC_PROPOSAL,EU-REG-2017-1926,EU-2017-1926-ART08,"Artículo 8, apartado 1",EU-2017-1926-SF-A08-P01,"Los datos de desplazamientos y tráfico enumerados en el anexo y los metadatos correspondientes, incluida la información sobre su calidad, serán accesibles para su intercambio y reutilización dentro de la Unión de forma no discriminatoria, a través del punto de acceso nacional establecido de conformidad con el artículo 3 y en un plazo que permita la reutilización fiable y efectiva de los datos. Esos datos serán exactos, actualizados y se basarán en requisitos mínimos de calidad. A tal efecto, los Estados miembros, en cooperación con las partes interesadas pertinentes de los STI, alcanzarán un acuerdo sobre dichos requisitos mínimos de calidad de los datos.","Los datos de desplazamientos y tráfico enumerados en el anexo y los metadatos correspondientes, incluida la información sobre su calidad, serán accesibles en un plazo que permita la reutilización fiable y efectiva de los datos.",ACCESS,Titular de datos,Usuarios de datos,MANDATORY_DUTY,TRUE,FALSE,,PASS,La proposición se contrasta con el source fact literal disponible.,PASS,Una proposición resultante de la división humana explícita.,RESOLVED,"La disposición predica la regla del sujeto textual indicado, sin identificar expresamente una categoría única de actor jurídicamente responsable. Se aplica la decisión humana conservadora; no se infiere actor operativo.",NOT_APPLICABLE,No se configura deber condicional.,FUNCTIONAL_TIME_REQUIREMENT,,,,,,FALSE,,,,NONE,,READY,NOT_REQUIRED,TECHNICALLY_AUDITABLE,Puede observarse en datos/interfaz; no es conclusión legal.,FALSE,NOT_MATERIALIZED,Hijo documental nuevo; no persistido.,NEEDS_SPLIT,Separar criterios evaluables antes de materializar.,atomicidad; actor,,SPLIT,,G2-032-B,G2-032,A08-P01-001-01-B,UNSPECIFIED_IN_PROVISION,Usuarios de datos,en un plazo que permita la reutilización fiable y efectiva,APPROVED_WITH_CHANGES_PENDING_MATERIALIZATION,Decisión humana: actor conservador y/o división atómica y/o METADATA_CORRECTION según informes específicos.,REUSE_TIMELINESS,TRUE,,"Los datos de desplazamientos y tráfico enumerados en el anexo y los metadatos correspondientes, incluida la información sobre su calidad","Los datos de desplazamientos y tráfico enumerados en el anexo y los metadatos correspondientes, incluida la información sobre su calidad",,INSERT_NEW
EU-2017-1926-CAND-A08-P01-001,GATE_1_ATOMIC_PROPOSAL,EU-REG-2017-1926,EU-2017-1926-ART08,"Artículo 8, apartado 1",EU-2017-1926-SF-A08-P01,"Los datos de desplazamientos y tráfico enumerados en el anexo y los metadatos correspondientes, incluida la información sobre su calidad, serán accesibles para su intercambio y reutilización dentro de la Unión de forma no discriminatoria, a través del punto de acceso nacional establecido de conformidad con el artículo 3 y en un plazo que permita la reutilización fiable y efectiva de los datos. Esos datos serán exactos, actualizados y se basarán en requisitos mínimos de calidad. A tal efecto, los Estados miembros, en cooperación con las partes interesadas pertinentes de los STI, alcanzarán un acuerdo sobre dichos requisitos mínimos de calidad de los datos.",Los datos serán exactos y actualizados.,QUALITY,Titular de datos,Usuarios de datos,MANDATORY_DUTY,TRUE,FALSE,,PASS,La proposición se contrasta con el source fact literal disponible.,PASS,Una proposición evaluable.,PASS,Actor conservado según sujeto expreso de la fuente.,NOT_APPLICABLE,No se configura deber condicional.,NONE,,,,,,FALSE,,,,NONE,,READY,NOT_REQUIRED,MIXED,Combina evidencia técnica/documental o criterio cualitativo.,FALSE,NOT_MATERIALIZED,Sin fila equivalente por proposed_requirement_id.,READY_FOR_MATERIALIZATION,Propuesta trazable para revisión humana; no implica aprobación.,,,SPLIT,,G2-033,G2-033,A08-P01-001-02,Titular de datos,Usuarios de datos,,APPROVED_PENDING_MATERIALIZATION,"Aprobación humana documental de la propuesta existente, sin reabrir interpretación ni materializar.",,TRUE,,,,,INSERT_NEW
EU-2017-1926-CAND-A08-P01-001,GATE_1_ATOMIC_PROPOSAL,EU-REG-2017-1926,EU-2017-1926-ART08,"Artículo 8, apartado 1",EU-2017-1926-SF-A08-P01,"Los datos de desplazamientos y tráfico enumerados en el anexo y los metadatos correspondientes, incluida la información sobre su calidad, serán accesibles para su intercambio y reutilización dentro de la Unión de forma no discriminatoria, a través del punto de acceso nacional establecido de conformidad con el artículo 3 y en un plazo que permita la reutilización fiable y efectiva de los datos. Esos datos serán exactos, actualizados y se basarán en requisitos mínimos de calidad. A tal efecto, los Estados miembros, en cooperación con las partes interesadas pertinentes de los STI, alcanzarán un acuerdo sobre dichos requisitos mínimos de calidad de los datos.",Los datos se basarán en requisitos mínimos de calidad.,QUALITY,Titular de datos,Usuarios de datos,MANDATORY_DUTY,TRUE,FALSE,,PASS,La proposición se contrasta con el source fact literal disponible.,PASS,Una proposición evaluable.,PASS,Actor conservado según sujeto expreso de la fuente.,NOT_APPLICABLE,No se configura deber condicional.,NONE,,,,,,FALSE,,,,NONE,,READY,NOT_REQUIRED,MIXED,Combina evidencia técnica/documental o criterio cualitativo.,FALSE,NOT_MATERIALIZED,Sin fila equivalente por proposed_requirement_id.,READY_FOR_MATERIALIZATION,Propuesta trazable para revisión humana; no implica aprobación.,,,SPLIT,,G2-034,G2-034,A08-P01-001-03,Titular de datos,Usuarios de datos,,APPROVED_PENDING_MATERIALIZATION,"Aprobación humana documental de la propuesta existente, sin reabrir interpretación ni materializar.",,TRUE,,,,,INSERT_NEW
EU-2017-1926-CAND-A08-P01-001,GATE_1_ATOMIC_PROPOSAL,EU-REG-2017-1926,EU-2017-1926-ART08,"Artículo 8, apartado 1",EU-2017-1926-SF-A08-P01,"Los datos de desplazamientos y tráfico enumerados en el anexo y los metadatos correspondientes, incluida la información sobre su calidad, serán accesibles para su intercambio y reutilización dentro de la Unión de forma no discriminatoria, a través del punto de acceso nacional establecido de conformidad con el artículo 3 y en un plazo que permita la reutilización fiable y efectiva de los datos. Esos datos serán exactos, actualizados y se basarán en requisitos mínimos de calidad. A tal efecto, los Estados miembros, en cooperación con las partes interesadas pertinentes de los STI, alcanzarán un acuerdo sobre dichos requisitos mínimos de calidad de los datos.","El Estado miembro, en cooperación con las partes interesadas pertinentes de los STI, alcanzará un acuerdo sobre los requisitos mínimos de calidad de los datos.",QUALITY,Estado miembro,Partes interesadas pertinentes de los STI,MANDATORY_DUTY,TRUE,FALSE,,PASS,La proposición se contrasta con el source fact literal disponible.,PASS,Una proposición evaluable.,PASS,Actor conservado según sujeto expreso de la fuente.,NOT_APPLICABLE,No se configura deber condicional.,NONE,,,,,,FALSE,,,,NONE,,READY,NOT_REQUIRED,MIXED,Combina evidencia técnica/documental o criterio cualitativo.,FALSE,NOT_MATERIALIZED,Sin fila equivalente por proposed_requirement_id.,READY_FOR_MATERIALIZATION,Propuesta trazable para revisión humana; no implica aprobación.,,,SPLIT,,G2-035,G2-035,A08-P01-001-04,Estado miembro,Partes interesadas pertinentes de los STI,,APPROVED_PENDING_MATERIALIZATION,"Aprobación humana documental de la propuesta existente, sin reabrir interpretación ni materializar.",,TRUE,,,,,INSERT_NEW
EU-2017-1926-CAND-A08-P02-001,GATE_1_ATOMIC_PROPOSAL,EU-REG-2017-1926,EU-2017-1926-ART08,"Artículo 8, apartado 2",EU-2017-1926-SF-A08-P02,"Los datos a que se hace referencia en el apartado 1 deberán reutilizarse de manera neutral sin discriminación o parcialidad alguna con respecto al titular de los datos. Los criterios utilizados para ordenar las opciones de desplazamiento de los diferentes modos de transporte, o combinaciones de estos, o ambas cosas, deberán ser transparentes y no estar basados en ningún factor directa o indirectamente relacionado con la identidad del usuario de datos o del usuario final o, si la hubiera, la consideración comercial relacionada con la reutilización de los datos, y deberán aplicarse de forma no discriminatoria a todos los usuarios de datos o usuarios finales participantes. La primera presentación de itinerario de viaje no deberá inducir a error al usuario final.","Los datos del artículo 8, apartado 1, se reutilizarán de manera neutral, sin discriminación o parcialidad con respecto al titular de los datos.",REUSE,Usuario de datos / proveedor de servicio,Usuarios finales,MANDATORY_DUTY,TRUE,FALSE,,PASS,La proposición se contrasta con el source fact literal disponible.,PASS,Una proposición evaluable.,RESOLVED,"La disposición predica la regla del sujeto textual indicado, sin identificar expresamente una categoría única de actor jurídicamente responsable. Se aplica la decisión humana conservadora; no se infiere actor operativo.",NOT_APPLICABLE,No se configura deber condicional.,NONE,,,,,,FALSE,,,,NONE,,READY,NOT_REQUIRED,MIXED,Combina evidencia técnica/documental o criterio cualitativo.,FALSE,NOT_MATERIALIZED,Sin fila equivalente por proposed_requirement_id.,NEEDS_HUMAN_CHANGE,"Requiere decisión humana sobre fidelidad, actor, condición o fila existente.",actor,,SPLIT,,G2-036,G2-036,A08-P02-001-01,UNSPECIFIED_IN_PROVISION,Usuarios finales,,APPROVED_WITH_CHANGES_PENDING_MATERIALIZATION,Decisión humana: actor conservador y/o división atómica y/o METADATA_CORRECTION según informes específicos.,,TRUE,,Los datos a que se hace referencia en el apartado 1,Los datos a que se hace referencia en el apartado 1,,INSERT_NEW
EU-2017-1926-CAND-A08-P02-001,GATE_1_ATOMIC_PROPOSAL,EU-REG-2017-1926,EU-2017-1926-ART08,"Artículo 8, apartado 2",EU-2017-1926-SF-A08-P02,"Los datos a que se hace referencia en el apartado 1 deberán reutilizarse de manera neutral sin discriminación o parcialidad alguna con respecto al titular de los datos. Los criterios utilizados para ordenar las opciones de desplazamiento de los diferentes modos de transporte, o combinaciones de estos, o ambas cosas, deberán ser transparentes y no estar basados en ningún factor directa o indirectamente relacionado con la identidad del usuario de datos o del usuario final o, si la hubiera, la consideración comercial relacionada con la reutilización de los datos, y deberán aplicarse de forma no discriminatoria a todos los usuarios de datos o usuarios finales participantes. La primera presentación de itinerario de viaje no deberá inducir a error al usuario final.","Los criterios utilizados para ordenar las opciones de desplazamiento de los diferentes modos de transporte, o combinaciones de estos, o ambas cosas, deberán ser transparentes.",REUSE,Usuario de datos / proveedor de servicio,Usuarios finales,MANDATORY_DUTY,TRUE,FALSE,,PASS,La proposición se contrasta con el source fact literal disponible.,PASS,Una proposición resultante de la división humana explícita.,RESOLVED,"La disposición predica la regla del sujeto textual indicado, sin identificar expresamente una categoría única de actor jurídicamente responsable. Se aplica la decisión humana conservadora; no se infiere actor operativo.",NOT_APPLICABLE,No se configura deber condicional.,NONE,,,,,,FALSE,,,,NONE,,READY,NOT_REQUIRED,MIXED,Combina evidencia técnica/documental o criterio cualitativo.,FALSE,NOT_MATERIALIZED,Hijo documental nuevo; no persistido.,NEEDS_SPLIT,Separar criterios evaluables antes de materializar.,atomicidad; actor,,SPLIT,,G2-037-A,G2-037,A08-P02-001-02-A,UNSPECIFIED_IN_PROVISION,Usuarios finales,,APPROVED_WITH_CHANGES_PENDING_MATERIALIZATION,Decisión humana: actor conservador y/o división atómica y/o METADATA_CORRECTION según informes específicos.,RANKING_TRANSPARENCY,TRUE,,"Los criterios utilizados para ordenar las opciones de desplazamiento de los diferentes modos de transporte, o combinaciones de estos, o ambas cosas","Los criterios utilizados para ordenar las opciones de desplazamiento de los diferentes modos de transporte, o combinaciones de estos, o ambas cosas",,INSERT_NEW
EU-2017-1926-CAND-A08-P02-001,GATE_1_ATOMIC_PROPOSAL,EU-REG-2017-1926,EU-2017-1926-ART08,"Artículo 8, apartado 2",EU-2017-1926-SF-A08-P02,"Los datos a que se hace referencia en el apartado 1 deberán reutilizarse de manera neutral sin discriminación o parcialidad alguna con respecto al titular de los datos. Los criterios utilizados para ordenar las opciones de desplazamiento de los diferentes modos de transporte, o combinaciones de estos, o ambas cosas, deberán ser transparentes y no estar basados en ningún factor directa o indirectamente relacionado con la identidad del usuario de datos o del usuario final o, si la hubiera, la consideración comercial relacionada con la reutilización de los datos, y deberán aplicarse de forma no discriminatoria a todos los usuarios de datos o usuarios finales participantes. La primera presentación de itinerario de viaje no deberá inducir a error al usuario final.","Los criterios utilizados para ordenar las opciones de desplazamiento de los diferentes modos de transporte, o combinaciones de estos, o ambas cosas, no estarán basados en ningún factor directa o indirectamente relacionado con la identidad del usuario de datos o del usuario final o, si la hubiera, la consideración comercial relacionada con la reutilización de los datos.",REUSE,Usuario de datos / proveedor de servicio,Usuarios finales,MANDATORY_DUTY,TRUE,FALSE,,PASS,La proposición se contrasta con el source fact literal disponible.,PASS,Una proposición resultante de la división humana explícita.,RESOLVED,"La disposición predica la regla del sujeto textual indicado, sin identificar expresamente una categoría única de actor jurídicamente responsable. Se aplica la decisión humana conservadora; no se infiere actor operativo.",NOT_APPLICABLE,No se configura deber condicional.,NONE,,,,,,FALSE,,,,NONE,,READY,NOT_REQUIRED,MIXED,Combina evidencia técnica/documental o criterio cualitativo.,FALSE,NOT_MATERIALIZED,Hijo documental nuevo; no persistido.,NEEDS_SPLIT,Separar criterios evaluables antes de materializar.,atomicidad; actor,,SPLIT,,G2-037-B,G2-037,A08-P02-001-02-B,UNSPECIFIED_IN_PROVISION,Usuarios finales,,APPROVED_WITH_CHANGES_PENDING_MATERIALIZATION,Decisión humana: actor conservador y/o división atómica y/o METADATA_CORRECTION según informes específicos.,PROHIBITED_RANKING_FACTORS,TRUE,,"Los criterios utilizados para ordenar las opciones de desplazamiento de los diferentes modos de transporte, o combinaciones de estos, o ambas cosas","Los criterios utilizados para ordenar las opciones de desplazamiento de los diferentes modos de transporte, o combinaciones de estos, o ambas cosas",,INSERT_NEW
EU-2017-1926-CAND-A08-P02-001,GATE_1_ATOMIC_PROPOSAL,EU-REG-2017-1926,EU-2017-1926-ART08,"Artículo 8, apartado 2",EU-2017-1926-SF-A08-P02,"Los datos a que se hace referencia en el apartado 1 deberán reutilizarse de manera neutral sin discriminación o parcialidad alguna con respecto al titular de los datos. Los criterios utilizados para ordenar las opciones de desplazamiento de los diferentes modos de transporte, o combinaciones de estos, o ambas cosas, deberán ser transparentes y no estar basados en ningún factor directa o indirectamente relacionado con la identidad del usuario de datos o del usuario final o, si la hubiera, la consideración comercial relacionada con la reutilización de los datos, y deberán aplicarse de forma no discriminatoria a todos los usuarios de datos o usuarios finales participantes. La primera presentación de itinerario de viaje no deberá inducir a error al usuario final.","Los criterios utilizados para ordenar las opciones de desplazamiento de los diferentes modos de transporte, o combinaciones de estos, o ambas cosas, deberán aplicarse de forma no discriminatoria a todos los usuarios de datos o usuarios finales participantes.",REUSE,Usuario de datos / proveedor de servicio,Usuarios finales,MANDATORY_DUTY,TRUE,FALSE,,PASS,La proposición se contrasta con el source fact literal disponible.,PASS,Una proposición resultante de la división humana explícita.,RESOLVED,"La disposición predica la regla del sujeto textual indicado, sin identificar expresamente una categoría única de actor jurídicamente responsable. Se aplica la decisión humana conservadora; no se infiere actor operativo.",NOT_APPLICABLE,No se configura deber condicional.,NONE,,,,,,FALSE,,,,NONE,,READY,NOT_REQUIRED,MIXED,Combina evidencia técnica/documental o criterio cualitativo.,FALSE,NOT_MATERIALIZED,Hijo documental nuevo; no persistido.,NEEDS_SPLIT,Separar criterios evaluables antes de materializar.,atomicidad; actor,,SPLIT,,G2-037-C,G2-037,A08-P02-001-02-C,UNSPECIFIED_IN_PROVISION,Usuarios finales,,APPROVED_WITH_CHANGES_PENDING_MATERIALIZATION,Decisión humana: actor conservador y/o división atómica y/o METADATA_CORRECTION según informes específicos.,NON_DISCRIMINATORY_APPLICATION,TRUE,,"Los criterios utilizados para ordenar las opciones de desplazamiento de los diferentes modos de transporte, o combinaciones de estos, o ambas cosas","Los criterios utilizados para ordenar las opciones de desplazamiento de los diferentes modos de transporte, o combinaciones de estos, o ambas cosas",,INSERT_NEW
EU-2017-1926-CAND-A08-P02-001,GATE_1_ATOMIC_PROPOSAL,EU-REG-2017-1926,EU-2017-1926-ART08,"Artículo 8, apartado 2",EU-2017-1926-SF-A08-P02,"Los datos a que se hace referencia en el apartado 1 deberán reutilizarse de manera neutral sin discriminación o parcialidad alguna con respecto al titular de los datos. Los criterios utilizados para ordenar las opciones de desplazamiento de los diferentes modos de transporte, o combinaciones de estos, o ambas cosas, deberán ser transparentes y no estar basados en ningún factor directa o indirectamente relacionado con la identidad del usuario de datos o del usuario final o, si la hubiera, la consideración comercial relacionada con la reutilización de los datos, y deberán aplicarse de forma no discriminatoria a todos los usuarios de datos o usuarios finales participantes. La primera presentación de itinerario de viaje no deberá inducir a error al usuario final.",La primera presentación de itinerario de viaje no inducirá a error al usuario final.,REUSE,Usuario de datos / proveedor de servicio,Usuarios finales,MANDATORY_DUTY,TRUE,FALSE,,PASS,La proposición se contrasta con el source fact literal disponible.,PASS,Una proposición evaluable.,RESOLVED,"La disposición predica la regla del sujeto textual indicado, sin identificar expresamente una categoría única de actor jurídicamente responsable. Se aplica la decisión humana conservadora; no se infiere actor operativo.",NOT_APPLICABLE,No se configura deber condicional.,NONE,,,,,,FALSE,,,,NONE,,READY,NOT_REQUIRED,MIXED,Combina evidencia técnica/documental o criterio cualitativo.,FALSE,NOT_MATERIALIZED,Sin fila equivalente por proposed_requirement_id.,NEEDS_HUMAN_CHANGE,"Requiere decisión humana sobre fidelidad, actor, condición o fila existente.",actor,,SPLIT,,G2-038,G2-038,A08-P02-001-03,UNSPECIFIED_IN_PROVISION,Usuarios finales,,APPROVED_WITH_CHANGES_PENDING_MATERIALIZATION,Decisión humana: actor conservador y/o división atómica y/o METADATA_CORRECTION según informes específicos.,,TRUE,,La primera presentación de itinerario de viaje,La primera presentación de itinerario de viaje,,INSERT_NEW
EU-2017-1926-CAND-A08-P03-001,GATE_1_ATOMIC_PROPOSAL,EU-REG-2017-1926,EU-2017-1926-ART08,"Artículo 8, apartado 3",EU-2017-1926-SF-A08-P03,"Cuando se reutilicen los datos estáticos, históricos, observados y dinámicos de desplazamientos y tráfico, se indicará la fuente de dichos datos, si el titular de datos así lo solicita. Se indicará asimismo el intervalo de actualización de los datos estáticos, históricos, observados y, cuando sea posible, dinámicos.","Cuando se reutilicen los datos de desplazamientos y tráfico, se indicará su fuente si el titular de datos así lo solicita.",METADATA,Usuario de datos,Usuarios de datos y finales,CONDITIONAL_MANDATORY_DUTY,TRUE,TRUE,Cuando se reutilicen los datos y el titular de datos solicite la indicación de la fuente.,PASS,La proposición se contrasta con el source fact literal disponible.,PASS,Una proposición evaluable.,PASS,Actor conservado según sujeto expreso de la fuente.,PASS,Condición expresada.,NONE,,,,,,FALSE,,,,NONE,,READY,NOT_REQUIRED,MIXED,Combina evidencia técnica/documental o criterio cualitativo.,FALSE,NOT_MATERIALIZED,Sin fila equivalente por proposed_requirement_id.,READY_FOR_MATERIALIZATION,Propuesta trazable para revisión humana; no implica aprobación.,,,SPLIT,,G2-039,G2-039,A08-P03-001-01,Usuario de datos,Usuarios de datos y finales,,APPROVED_PENDING_MATERIALIZATION,"Aprobación humana documental de la propuesta existente, sin reabrir interpretación ni materializar.",,TRUE,,,,,INSERT_NEW
EU-2017-1926-CAND-A08-P03-001,GATE_1_ATOMIC_PROPOSAL,EU-REG-2017-1926,EU-2017-1926-ART08,"Artículo 8, apartado 3",EU-2017-1926-SF-A08-P03,"Cuando se reutilicen los datos estáticos, históricos, observados y dinámicos de desplazamientos y tráfico, se indicará la fuente de dichos datos, si el titular de datos así lo solicita. Se indicará asimismo el intervalo de actualización de los datos estáticos, históricos, observados y, cuando sea posible, dinámicos.","Cuando se reutilicen los datos, se indicará su intervalo de actualización; para los datos dinámicos, solo cuando sea posible.",METADATA,Usuario de datos,Usuarios de datos y finales,CONDITIONAL_MANDATORY_DUTY,TRUE,TRUE,Cuando se reutilicen los datos; la indicación del intervalo para datos dinámicos se exige cuando sea posible.,PASS,La proposición se contrasta con el source fact literal disponible.,PASS,Una proposición evaluable.,PASS,Actor conservado según sujeto expreso de la fuente.,PASS,Condición expresada.,NONE,,,,,,FALSE,,,,NONE,,READY,NOT_REQUIRED,MIXED,Combina evidencia técnica/documental o criterio cualitativo.,FALSE,NOT_MATERIALIZED,Sin fila equivalente por proposed_requirement_id.,READY_FOR_MATERIALIZATION,Propuesta trazable para revisión humana; no implica aprobación.,,,SPLIT,,G2-040,G2-040,A08-P03-001-02,Usuario de datos,Usuarios de datos y finales,,APPROVED_PENDING_MATERIALIZATION,"Aprobación humana documental de la propuesta existente, sin reabrir interpretación ni materializar.",,TRUE,,,,,INSERT_NEW
EU-2017-1926-CAND-A09-P01-001,GATE_1_ATOMIC_PROPOSAL,EU-REG-2017-1926,EU-2017-1926-ART09,"Artículo 9, apartado 1",EU-2017-1926-SF-A09-P01,Los Estados miembros evaluarán si los titulares de datos y los proveedores de servicios de información sobre desplazamientos cumplen los requisitos establecidos en los artículos 3 a 8.,Los Estados miembros evaluarán el cumplimiento por titulares y proveedores de los requisitos de los artículos 3 a 8.,ASSESSMENT,Estado miembro,—,ASSESSMENT_DUTY,TRUE,FALSE,,PASS,La proposición se contrasta con el source fact literal disponible.,PASS,Una proposición evaluable.,PASS,Actor conservado según sujeto expreso de la fuente.,NOT_APPLICABLE,No se configura deber condicional.,NONE,,,,,,FALSE,,,,NONE,,READY,NOT_REQUIRED,PROCEDURAL,Evidencia institucional/procedimental; no determina cumplimiento automáticamente.,FALSE,NOT_MATERIALIZED,Sin fila equivalente por proposed_requirement_id.,READY_FOR_MATERIALIZATION,Propuesta trazable para revisión humana; no implica aprobación.,,,APPROVE_AS_IS,,G2-041,G2-041,EU-2017-1926-PROP-A09-P01-001,Estado miembro,—,,APPROVED_PENDING_MATERIALIZATION,"Aprobación humana documental de la propuesta existente, sin reabrir interpretación ni materializar.",,TRUE,,,,,INSERT_NEW
EU-2017-1926-CAND-A10-P01-001,GATE_1_ATOMIC_PROPOSAL,EU-REG-2017-1926,EU-2017-1926-ART10,"Artículo 10, apartado 1",EU-2017-1926-SF-A10-P01,"A más tardar el 1 de diciembre de 2019, los Estados miembros remitirán a la Comisión un informe sobre las posibles medidas emprendidas para establecer un punto de acceso nacional y sobre las modalidades de su funcionamiento.","Los Estados miembros deben remitir a la Comisión un informe sobre medidas para establecer el punto de acceso nacional y sus modalidades de funcionamiento, a más tardar el 1 de diciembre de 2019.",REPORTING,Estado miembro,Comisión Europea,REPORTING_DUTY,TRUE,FALSE,,PASS,La proposición se contrasta con el source fact literal disponible.,PASS,Una proposición evaluable.,PASS,Actor conservado según sujeto expreso de la fuente.,NOT_APPLICABLE,No se configura deber condicional.,EXPLICIT_DATE,2019-12-01,"A más tardar el 1 de diciembre de 2019, los Estados miembros remitirán a la Comisión un informe sobre las posibles medidas emprendidas para establecer un punto de acceso nacional y sobre las modalidades de su funcionamiento.",,,,FALSE,,,,NONE,,READY,NOT_REQUIRED,PROCEDURAL,Evidencia institucional/procedimental; no determina cumplimiento automáticamente.,FALSE,ALREADY_MATERIALIZED_MATCH,"Comparación read-only de descripción, provision, clase, actor, modalidad y fecha; deadline asociada comprobada.",READY_FOR_MATERIALIZATION,Propuesta trazable para revisión humana; no implica aprobación.,,"Artículo 10, apartado 1",APPROVE_AS_IS,,G2-042,G2-042,EU-2017-1926-PROP-A10-P01-001,Estado miembro,Comisión Europea,2019-12-01,APPROVED_PENDING_MATERIALIZATION,"Aprobación humana documental de la propuesta existente, sin reabrir interpretación ni materializar.",,TRUE,,,,,REUSE_EXISTING
EU-2017-1926-CAND-A10-P02-001,GATE_1_ATOMIC_PROPOSAL,EU-REG-2017-1926,EU-2017-1926-ART10,"Artículo 10, apartado 2",EU-2017-1926-SF-A10-P02,"Los Estados miembros proporcionarán a la Comisión la siguiente información dentro de los informes sobre los progresos realizados a que se refiere el artículo 17, apartado 3, de la Directiva 2010/40/UE: a) los avances realizados en términos de accesibilidad e intercambio de los tipos de datos de desplazamientos y tráfico establecidos en el anexo; b) la cobertura geográfica de los datos que figuran en el anexo accesibles a través del punto de acceso nacional establecido de conformidad con el artículo 3, y su calidad, incluidos los criterios utilizados para definir esa calidad y los medios utilizados para supervisarla; c) la conexión de servicios de información sobre desplazamientos; d) los resultados de la evaluación del cumplimiento a que se refiere el artículo 9, apartado 1; y e) cuando proceda, una descripción de los cambios en el punto de acceso nacional establecido de conformidad con el artículo 3.","Los Estados miembros proporcionarán en los informes de progreso información sobre avances, cobertura/calidad, conexiones, resultados de evaluación y cambios del NAP cuando proceda.",REPORTING,Estado miembro,Comisión Europea,REPORTING_DUTY,TRUE,TRUE,"Cuando proceda, se incluirá una descripción de los cambios en el punto de acceso nacional.",PASS,La proposición se contrasta con el source fact literal disponible.,PASS,Una proposición evaluable.,PASS,Actor conservado según sujeto expreso de la fuente.,PASS,Condición expresada.,EXTERNAL_SCHEDULE_REFERENCE,,"Dentro de los informes sobre los progresos realizados a que se refiere el artículo 17, apartado 3, de la Directiva 2010/40/UE. No determinar periodicidad aquí.",,,"e) cuando proceda, cambios del NAP",TRUE,Directiva 2010/40/UE; Directiva 2010/40/UE,"informes sobre los progresos realizados a que se refiere el artículo 17, apartado 3; Artículo 17, apartado 3 (periodicidad no interpretada)",REPORTING_FRAMEWORK,PARTIAL,Núcleo legal identificable; detalle externo pendiente y no interpretado.,READY,REQUIRED_LATER,PROCEDURAL,Evidencia institucional/procedimental; no determina cumplimiento automáticamente.,FALSE,NOT_MATERIALIZED,Sin fila equivalente por proposed_requirement_id.,READY_WITH_EXTERNAL_DEPENDENCY,Núcleo del Reglamento identificable; detalle externo pendiente.,dependencia externa parcial,,HOLD_EXTERNAL,Directiva 2010/40/UE,G2-043,G2-043,EU-2017-1926-PROP-A10-P02-001,Estado miembro,Comisión Europea,"Dentro de los informes sobre los progresos realizados a que se refiere el artículo 17, apartado 3, de la Directiva 2010/40/UE. No determinar periodicidad aquí.",APPROVED_WITH_EXTERNAL_DEPENDENCY,"Núcleo legal aprobado; detalle externo no interpretado, dependencia PARTIAL conservada.",,TRUE,,,,,INSERT_NEW
EU-2017-1926-PROP-A09-P02-DOCUMENT_REQUEST,GATE_1_RECONCILED_MISSING_PROPOSAL,EU-REG-2017-1926,EU-2017-1926-ART09,"Artículo 9, apartado 2",EU-2017-1926-SF-A09-P02,"A fin de llevar a cabo la evaluación a que se refiere el apartado 1, las autoridades competentes de los Estados miembros podrán solicitar a los titulares de datos y a los proveedores de servicios de información sobre desplazamientos los siguientes documentos: a) una descripción de los datos de desplazamientos y tráfico accesibles a través del punto de acceso nacional, la información sobre su calidad y las condiciones de reutilización de esos datos; b) una descripción de los servicios de información sobre desplazamientos disponibles, incluidas, en su caso, las conexiones con otros servicios; c) una declaración acompañada de los justificantes correspondientes del cumplimiento de los requisitos establecidos en los artículos 3 a 8; d) la licencia o los acuerdos contractuales con proveedores de servicios de información sobre desplazamientos.","A fin de llevar a cabo la evaluación del artículo 9(1), las autoridades competentes de los Estados miembros podrán solicitar a titulares de datos y proveedores de servicios de información sobre desplazamientos: a) descripción de los datos accesibles a través del NAP, información sobre su calidad y condiciones de reutilización; b) descripción de los servicios de información sobre desplazamientos disponibles y, cuando proceda, sus conexiones con otros servicios; c) declaración y justificantes correspondientes del cumplimiento de los artículos 3 a 8; d) licencia o acuerdos contractuales con proveedores de servicios de información sobre desplazamientos.",PROCEDURAL_POWER,Autoridades competentes de los Estados miembros,Evaluación de cumplimiento del artículo 9(1),PROCEDURAL_POWER,FALSE,FALSE,,PASS,La proposición se contrasta con el source fact literal disponible.,PASS,Una proposición evaluable.,PASS,Actor conservado según sujeto expreso de la fuente.,NOT_APPLICABLE,No se configura deber condicional.,NONE,,,,,,FALSE,,,,NONE,,READY,NOT_REQUIRED,PROCEDURAL,Evidencia institucional/procedimental; no determina cumplimiento automáticamente.,FALSE,NOT_MATERIALIZED,Sin fila equivalente por proposed_requirement_id.,READY_FOR_MATERIALIZATION,Propuesta trazable para revisión humana; no implica aprobación.,,,MISSING_PROPOSAL,,G2-044,G2-044,EU-2017-1926-PROP-A09-P02-DOCUMENT_REQUEST,Autoridades competentes de los Estados miembros,Evaluación de cumplimiento del artículo 9(1),,APPROVED_PENDING_MATERIALIZATION,"Aprobación humana documental de la propuesta existente, sin reabrir interpretación ni materializar.",,TRUE,,,,,INSERT_NEW
EU-2017-1926-PROP-A09-P03-RANDOM_CHECKS,GATE_1_RECONCILED_MISSING_PROPOSAL,EU-REG-2017-1926,EU-2017-1926-ART09,"Artículo 9, apartado 3",EU-2017-1926-SF-A09-P03,"Los Estados miembros efectuarán comprobaciones aleatorias de la exactitud de las declaraciones mencionadas en el apartado 2, letra c).","Los Estados miembros efectuarán comprobaciones aleatorias de la exactitud de las declaraciones mencionadas en el artículo 9, apartado 2, letra c).",VERIFICATION,Estados miembros,,VERIFICATION_DUTY,TRUE,FALSE,,PASS,La proposición se contrasta con el source fact literal disponible.,PASS,Una proposición evaluable.,PASS,Actor conservado según sujeto expreso de la fuente.,NOT_APPLICABLE,No se configura deber condicional.,NONE,,,,,,FALSE,,,,NONE,,READY,NOT_REQUIRED,PROCEDURAL,Evidencia institucional/procedimental; no determina cumplimiento automáticamente.,FALSE,NOT_MATERIALIZED,Sin fila equivalente por proposed_requirement_id.,READY_FOR_MATERIALIZATION,Propuesta trazable para revisión humana; no implica aprobación.,fact literal sin ID persistido en DuckDB; trazado al corpus local y Gate 1,,MISSING_PROPOSAL,,G2-045,G2-045,EU-2017-1926-PROP-A09-P03-RANDOM_CHECKS,Estados miembros,,,READY_PENDING_SOURCE_FACT_PERSISTENCE,Deber aprobado; falta persistir el source fact aprobado por separado.,,FALSE,SOURCE_FACT_NOT_PERSISTED,,,EU-2017-1926-SF-A09-P03,INSERT_NEW
